state_number,consecutive_number,vehicle_number,person_number,person_type,person_type_name,age,sex,marked_crosswalk_present,sidewalk_present,school_zone,crash_type_pedestrian,crash_type_pedestrian_name,crash_type_bicycle,crash_type_bicycle_name,crash_location_pedestrian,crash_location_bicycle,pedestrian_position,bicyclist_position,pedestrian_initial_direction_of_travel,bicyclist_initial_direction_of_travel,motorist_initial_direction_of_travel,motorist_maneuver,intersection_leg,pedestrian_scenario,pedestrian_scenario_name,crash_group_pedestrian,crash_group_pedestrian_name,crash_group_bicycle,crash_group_bicycle_name
This data element identifies the state in which the crash occurred. The codes are from the General Services Administration’s (GSA) publication of worldwide Geographic Location Codes (GLC). For more info on the codes| please look at <C1/V1/D1/PC1/P1/NM1 State Number> section in the pdf: https://crashstats.nhtsa.dot.gov/Api/Public/ViewPublication/812315,This data element is the unique case number assigned to each crash. It appears on each data file and is used to merge information from the data files together. xxxxxx Two Characters for State Code followed by Four Characters for Case Number,This data element is the consecutive number assigned to each vehicle in the case. This data element appears on each vehicle level data file and is used in conjunction with the ST_CASE data element to merge information from vehicle level data files. 000-999 Assigned Number of Motor Vehicle,This data element is the consecutive number assigned to each person in the case (i.e.| each occupant| pedestrian| or non-motorists involved in the crash). This data element appears on each person level data file and is used in conjunction with the ST_CASE data element (and sometimes the VEH_NO data element) to merge information from person level data files. 001-999 Assigned Person Number,This data element describes the role of this person involved in the crash. For more info on the codes| please look at P7/NM7 Person Type section in the pdf: https://crashstats.nhtsa.dot.gov/Api/Public/ViewPublication/812315,This data element describes the role of this person involved in the crash. For more info on the codes| please look at P7/NM7 Person Type section in the pdf: https://crashstats.nhtsa.dot.gov/Api/Public/ViewPublication/812315,This data element identifies the person’s age| in years| with respect to the person's last birthday. 000 Less than One Year 001-120 Age of the Individual in Years 998 Not Reported 999 Unknown,This data element identifies the sex of the person involved in the crash. 1 Male 2 Female 8 Not Reported 9 Unknown,This data element indicates if a marked crosswalk was present at the crash site. 0 None Noted 1 Yes 9 Unknown,This data element indicates if a sidewalk was present at the crash site. 0 None Noted 1 Yes 9 Unknown,This data element indicates if the crash occurred in a school zone. 0 None Noted 1 Yes 9 Unknown,This data element summarizes the circumstances of the crash for this pedestrian. For more info on the codes| please look at NM9-PB30 Crash Type – Pedestrian section in the pdf: https://crashstats.nhtsa.dot.gov/Api/Public/ViewPublication/812315,This data element summarizes the circumstances of the crash for this pedestrian. For more info on the codes| please look at NM9-PB30 Crash Type – Pedestrian section in the pdf: https://crashstats.nhtsa.dot.gov/Api/Public/ViewPublication/812315,This data element summarizes the circumstances of the crash for this bicyclist. For more info on the codes| please look at NM9-PB30B Crash Type – Bicycle section in the pdf: https://crashstats.nhtsa.dot.gov/Api/Public/ViewPublication/812315,This data element summarizes the circumstances of the crash for this bicyclist. For more info on the codes| please look at NM9-PB30B Crash Type – Bicycle section in the pdf: https://crashstats.nhtsa.dot.gov/Api/Public/ViewPublication/812315,This data element identifies where the pedestrian crash occurred with respect to an intersection. 1 At Intersection 2 Intersection-Related 3 Not At Intersection 4 Non-Trafficway Location 7 Not a Pedestrian 9 Unknown/Insufficient Information,This data element identifies where the bicyclist crash occurred with respect to an intersection. 1 At Intersection 2 Intersection-Related 3 Not At Intersection 4 Non-Trafficway Location 7 Not a Cyclist 9 Unknown/Insufficient Information,This data element identifies the position/location of the pedestrian with respect to the trafficway when contacted. 1 Intersection Area 2 Crosswalk Area 3 Travel Lane 4 Paved Shoulder/Bicycle Lane/Parking Lane 5 Sidewalk/Shared-Use Path/Driveway Access 6 Unpaved Right-of-Way 7 Non-Trafficway – Driveway 8 Non-Trafficway – Parking Lot/Other 9 Other/Unknown 77 Not a Pedestrian,This data element identifies the position/location of the bicyclist with respect to the trafficway when contacted. 1 Travel Lane 2 Bicycle Lane/Paved Shoulder/Parking Lane 3 Sidewalk/Crosswalk/Driveway Access 4 Shared-Use Path 5 Non-Trafficway – Driveway 6 Non-Trafficway – Parking Lot/Other 7 Not a Cyclist 8 Other 9 Unknown,This data element identifies the initial direction of travel of the pedestrian prior to being contacted in the crash. 1 Northbound 2 Eastbound 3 Southbound 4 Westbound 7 Not a Pedestrian 8 Not Applicable 9 Unknown Initial Direction of Travel,This data element identifies the initial travel direction of the bicyclist with respect to the flow of traffic prior to being contacted in the crash. 1 With Traffic 2 Facing Traffic 3 Not Applicable 7 Not a Cyclist 9 Unknown,This data element identifies the initial direction of travel of the motorist prior to being involved in a pedestrian crash. 1 Northbound 2 Eastbound 3 Southbound 4 Westbound 7 Not a Pedestrian 8 Not Applicable 9 Unknown Initial Direction of Travel,This data element identifies if the motorist was engaged in a turning maneuver at an intersection prior to being involved in a pedestrian crash. The data element indicates the maneuver being made by the motorist at the time of a pedestrian collision. 1 Left Turn 2 Right Turn 3 Straight Through 7 Not a Pedestrian 8 Not Applicable 9 Unknown Motorist Maneuver,The data element identifies the leg of the intersection where the pedestrian crash occurred. 1 Nearside 2 Farside 7 Not a Pedestrian 8 Not Applicable 9 Unknown,This data element identifies the location and travel directions of the motorist and pedestrian for those crashes that occur at intersections. This data element summarizes the movements of the pedestrian and motorist in an intersection area. For more info on the codes| please look at NM9-PB37 Pedestrian Scenario section in the pdf: https://crashstats.nhtsa.dot.gov/Api/Public/ViewPublication/812315,This data element identifies the location and travel directions of the motorist and pedestrian for those crashes that occur at intersections. This data element summarizes the movements of the pedestrian and motorist in an intersection area. For more info on the codes| please look at NM9-PB37 Pedestrian Scenario section in the pdf: https://crashstats.nhtsa.dot.gov/Api/Public/ViewPublication/812315,This data element provides general groupings of the more specific individual Pedestrian Crash Types. For more info on the codes| please look at NM9-PB38 Crash Group – Pedestrian section in the pdf: https://crashstats.nhtsa.dot.gov/Api/Public/ViewPublication/812315,This data element provides general groupings of the more specific individual Pedestrian Crash Types. For more info on the codes| please look at NM9-PB38 Crash Group – Pedestrian section in the pdf: https://crashstats.nhtsa.dot.gov/Api/Public/ViewPublication/812315,This data element provides general groupings of the more specific individual Bicyclist Crash Types. For more info on the codes| please look at NM9-PB38B Crash Group – Bicycle section in the pdf: https://crashstats.nhtsa.dot.gov/Api/Public/ViewPublication/812315,This data element provides general groupings of the more specific individual Bicyclist Crash Types. For more info on the codes| please look at NM9-PB38B Crash Group – Bicycle section in the pdf: https://crashstats.nhtsa.dot.gov/Api/Public/ViewPublication/812315
4,40333,0,1,5,Pedestrian,23,Male,Yes,Yes,None Noted,313,Lying in Roadway,0,Not a Cyclist,At Intersection,Not a Cyclist,Crosswalk Area,Not a Cyclist,Unknown Initial Direction of Travel,Not a Cyclist,Westbound,Straight Through,Nearside,1c,MOTORIST TRAVELING STRAIGHT THROUGH – CRASH OCCURRED ON NEAR (APPROACH) SIDE OF INTERSECTION Pedestrian Within Crosswalk Area  Approach Direction Unknown.,600,Pedestrian in Roadway – Circumstances Unknown,0,Not a Cyclist,
26,260736,0,1,5,Pedestrian,42,Male,None Noted,Yes,None Noted,620,Walking in Roadway,0,Not a Cyclist,At Intersection,Not a Cyclist,Intersection Area,Not a Cyclist,Unknown Initial Direction of Travel,Not a Cyclist,Westbound,Straight Through,Farside,4c,MOTORIST TRAVELING STRAIGHT THROUGH – CRASH OCCURRED ON FAR SIDE OF INTERSECTION Pedestrian Outside Crosswalk Area  Approach Direction Unknown.,600,Pedestrian in Roadway – Circumstances Unknown,0,Not a Cyclist,
17,170264,0,1,5,Pedestrian,62,Female,Yes,Yes,None Noted,313,Lying in Roadway,0,Not a Cyclist,At Intersection,Not a Cyclist,Crosswalk Area,Not a Cyclist,Unknown Initial Direction of Travel,Not a Cyclist,Northbound,Right Turn,Farside,7c,MOTORIST TURNING RIGHT – CRASH OCCURRED ON FAR SIDE OF INTERSECTION Pedestrian Within Crosswalk Area  Approach Direction Unknown.,600,Pedestrian in Roadway – Circumstances Unknown,0,Not a Cyclist,
25,250287,0,1,5,Pedestrian,50,Male,None Noted,Yes,None Noted,620,Walking in Roadway,0,Not a Cyclist,At Intersection,Not a Cyclist,Intersection Area,Not a Cyclist,Southbound,Not a Cyclist,Eastbound,Straight Through,Farside,3a,MOTORIST TRAVELING STRAIGHT THROUGH – CRASH OCCURRED ON FAR SIDE OF INTERSECTION Pedestrian Within Crosswalk Area  Traveled From Motorist’s Left.,600,Pedestrian in Roadway – Circumstances Unknown,0,Not a Cyclist,
27,270180,0,1,5,Pedestrian,71,Male,Yes,Yes,None Noted,620,Walking in Roadway,0,Not a Cyclist,At Intersection,Not a Cyclist,Crosswalk Area,Not a Cyclist,Unknown Initial Direction of Travel,Not a Cyclist,Eastbound,Straight Through,Farside,3c,MOTORIST TRAVELING STRAIGHT THROUGH – CRASH OCCURRED ON FAR SIDE OF INTERSECTION Pedestrian Within Crosswalk Area  Approach Direction Unknown.,600,Pedestrian in Roadway – Circumstances Unknown,0,Not a Cyclist,
8,80099,0,1,5,Pedestrian,31,Male,Yes,Yes,None Noted,741,Dash,0,Not a Cyclist,At Intersection,Not a Cyclist,Crosswalk Area,Not a Cyclist,Westbound,Not a Cyclist,Southbound,Straight Through,Farside,3a,MOTORIST TRAVELING STRAIGHT THROUGH – CRASH OCCURRED ON FAR SIDE OF INTERSECTION Pedestrian Within Crosswalk Area  Traveled From Motorist’s Left.,740,Dash/Dart-Out,0,Not a Cyclist,
4,40545,0,1,5,Pedestrian,64,Male,Yes,Yes,None Noted,741,Dash,0,Not a Cyclist,At Intersection,Not a Cyclist,Crosswalk Area,Not a Cyclist,Southbound,Not a Cyclist,Eastbound,Straight Through,Farside,3a,MOTORIST TRAVELING STRAIGHT THROUGH – CRASH OCCURRED ON FAR SIDE OF INTERSECTION Pedestrian Within Crosswalk Area  Traveled From Motorist’s Left.,740,Dash/Dart-Out,0,Not a Cyclist,
42,420533,0,1,5,Pedestrian,48,Male,None Noted,Yes,None Noted,741,Dash,0,Not a Cyclist,At Intersection,Not a Cyclist,Intersection Area,Not a Cyclist,Not Applicable,Not a Cyclist,Southbound,Straight Through,Unknown,8,Not Applicable,740,Dash/Dart-Out,0,Not a Cyclist,
33,330003,0,1,5,Pedestrian,51,Male,None Noted,Yes,None Noted,741,Dash,0,Not a Cyclist,At Intersection,Not a Cyclist,Intersection Area,Not a Cyclist,Westbound,Not a Cyclist,Northbound,Straight Through,Farside,4b,MOTORIST TRAVELING STRAIGHT THROUGH – CRASH OCCURRED ON FAR SIDE OF INTERSECTION Pedestrian Outside Crosswalk Area  Traveled From Motorist’s Right.,740,Dash/Dart-Out,0,Not a Cyclist,
36,360820,0,1,5,Pedestrian,68,Male,Yes,Yes,None Noted,741,Dash,0,Not a Cyclist,At Intersection,Not a Cyclist,Crosswalk Area,Not a Cyclist,Northbound,Not a Cyclist,Eastbound,Straight Through,Farside,3b,MOTORIST TRAVELING STRAIGHT THROUGH – CRASH OCCURRED ON FAR SIDE OF INTERSECTION Pedestrian Within Crosswalk Area  Traveled From Motorist’s Right.,740,Dash/Dart-Out,0,Not a Cyclist,
39,390087,0,1,5,Pedestrian,34,Male,Yes,Yes,None Noted,741,Dash,0,Not a Cyclist,At Intersection,Not a Cyclist,Crosswalk Area,Not a Cyclist,Eastbound,Not a Cyclist,Southbound,Straight Through,Farside,3b,MOTORIST TRAVELING STRAIGHT THROUGH – CRASH OCCURRED ON FAR SIDE OF INTERSECTION Pedestrian Within Crosswalk Area  Traveled From Motorist’s Right.,740,Dash/Dart-Out,0,Not a Cyclist,
36,360467,0,1,5,Pedestrian,30,Female,Yes,Yes,None Noted,742,Dart-Out,0,Not a Cyclist,At Intersection,Not a Cyclist,Crosswalk Area,Not a Cyclist,Westbound,Not a Cyclist,Northbound,Straight Through,Farside,3b,MOTORIST TRAVELING STRAIGHT THROUGH – CRASH OCCURRED ON FAR SIDE OF INTERSECTION Pedestrian Within Crosswalk Area  Traveled From Motorist’s Right.,740,Dash/Dart-Out,0,Not a Cyclist,
47,470609,0,1,8,Person on Personal Conveyances,70,Male,None Noted,Yes,None Noted,742,Dart-Out,0,Not a Cyclist,At Intersection,Not a Cyclist,Intersection Area,Not a Cyclist,Westbound,Not a Cyclist,Northbound,Straight Through,Farside,3b,MOTORIST TRAVELING STRAIGHT THROUGH – CRASH OCCURRED ON FAR SIDE OF INTERSECTION Pedestrian Within Crosswalk Area  Traveled From Motorist’s Right.,740,Dash/Dart-Out,0,Not a Cyclist,
19,190238,0,1,5,Pedestrian,71,Male,Yes,Yes,None Noted,741,Dash,0,Not a Cyclist,At Intersection,Not a Cyclist,Crosswalk Area,Not a Cyclist,Westbound,Not a Cyclist,Northbound,Straight Through,Farside,3b,MOTORIST TRAVELING STRAIGHT THROUGH – CRASH OCCURRED ON FAR SIDE OF INTERSECTION Pedestrian Within Crosswalk Area  Traveled From Motorist’s Right.,740,Dash/Dart-Out,0,Not a Cyclist,
39,391028,0,1,5,Pedestrian,34,Female,Yes,Yes,None Noted,741,Dash,0,Not a Cyclist,At Intersection,Not a Cyclist,Crosswalk Area,Not a Cyclist,Northbound,Not a Cyclist,Eastbound,Straight Through,Farside,3b,MOTORIST TRAVELING STRAIGHT THROUGH – CRASH OCCURRED ON FAR SIDE OF INTERSECTION Pedestrian Within Crosswalk Area  Traveled From Motorist’s Right.,740,Dash/Dart-Out,0,Not a Cyclist,
39,391028,0,2,5,Pedestrian,35,Male,Yes,Yes,None Noted,741,Dash,0,Not a Cyclist,At Intersection,Not a Cyclist,Crosswalk Area,Not a Cyclist,Westbound,Not a Cyclist,Northbound,Straight Through,Farside,3b,MOTORIST TRAVELING STRAIGHT THROUGH – CRASH OCCURRED ON FAR SIDE OF INTERSECTION Pedestrian Within Crosswalk Area  Traveled From Motorist’s Right.,740,Dash/Dart-Out,0,Not a Cyclist,
23,230110,0,1,5,Pedestrian,51,Female,Yes,Yes,None Noted,741,Dash,0,Not a Cyclist,At Intersection,Not a Cyclist,Crosswalk Area,Not a Cyclist,Eastbound,Not a Cyclist,Southbound,Straight Through,Farside,3b,MOTORIST TRAVELING STRAIGHT THROUGH – CRASH OCCURRED ON FAR SIDE OF INTERSECTION Pedestrian Within Crosswalk Area  Traveled From Motorist’s Right.,740,Dash/Dart-Out,0,Not a Cyclist,
17,170719,0,1,5,Pedestrian,49,Female,Yes,Yes,None Noted,741,Dash,0,Not a Cyclist,At Intersection,Not a Cyclist,Other/Unknown,Not a Cyclist,Westbound,Not a Cyclist,Southbound,Straight Through,Nearside,1a,MOTORIST TRAVELING STRAIGHT THROUGH – CRASH OCCURRED ON NEAR (APPROACH) SIDE OF INTERSECTION Pedestrian Within Crosswalk Area  Traveled From Motorist’s Left.,740,Dash/Dart-Out,0,Not a Cyclist,
36,361039,0,1,5,Pedestrian,59,Male,Yes,Yes,None Noted,741,Dash,0,Not a Cyclist,At Intersection,Not a Cyclist,Crosswalk Area,Not a Cyclist,Unknown Initial Direction of Travel,Not a Cyclist,Eastbound,Straight Through,Nearside,1c,MOTORIST TRAVELING STRAIGHT THROUGH – CRASH OCCURRED ON NEAR (APPROACH) SIDE OF INTERSECTION Pedestrian Within Crosswalk Area  Approach Direction Unknown.,740,Dash/Dart-Out,0,Not a Cyclist,
39,390772,0,1,5,Pedestrian,22,Male,Yes,Yes,None Noted,741,Dash,0,Not a Cyclist,At Intersection,Not a Cyclist,Crosswalk Area,Not a Cyclist,Unknown Initial Direction of Travel,Not a Cyclist,Eastbound,Straight Through,Nearside,1c,MOTORIST TRAVELING STRAIGHT THROUGH – CRASH OCCURRED ON NEAR (APPROACH) SIDE OF INTERSECTION Pedestrian Within Crosswalk Area  Approach Direction Unknown.,740,Dash/Dart-Out,0,Not a Cyclist,
12,121882,0,1,5,Pedestrian,63,Male,None Noted,Yes,None Noted,741,Dash,0,Not a Cyclist,At Intersection,Not a Cyclist,Intersection Area,Not a Cyclist,Unknown Initial Direction of Travel,Not a Cyclist,Northbound,Straight Through,Farside,4c,MOTORIST TRAVELING STRAIGHT THROUGH – CRASH OCCURRED ON FAR SIDE OF INTERSECTION Pedestrian Outside Crosswalk Area  Approach Direction Unknown.,740,Dash/Dart-Out,0,Not a Cyclist,
39,390773,0,1,5,Pedestrian,89,Male,None Noted,Yes,None Noted,742,Dart-Out,0,Not a Cyclist,At Intersection,Not a Cyclist,Other/Unknown,Not a Cyclist,Westbound,Not a Cyclist,Southbound,Straight Through,Nearside,2a,MOTORIST TRAVELING STRAIGHT THROUGH – CRASH OCCURRED ON NEAR (APPROACH) SIDE OF INTERSECTION Pedestrian Outside Crosswalk Area  Traveled From Motorist’s Left.,740,Dash/Dart-Out,0,Not a Cyclist,
17,170719,0,2,5,Pedestrian,43,Female,Yes,Yes,None Noted,741,Dash,0,Not a Cyclist,At Intersection,Not a Cyclist,Other/Unknown,Not a Cyclist,Westbound,Not a Cyclist,Southbound,Straight Through,Nearside,1a,MOTORIST TRAVELING STRAIGHT THROUGH – CRASH OCCURRED ON NEAR (APPROACH) SIDE OF INTERSECTION Pedestrian Within Crosswalk Area  Traveled From Motorist’s Left.,740,Dash/Dart-Out,0,Not a Cyclist,
20,200146,0,1,5,Pedestrian,61,Female,None Noted,Yes,None Noted,742,Dart-Out,0,Not a Cyclist,At Intersection,Not a Cyclist,Intersection Area,Not a Cyclist,Westbound,Not a Cyclist,Northbound,Straight Through,Nearside,2b,MOTORIST TRAVELING STRAIGHT THROUGH – CRASH OCCURRED ON NEAR (APPROACH) SIDE OF INTERSECTION Pedestrian Outside Crosswalk Area  Traveled From Motorist’s Right.,740,Dash/Dart-Out,0,Not a Cyclist,
45,450463,0,1,5,Pedestrian,28,Female,None Noted,Yes,None Noted,742,Dart-Out,0,Not a Cyclist,At Intersection,Not a Cyclist,Intersection Area,Not a Cyclist,Southbound,Not a Cyclist,Westbound,Straight Through,Nearside,2b,MOTORIST TRAVELING STRAIGHT THROUGH – CRASH OCCURRED ON NEAR (APPROACH) SIDE OF INTERSECTION Pedestrian Outside Crosswalk Area  Traveled From Motorist’s Right.,740,Dash/Dart-Out,0,Not a Cyclist,
9,90002,0,1,5,Pedestrian,51,Female,Yes,Yes,None Noted,741,Dash,0,Not a Cyclist,At Intersection,Not a Cyclist,Crosswalk Area,Not a Cyclist,Eastbound,Not a Cyclist,Northbound,Straight Through,Nearside,1a,MOTORIST TRAVELING STRAIGHT THROUGH – CRASH OCCURRED ON NEAR (APPROACH) SIDE OF INTERSECTION Pedestrian Within Crosswalk Area  Traveled From Motorist’s Left.,740,Dash/Dart-Out,0,Not a Cyclist,
49,490249,0,1,5,Pedestrian,14,Male,None Noted,Yes,None Noted,741,Dash,0,Not a Cyclist,At Intersection,Not a Cyclist,Crosswalk Area,Not a Cyclist,Eastbound,Not a Cyclist,Northbound,Straight Through,Nearside,1a,MOTORIST TRAVELING STRAIGHT THROUGH – CRASH OCCURRED ON NEAR (APPROACH) SIDE OF INTERSECTION Pedestrian Within Crosswalk Area  Traveled From Motorist’s Left.,740,Dash/Dart-Out,0,Not a Cyclist,
39,390624,0,1,5,Pedestrian,47,Male,Yes,Yes,None Noted,741,Dash,0,Not a Cyclist,At Intersection,Not a Cyclist,Crosswalk Area,Not a Cyclist,Southbound,Not a Cyclist,Eastbound,Straight Through,Nearside,1a,MOTORIST TRAVELING STRAIGHT THROUGH – CRASH OCCURRED ON NEAR (APPROACH) SIDE OF INTERSECTION Pedestrian Within Crosswalk Area  Traveled From Motorist’s Left.,740,Dash/Dart-Out,0,Not a Cyclist,
39,391017,0,1,5,Pedestrian,63,Female,Yes,Yes,None Noted,741,Dash,0,Not a Cyclist,At Intersection,Not a Cyclist,Crosswalk Area,Not a Cyclist,Northbound,Not a Cyclist,Westbound,Straight Through,Nearside,1a,MOTORIST TRAVELING STRAIGHT THROUGH – CRASH OCCURRED ON NEAR (APPROACH) SIDE OF INTERSECTION Pedestrian Within Crosswalk Area  Traveled From Motorist’s Left.,740,Dash/Dart-Out,0,Not a Cyclist,
49,490014,0,1,5,Pedestrian,21,Female,Yes,Yes,None Noted,741,Dash,0,Not a Cyclist,At Intersection,Not a Cyclist,Crosswalk Area,Not a Cyclist,Southbound,Not a Cyclist,Eastbound,Straight Through,Nearside,1a,MOTORIST TRAVELING STRAIGHT THROUGH – CRASH OCCURRED ON NEAR (APPROACH) SIDE OF INTERSECTION Pedestrian Within Crosswalk Area  Traveled From Motorist’s Left.,740,Dash/Dart-Out,0,Not a Cyclist,
17,170625,0,1,5,Pedestrian,60,Female,Yes,Yes,None Noted,741,Dash,0,Not a Cyclist,At Intersection,Not a Cyclist,Crosswalk Area,Not a Cyclist,Southbound,Not a Cyclist,Eastbound,Straight Through,Nearside,1a,MOTORIST TRAVELING STRAIGHT THROUGH – CRASH OCCURRED ON NEAR (APPROACH) SIDE OF INTERSECTION Pedestrian Within Crosswalk Area  Traveled From Motorist’s Left.,740,Dash/Dart-Out,0,Not a Cyclist,
17,170721,0,1,5,Pedestrian,68,Female,Yes,Yes,None Noted,741,Dash,0,Not a Cyclist,At Intersection,Not a Cyclist,Other/Unknown,Not a Cyclist,Westbound,Not a Cyclist,Southbound,Straight Through,Farside,4a,MOTORIST TRAVELING STRAIGHT THROUGH – CRASH OCCURRED ON FAR SIDE OF INTERSECTION Pedestrian Outside Crosswalk Area  Traveled From Motorist’s Left.,740,Dash/Dart-Out,0,Not a Cyclist,
4,40547,0,1,5,Pedestrian,27,Female,None Noted,Yes,None Noted,741,Dash,0,Not a Cyclist,At Intersection,Not a Cyclist,Other/Unknown,Not a Cyclist,Not Applicable,Not a Cyclist,Northbound,Straight Through,Unknown,8,Not Applicable,740,Dash/Dart-Out,0,Not a Cyclist,
4,40547,0,2,5,Pedestrian,35,Female,None Noted,Yes,None Noted,741,Dash,0,Not a Cyclist,At Intersection,Not a Cyclist,Other/Unknown,Not a Cyclist,Not Applicable,Not a Cyclist,Northbound,Straight Through,Unknown,8,Not Applicable,740,Dash/Dart-Out,0,Not a Cyclist,
5,50500,0,1,5,Pedestrian,74,Male,None Noted,Yes,Unknown,741,Dash,0,Not a Cyclist,At Intersection,Not a Cyclist,Other/Unknown,Not a Cyclist,Not Applicable,Not a Cyclist,Westbound,Straight Through,Unknown,8,Not Applicable,740,Dash/Dart-Out,0,Not a Cyclist,
39,390763,0,1,5,Pedestrian,60,Female,Yes,Yes,None Noted,741,Dash,0,Not a Cyclist,At Intersection,Not a Cyclist,Crosswalk Area,Not a Cyclist,Southbound,Not a Cyclist,Westbound,Straight Through,Nearside,1b,MOTORIST TRAVELING STRAIGHT THROUGH – CRASH OCCURRED ON NEAR (APPROACH) SIDE OF INTERSECTION Pedestrian Within Crosswalk Area  Traveled From Motorist’s Right.,740,Dash/Dart-Out,0,Not a Cyclist,
32,320203,0,1,5,Pedestrian,26,Male,Yes,Yes,None Noted,741,Dash,0,Not a Cyclist,At Intersection,Not a Cyclist,Crosswalk Area,Not a Cyclist,Eastbound,Not a Cyclist,Southbound,Straight Through,Nearside,1b,MOTORIST TRAVELING STRAIGHT THROUGH – CRASH OCCURRED ON NEAR (APPROACH) SIDE OF INTERSECTION Pedestrian Within Crosswalk Area  Traveled From Motorist’s Right.,740,Dash/Dart-Out,0,Not a Cyclist,
42,420289,0,2,5,Pedestrian,10,Female,Yes,Yes,None Noted,741,Dash,0,Not a Cyclist,At Intersection,Not a Cyclist,Crosswalk Area,Not a Cyclist,Northbound,Not a Cyclist,Eastbound,Straight Through,Nearside,1b,MOTORIST TRAVELING STRAIGHT THROUGH – CRASH OCCURRED ON NEAR (APPROACH) SIDE OF INTERSECTION Pedestrian Within Crosswalk Area  Traveled From Motorist’s Right.,740,Dash/Dart-Out,0,Not a Cyclist,
36,361052,0,1,5,Pedestrian,78,Male,Yes,Yes,None Noted,742,Dart-Out,0,Not a Cyclist,At Intersection,Not a Cyclist,Crosswalk Area,Not a Cyclist,Westbound,Not a Cyclist,Northbound,Straight Through,Nearside,1b,MOTORIST TRAVELING STRAIGHT THROUGH – CRASH OCCURRED ON NEAR (APPROACH) SIDE OF INTERSECTION Pedestrian Within Crosswalk Area  Traveled From Motorist’s Right.,740,Dash/Dart-Out,0,Not a Cyclist,
12,122271,0,1,5,Pedestrian,9,Female,Yes,Yes,None Noted,741,Dash,0,Not a Cyclist,At Intersection,Not a Cyclist,Crosswalk Area,Not a Cyclist,Westbound,Not a Cyclist,Northbound,Straight Through,Nearside,1b,MOTORIST TRAVELING STRAIGHT THROUGH – CRASH OCCURRED ON NEAR (APPROACH) SIDE OF INTERSECTION Pedestrian Within Crosswalk Area  Traveled From Motorist’s Right.,740,Dash/Dart-Out,0,Not a Cyclist,
42,420289,0,1,5,Pedestrian,11,Female,Yes,Yes,None Noted,741,Dash,0,Not a Cyclist,At Intersection,Not a Cyclist,Crosswalk Area,Not a Cyclist,Northbound,Not a Cyclist,Eastbound,Straight Through,Nearside,1b,MOTORIST TRAVELING STRAIGHT THROUGH – CRASH OCCURRED ON NEAR (APPROACH) SIDE OF INTERSECTION Pedestrian Within Crosswalk Area  Traveled From Motorist’s Right.,740,Dash/Dart-Out,0,Not a Cyclist,
39,390046,0,1,5,Pedestrian,72,Male,Yes,Yes,None Noted,741,Dash,0,Not a Cyclist,At Intersection,Not a Cyclist,Crosswalk Area,Not a Cyclist,Unknown Initial Direction of Travel,Not a Cyclist,Southbound,Straight Through,Farside,3c,MOTORIST TRAVELING STRAIGHT THROUGH – CRASH OCCURRED ON FAR SIDE OF INTERSECTION Pedestrian Within Crosswalk Area  Approach Direction Unknown.,740,Dash/Dart-Out,0,Not a Cyclist,
37,370201,0,1,5,Pedestrian,14,Male,Yes,Yes,None Noted,741,Dash,0,Not a Cyclist,At Intersection,Not a Cyclist,Crosswalk Area,Not a Cyclist,Not Applicable,Not a Cyclist,Unknown Initial Direction of Travel,Not Applicable,Not Applicable,8,Not Applicable,740,Dash/Dart-Out,0,Not a Cyclist,
55,550188,0,1,5,Pedestrian,49,Male,Yes,Yes,None Noted,140,Vehicle-Vehicle/Object,0,Not a Cyclist,At Intersection,Not a Cyclist,Crosswalk Area,Not a Cyclist,Not Applicable,Not a Cyclist,Southbound,Unknown Motorist Maneuver,Not Applicable,8,Not Applicable,100,Unusual Circumstances,0,Not a Cyclist,
25,250179,0,1,5,Pedestrian,73,Female,Yes,Yes,None Noted,160,Pedestrian Loss of Control,0,Not a Cyclist,At Intersection,Not a Cyclist,Crosswalk Area,Not a Cyclist,Southbound,Not a Cyclist,Westbound,Straight Through,Nearside,1b,MOTORIST TRAVELING STRAIGHT THROUGH – CRASH OCCURRED ON NEAR (APPROACH) SIDE OF INTERSECTION Pedestrian Within Crosswalk Area  Traveled From Motorist’s Right.,100,Unusual Circumstances,0,Not a Cyclist,
17,170165,0,1,5,Pedestrian,56,Male,Yes,Yes,None Noted,140,Vehicle-Vehicle/Object,0,Not a Cyclist,At Intersection,Not a Cyclist,Intersection Area,Not a Cyclist,Unknown Initial Direction of Travel,Not a Cyclist,Westbound,Straight Through,Farside,3c,MOTORIST TRAVELING STRAIGHT THROUGH – CRASH OCCURRED ON FAR SIDE OF INTERSECTION Pedestrian Within Crosswalk Area  Approach Direction Unknown.,100,Unusual Circumstances,0,Not a Cyclist,
25,250006,0,1,5,Pedestrian,22,Male,None Noted,Yes,None Noted,160,Pedestrian Loss of Control,0,Not a Cyclist,At Intersection,Not a Cyclist,Intersection Area,Not a Cyclist,Not Applicable,Not a Cyclist,Southbound,Straight Through,Unknown,8,Not Applicable,100,Unusual Circumstances,0,Not a Cyclist,
55,550174,0,1,5,Pedestrian,26,Female,Yes,Yes,None Noted,140,Vehicle-Vehicle/Object,0,Not a Cyclist,At Intersection,Not a Cyclist,Crosswalk Area,Not a Cyclist,Northbound,Not a Cyclist,Eastbound,Straight Through,Farside,3b,MOTORIST TRAVELING STRAIGHT THROUGH – CRASH OCCURRED ON FAR SIDE OF INTERSECTION Pedestrian Within Crosswalk Area  Traveled From Motorist’s Right.,100,Unusual Circumstances,0,Not a Cyclist,