state_number,consecutive_number,vehicle_number,person_number,person_type,person_type_name,age,sex,marked_crosswalk_present,sidewalk_present,school_zone,crash_type_pedestrian,crash_type_pedestrian_name,crash_type_bicycle,crash_type_bicycle_name,crash_location_pedestrian,crash_location_bicycle,pedestrian_position,bicyclist_position,pedestrian_initial_direction_of_travel,bicyclist_initial_direction_of_travel,motorist_initial_direction_of_travel,motorist_maneuver,intersection_leg,pedestrian_scenario,pedestrian_scenario_name,crash_group_pedestrian,crash_group_pedestrian_name,crash_group_bicycle,crash_group_bicycle_name
36,360259,0,1,6,Bicyclist,88,Male,None Noted,Yes,None Noted,0,Not a Pedestrian,970,Unknown Approach Paths,Not a Pedestrian,Not At Intersection,Not a Pedestrian,Travel Lane,Not a Pedestrian,Not Applicable,Not a Pedestrian,Not a Pedestrian,Not a Pedestrian,7,Not a Pedestrian,0,Not a Pedestrian,990,Other/Unknown – Insufficient Details,
36,360300,0,1,6,Bicyclist,56,Male,None Noted,Yes,None Noted,0,Not a Pedestrian,970,Unknown Approach Paths,Not a Pedestrian,Not At Intersection,Not a Pedestrian,Travel Lane,Not a Pedestrian,Unknown,Not a Pedestrian,Not a Pedestrian,Not a Pedestrian,7,Not a Pedestrian,0,Not a Pedestrian,990,Other/Unknown – Insufficient Details,
42,420429,0,1,6,Bicyclist,17,Male,None Noted,Yes,None Noted,0,Not a Pedestrian,700,Play Vehicle-Related,Not a Pedestrian,At Intersection,Not a Pedestrian,Travel Lane,Not a Pedestrian,With Traffic,Not a Pedestrian,Not a Pedestrian,Not a Pedestrian,7,Not a Pedestrian,0,Not a Pedestrian,850,Other/Unusual Circumstances,
26,260715,0,1,6,Bicyclist,26,Male,Yes,Yes,None Noted,0,Not a Pedestrian,970,Unknown Approach Paths,Not a Pedestrian,Intersection-Related,Not a Pedestrian,Travel Lane,Not a Pedestrian,With Traffic,Not a Pedestrian,Not a Pedestrian,Not a Pedestrian,7,Not a Pedestrian,0,Not a Pedestrian,990,Other/Unknown – Insufficient Details,
25,250333,0,1,6,Bicyclist,38,Female,Yes,Yes,Unknown,0,Not a Pedestrian,970,Unknown Approach Paths,Not a Pedestrian,At Intersection,Not a Pedestrian,Travel Lane,Not a Pedestrian,Unknown,Not a Pedestrian,Not a Pedestrian,Not a Pedestrian,7,Not a Pedestrian,0,Not a Pedestrian,990,Other/Unknown – Insufficient Details,
17,170170,0,1,6,Bicyclist,62,Male,None Noted,Yes,None Noted,0,Not a Pedestrian,225,Bicyclist Ride-out – Parallel Path,Not a Pedestrian,At Intersection,Not a Pedestrian,Travel Lane,Not a Pedestrian,With Traffic,Not a Pedestrian,Not a Pedestrian,Not a Pedestrian,7,Not a Pedestrian,0,Not a Pedestrian,290,Parallel Paths – Other Circumstances,
48,481303,0,1,6,Bicyclist,5,Male,None Noted,Yes,None Noted,0,Not a Pedestrian,225,Bicyclist Ride-out – Parallel Path,Not a Pedestrian,Not At Intersection,Not a Pedestrian,Travel Lane,Not a Pedestrian,Unknown,Not a Pedestrian,Not a Pedestrian,Not a Pedestrian,7,Not a Pedestrian,0,Not a Pedestrian,290,Parallel Paths – Other Circumstances,
12,120753,0,1,6,Bicyclist,61,Male,None Noted,Yes,None Noted,0,Not a Pedestrian,225,Bicyclist Ride-out – Parallel Path,Not a Pedestrian,Not At Intersection,Not a Pedestrian,Travel Lane,Not a Pedestrian,Facing Traffic,Not a Pedestrian,Not a Pedestrian,Not a Pedestrian,7,Not a Pedestrian,0,Not a Pedestrian,290,Parallel Paths – Other Circumstances,
48,481555,0,1,6,Bicyclist,51,Male,None Noted,Yes,None Noted,0,Not a Pedestrian,280,Parallel Paths – Other/Unknown,Not a Pedestrian,Not At Intersection,Not a Pedestrian,Travel Lane,Not a Pedestrian,Unknown,Not a Pedestrian,Not a Pedestrian,Not a Pedestrian,7,Not a Pedestrian,0,Not a Pedestrian,290,Parallel Paths – Other Circumstances,
48,481281,0,1,6,Bicyclist,67,Male,None Noted,Yes,None Noted,0,Not a Pedestrian,280,Parallel Paths – Other/Unknown,Not a Pedestrian,Not At Intersection,Not a Pedestrian,Bicycle Lane/Paved Shoulder/Parking Lane,Not a Pedestrian,With Traffic,Not a Pedestrian,Not a Pedestrian,Not a Pedestrian,7,Not a Pedestrian,0,Not a Pedestrian,290,Parallel Paths – Other Circumstances,
53,530228,0,1,6,Bicyclist,45,Male,Unknown,Yes,Unknown,0,Not a Pedestrian,280,Parallel Paths – Other/Unknown,Not a Pedestrian,Not At Intersection,Not a Pedestrian,Sidewalk/Crosswalk/Driveway Access,Not a Pedestrian,Facing Traffic,Not a Pedestrian,Not a Pedestrian,Not a Pedestrian,7,Not a Pedestrian,0,Not a Pedestrian,290,Parallel Paths – Other Circumstances,
12,120851,0,1,6,Bicyclist,48,Male,None Noted,Yes,None Noted,0,Not a Pedestrian,800,Unusual Circumstances,Not a Pedestrian,Not At Intersection,Not a Pedestrian,Sidewalk/Crosswalk/Driveway Access,Not a Pedestrian,Facing Traffic,Not a Pedestrian,Not a Pedestrian,Not a Pedestrian,7,Not a Pedestrian,0,Not a Pedestrian,850,Other/Unusual Circumstances,
39,390392,0,1,6,Bicyclist,54,Male,None Noted,Yes,None Noted,0,Not a Pedestrian,800,Unusual Circumstances,Not a Pedestrian,Not At Intersection,Not a Pedestrian,Travel Lane,Not a Pedestrian,With Traffic,Not a Pedestrian,Not a Pedestrian,Not a Pedestrian,7,Not a Pedestrian,0,Not a Pedestrian,850,Other/Unusual Circumstances,
35,350137,0,1,6,Bicyclist,57,Male,None Noted,Yes,None Noted,0,Not a Pedestrian,280,Parallel Paths – Other/Unknown,Not a Pedestrian,Not At Intersection,Not a Pedestrian,Sidewalk/Crosswalk/Driveway Access,Not a Pedestrian,Facing Traffic,Not a Pedestrian,Not a Pedestrian,Not a Pedestrian,7,Not a Pedestrian,0,Not a Pedestrian,290,Parallel Paths – Other Circumstances,
25,250331,0,1,6,Bicyclist,8,Female,None Noted,Yes,None Noted,0,Not a Pedestrian,280,Parallel Paths – Other/Unknown,Not a Pedestrian,Not At Intersection,Not a Pedestrian,Travel Lane,Not a Pedestrian,With Traffic,Not a Pedestrian,Not a Pedestrian,Not a Pedestrian,7,Not a Pedestrian,0,Not a Pedestrian,290,Parallel Paths – Other Circumstances,
25,250331,0,2,6,Bicyclist,999,Male,None Noted,Yes,None Noted,0,Not a Pedestrian,280,Parallel Paths – Other/Unknown,Not a Pedestrian,Not At Intersection,Not a Pedestrian,Travel Lane,Not a Pedestrian,With Traffic,Not a Pedestrian,Not a Pedestrian,Not a Pedestrian,7,Not a Pedestrian,0,Not a Pedestrian,290,Parallel Paths – Other Circumstances,
25,250019,0,1,6,Bicyclist,65,Female,None Noted,Yes,None Noted,0,Not a Pedestrian,280,Parallel Paths – Other/Unknown,Not a Pedestrian,Not At Intersection,Not a Pedestrian,Travel Lane,Not a Pedestrian,With Traffic,Not a Pedestrian,Not a Pedestrian,Not a Pedestrian,7,Not a Pedestrian,0,Not a Pedestrian,290,Parallel Paths – Other Circumstances,
51,510515,0,1,6,Bicyclist,19,Male,Yes,Yes,None Noted,0,Not a Pedestrian,144,Bicyclist Ride-Through – Sign-Controlled Intersection,Not a Pedestrian,At Intersection,Not a Pedestrian,Travel Lane,Not a Pedestrian,Unknown,Not a Pedestrian,Not a Pedestrian,Not a Pedestrian,7,Not a Pedestrian,0,Not a Pedestrian,145,Bicyclist Failed to Yield – Sign-Controlled Intersection,
8,80278,0,1,6,Bicyclist,21,Male,None Noted,Yes,None Noted,0,Not a Pedestrian,144,Bicyclist Ride-Through – Sign-Controlled Intersection,Not a Pedestrian,At Intersection,Not a Pedestrian,Travel Lane,Not a Pedestrian,Facing Traffic,Not a Pedestrian,Not a Pedestrian,Not a Pedestrian,7,Not a Pedestrian,0,Not a Pedestrian,145,Bicyclist Failed to Yield – Sign-Controlled Intersection,
4,40152,0,1,6,Bicyclist,51,Male,None Noted,Yes,None Noted,0,Not a Pedestrian,144,Bicyclist Ride-Through – Sign-Controlled Intersection,Not a Pedestrian,At Intersection,Not a Pedestrian,Travel Lane,Not a Pedestrian,Unknown,Not a Pedestrian,Not a Pedestrian,Not a Pedestrian,7,Not a Pedestrian,0,Not a Pedestrian,145,Bicyclist Failed to Yield – Sign-Controlled Intersection,
34,340407,0,1,6,Bicyclist,18,Male,Yes,Yes,Unknown,0,Not a Pedestrian,144,Bicyclist Ride-Through – Sign-Controlled Intersection,Not a Pedestrian,At Intersection,Not a Pedestrian,Travel Lane,Not a Pedestrian,With Traffic,Not a Pedestrian,Not a Pedestrian,Not a Pedestrian,7,Not a Pedestrian,0,Not a Pedestrian,145,Bicyclist Failed to Yield – Sign-Controlled Intersection,
12,121327,0,1,6,Bicyclist,82,Male,None Noted,Yes,None Noted,0,Not a Pedestrian,160,Crossing Paths – Uncontrolled Intersection,Not a Pedestrian,At Intersection,Not a Pedestrian,Travel Lane,Not a Pedestrian,Facing Traffic,Not a Pedestrian,Not a Pedestrian,Not a Pedestrian,7,Not a Pedestrian,0,Not a Pedestrian,190,Crossing Paths – Other Circumstances,
48,480717,0,1,6,Bicyclist,16,Male,Yes,Yes,None Noted,0,Not a Pedestrian,144,Bicyclist Ride-Through – Sign-Controlled Intersection,Not a Pedestrian,At Intersection,Not a Pedestrian,Travel Lane,Not a Pedestrian,With Traffic,Not a Pedestrian,Not a Pedestrian,Not a Pedestrian,7,Not a Pedestrian,0,Not a Pedestrian,145,Bicyclist Failed to Yield – Sign-Controlled Intersection,
49,490120,0,1,6,Bicyclist,31,Male,Yes,Yes,None Noted,0,Not a Pedestrian,144,Bicyclist Ride-Through – Sign-Controlled Intersection,Not a Pedestrian,At Intersection,Not a Pedestrian,Travel Lane,Not a Pedestrian,With Traffic,Not a Pedestrian,Not a Pedestrian,Not a Pedestrian,7,Not a Pedestrian,0,Not a Pedestrian,145,Bicyclist Failed to Yield – Sign-Controlled Intersection,
25,250160,0,1,6,Bicyclist,52,Male,Yes,Yes,None Noted,0,Not a Pedestrian,147,Multiple Threat – Sign-Controlled Intersection,Not a Pedestrian,At Intersection,Not a Pedestrian,Travel Lane,Not a Pedestrian,With Traffic,Not a Pedestrian,Not a Pedestrian,Not a Pedestrian,7,Not a Pedestrian,0,Not a Pedestrian,145,Bicyclist Failed to Yield – Sign-Controlled Intersection,
39,390296,0,1,6,Bicyclist,7,Male,Unknown,Yes,None Noted,0,Not a Pedestrian,142,Bicyclist Ride-Out – Sign-Controlled Intersection,Not a Pedestrian,At Intersection,Not a Pedestrian,Sidewalk/Crosswalk/Driveway Access,Not a Pedestrian,Unknown,Not a Pedestrian,Not a Pedestrian,Not a Pedestrian,7,Not a Pedestrian,0,Not a Pedestrian,145,Bicyclist Failed to Yield – Sign-Controlled Intersection,
34,340407,0,2,6,Bicyclist,17,Female,Yes,Yes,Unknown,0,Not a Pedestrian,144,Bicyclist Ride-Through – Sign-Controlled Intersection,Not a Pedestrian,At Intersection,Not a Pedestrian,Travel Lane,Not a Pedestrian,With Traffic,Not a Pedestrian,Not a Pedestrian,Not a Pedestrian,7,Not a Pedestrian,0,Not a Pedestrian,145,Bicyclist Failed to Yield – Sign-Controlled Intersection,
34,340250,0,1,6,Bicyclist,13,Male,None Noted,Yes,None Noted,0,Not a Pedestrian,180,Crossing Paths – Intersection – Other/Unknown,Not a Pedestrian,At Intersection,Not a Pedestrian,Travel Lane,Not a Pedestrian,Facing Traffic,Not a Pedestrian,Not a Pedestrian,Not a Pedestrian,7,Not a Pedestrian,0,Not a Pedestrian,190,Crossing Paths – Other Circumstances,
36,360483,0,1,6,Bicyclist,18,Male,None Noted,Yes,None Noted,0,Not a Pedestrian,180,Crossing Paths – Intersection – Other/Unknown,Not a Pedestrian,Intersection-Related,Not a Pedestrian,Bicycle Lane/Paved Shoulder/Parking Lane,Not a Pedestrian,With Traffic,Not a Pedestrian,Not a Pedestrian,Not a Pedestrian,7,Not a Pedestrian,0,Not a Pedestrian,190,Crossing Paths – Other Circumstances,
45,450010,0,1,6,Bicyclist,48,Female,None Noted,Yes,None Noted,0,Not a Pedestrian,380,Crossing Paths – Midblock – Other/Unknown,Not a Pedestrian,Not At Intersection,Not a Pedestrian,Travel Lane,Not a Pedestrian,Facing Traffic,Not a Pedestrian,Not a Pedestrian,Not a Pedestrian,7,Not a Pedestrian,0,Not a Pedestrian,190,Crossing Paths – Other Circumstances,
36,360559,0,1,6,Bicyclist,60,Male,None Noted,Yes,None Noted,0,Not a Pedestrian,158,Signalized Intersection – Other/Unknown,Not a Pedestrian,At Intersection,Not a Pedestrian,Travel Lane,Not a Pedestrian,Facing Traffic,Not a Pedestrian,Not a Pedestrian,Not a Pedestrian,7,Not a Pedestrian,0,Not a Pedestrian,190,Crossing Paths – Other Circumstances,
9,90193,0,1,6,Bicyclist,69,Male,Yes,Yes,Yes,0,Not a Pedestrian,158,Signalized Intersection – Other/Unknown,Not a Pedestrian,Intersection-Related,Not a Pedestrian,Travel Lane,Not a Pedestrian,Unknown,Not a Pedestrian,Not a Pedestrian,Not a Pedestrian,7,Not a Pedestrian,0,Not a Pedestrian,190,Crossing Paths – Other Circumstances,
36,360558,0,1,6,Bicyclist,32,Male,None Noted,Yes,None Noted,0,Not a Pedestrian,160,Crossing Paths – Uncontrolled Intersection,Not a Pedestrian,At Intersection,Not a Pedestrian,Travel Lane,Not a Pedestrian,Facing Traffic,Not a Pedestrian,Not a Pedestrian,Not a Pedestrian,7,Not a Pedestrian,0,Not a Pedestrian,190,Crossing Paths – Other Circumstances,
48,480263,0,1,6,Bicyclist,21,Male,None Noted,Yes,None Noted,0,Not a Pedestrian,160,Crossing Paths – Uncontrolled Intersection,Not a Pedestrian,At Intersection,Not a Pedestrian,Travel Lane,Not a Pedestrian,Not Applicable,Not a Pedestrian,Not a Pedestrian,Not a Pedestrian,7,Not a Pedestrian,0,Not a Pedestrian,190,Crossing Paths – Other Circumstances,
32,320056,0,1,6,Bicyclist,33,Male,None Noted,Yes,None Noted,0,Not a Pedestrian,160,Crossing Paths – Uncontrolled Intersection,Not a Pedestrian,At Intersection,Not a Pedestrian,Travel Lane,Not a Pedestrian,Unknown,Not a Pedestrian,Not a Pedestrian,Not a Pedestrian,7,Not a Pedestrian,0,Not a Pedestrian,190,Crossing Paths – Other Circumstances,
31,310076,0,1,6,Bicyclist,53,Male,None Noted,Yes,None Noted,0,Not a Pedestrian,160,Crossing Paths – Uncontrolled Intersection,Not a Pedestrian,At Intersection,Not a Pedestrian,Travel Lane,Not a Pedestrian,Facing Traffic,Not a Pedestrian,Not a Pedestrian,Not a Pedestrian,7,Not a Pedestrian,0,Not a Pedestrian,190,Crossing Paths – Other Circumstances,
12,122776,0,1,6,Bicyclist,52,Female,None Noted,Yes,None Noted,0,Not a Pedestrian,280,Parallel Paths – Other/Unknown,Not a Pedestrian,Not At Intersection,Not a Pedestrian,Travel Lane,Not a Pedestrian,With Traffic,Not a Pedestrian,Not a Pedestrian,Not a Pedestrian,7,Not a Pedestrian,0,Not a Pedestrian,290,Parallel Paths – Other Circumstances,
26,260445,0,1,6,Bicyclist,18,Male,Yes,Yes,None Noted,0,Not a Pedestrian,160,Crossing Paths – Uncontrolled Intersection,Not a Pedestrian,Intersection-Related,Not a Pedestrian,Sidewalk/Crosswalk/Driveway Access,Not a Pedestrian,Not Applicable,Not a Pedestrian,Not a Pedestrian,Not a Pedestrian,7,Not a Pedestrian,0,Not a Pedestrian,190,Crossing Paths – Other Circumstances,
26,260193,0,1,6,Bicyclist,47,Male,None Noted,Yes,None Noted,0,Not a Pedestrian,160,Crossing Paths – Uncontrolled Intersection,Not a Pedestrian,At Intersection,Not a Pedestrian,Sidewalk/Crosswalk/Driveway Access,Not a Pedestrian,Facing Traffic,Not a Pedestrian,Not a Pedestrian,Not a Pedestrian,7,Not a Pedestrian,0,Not a Pedestrian,190,Crossing Paths – Other Circumstances,
42,420940,0,1,6,Bicyclist,12,Male,None Noted,Yes,None Noted,0,Not a Pedestrian,160,Crossing Paths – Uncontrolled Intersection,Not a Pedestrian,At Intersection,Not a Pedestrian,Travel Lane,Not a Pedestrian,With Traffic,Not a Pedestrian,Not a Pedestrian,Not a Pedestrian,7,Not a Pedestrian,0,Not a Pedestrian,190,Crossing Paths – Other Circumstances,
12,122567,0,1,6,Bicyclist,69,Male,None Noted,Yes,None Noted,0,Not a Pedestrian,160,Crossing Paths – Uncontrolled Intersection,Not a Pedestrian,At Intersection,Not a Pedestrian,Travel Lane,Not a Pedestrian,Not Applicable,Not a Pedestrian,Not a Pedestrian,Not a Pedestrian,7,Not a Pedestrian,0,Not a Pedestrian,190,Crossing Paths – Other Circumstances,
12,120831,0,1,6,Bicyclist,86,Female,Yes,Yes,None Noted,0,Not a Pedestrian,160,Crossing Paths – Uncontrolled Intersection,Not a Pedestrian,At Intersection,Not a Pedestrian,Travel Lane,Not a Pedestrian,Facing Traffic,Not a Pedestrian,Not a Pedestrian,Not a Pedestrian,7,Not a Pedestrian,0,Not a Pedestrian,190,Crossing Paths – Other Circumstances,
12,120849,0,1,6,Bicyclist,38,Female,None Noted,Yes,None Noted,0,Not a Pedestrian,160,Crossing Paths – Uncontrolled Intersection,Not a Pedestrian,Intersection-Related,Not a Pedestrian,Sidewalk/Crosswalk/Driveway Access,Not a Pedestrian,Facing Traffic,Not a Pedestrian,Not a Pedestrian,Not a Pedestrian,7,Not a Pedestrian,0,Not a Pedestrian,190,Crossing Paths – Other Circumstances,
17,170648,0,1,6,Bicyclist,48,Male,Yes,Yes,None Noted,0,Not a Pedestrian,221,Bicyclist Left Turn – Same Direction,Not a Pedestrian,Not At Intersection,Not a Pedestrian,Travel Lane,Not a Pedestrian,With Traffic,Not a Pedestrian,Not a Pedestrian,Not a Pedestrian,7,Not a Pedestrian,0,Not a Pedestrian,220,Bicyclist Left Turn/Merge,
12,121356,0,1,6,Bicyclist,19,Male,None Noted,Yes,None Noted,0,Not a Pedestrian,221,Bicyclist Left Turn – Same Direction,Not a Pedestrian,Not At Intersection,Not a Pedestrian,Travel Lane,Not a Pedestrian,Facing Traffic,Not a Pedestrian,Not a Pedestrian,Not a Pedestrian,7,Not a Pedestrian,0,Not a Pedestrian,220,Bicyclist Left Turn/Merge,
12,122733,0,1,6,Bicyclist,44,Male,None Noted,Yes,None Noted,0,Not a Pedestrian,221,Bicyclist Left Turn – Same Direction,Not a Pedestrian,Not At Intersection,Not a Pedestrian,Travel Lane,Not a Pedestrian,With Traffic,Not a Pedestrian,Not a Pedestrian,Not a Pedestrian,7,Not a Pedestrian,0,Not a Pedestrian,220,Bicyclist Left Turn/Merge,
12,122667,0,1,6,Bicyclist,78,Male,None Noted,Yes,None Noted,0,Not a Pedestrian,221,Bicyclist Left Turn – Same Direction,Not a Pedestrian,Not At Intersection,Not a Pedestrian,Travel Lane,Not a Pedestrian,With Traffic,Not a Pedestrian,Not a Pedestrian,Not a Pedestrian,7,Not a Pedestrian,0,Not a Pedestrian,220,Bicyclist Left Turn/Merge,
47,470765,0,1,6,Bicyclist,57,Male,None Noted,Yes,None Noted,0,Not a Pedestrian,221,Bicyclist Left Turn – Same Direction,Not a Pedestrian,Not At Intersection,Not a Pedestrian,Travel Lane,Not a Pedestrian,With Traffic,Not a Pedestrian,Not a Pedestrian,Not a Pedestrian,7,Not a Pedestrian,0,Not a Pedestrian,220,Bicyclist Left Turn/Merge,
12,121603,0,1,6,Bicyclist,17,Male,Yes,Yes,None Noted,0,Not a Pedestrian,155,Bicyclist Ride-Through – Signalized Intersection,Not a Pedestrian,At Intersection,Not a Pedestrian,Sidewalk/Crosswalk/Driveway Access,Not a Pedestrian,Not Applicable,Not a Pedestrian,Not a Pedestrian,Not a Pedestrian,7,Not a Pedestrian,0,Not a Pedestrian,158,Bicyclist Failed to Yield – Signalized Intersection,
48,482425,0,1,6,Bicyclist,68,Male,None Noted,Yes,None Noted,0,Not a Pedestrian,221,Bicyclist Left Turn – Same Direction,Not a Pedestrian,Intersection-Related,Not a Pedestrian,Travel Lane,Not a Pedestrian,With Traffic,Not a Pedestrian,Not a Pedestrian,Not a Pedestrian,7,Not a Pedestrian,0,Not a Pedestrian,220,Bicyclist Left Turn/Merge,
48,483197,0,1,6,Bicyclist,56,Male,None Noted,Yes,None Noted,0,Not a Pedestrian,221,Bicyclist Left Turn – Same Direction,Not a Pedestrian,Not At Intersection,Not a Pedestrian,Travel Lane,Not a Pedestrian,With Traffic,Not a Pedestrian,Not a Pedestrian,Not a Pedestrian,7,Not a Pedestrian,0,Not a Pedestrian,220,Bicyclist Left Turn/Merge,
12,121492,0,1,6,Bicyclist,26,Male,Yes,Yes,None Noted,0,Not a Pedestrian,153,Bicyclist – Ride-Out – Signalized Intersection,Not a Pedestrian,At Intersection,Not a Pedestrian,Sidewalk/Crosswalk/Driveway Access,Not a Pedestrian,Facing Traffic,Not a Pedestrian,Not a Pedestrian,Not a Pedestrian,7,Not a Pedestrian,0,Not a Pedestrian,158,Bicyclist Failed to Yield – Signalized Intersection,
17,170900,0,1,6,Bicyclist,44,Male,Yes,Yes,None Noted,0,Not a Pedestrian,155,Bicyclist Ride-Through – Signalized Intersection,Not a Pedestrian,At Intersection,Not a Pedestrian,Travel Lane,Not a Pedestrian,Unknown,Not a Pedestrian,Not a Pedestrian,Not a Pedestrian,7,Not a Pedestrian,0,Not a Pedestrian,158,Bicyclist Failed to Yield – Signalized Intersection,
8,80222,0,1,6,Bicyclist,28,Male,Yes,Yes,None Noted,0,Not a Pedestrian,155,Bicyclist Ride-Through – Signalized Intersection,Not a Pedestrian,At Intersection,Not a Pedestrian,Travel Lane,Not a Pedestrian,With Traffic,Not a Pedestrian,Not a Pedestrian,Not a Pedestrian,7,Not a Pedestrian,0,Not a Pedestrian,158,Bicyclist Failed to Yield – Signalized Intersection,
4,40524,0,1,6,Bicyclist,63,Male,Yes,Yes,None Noted,0,Not a Pedestrian,155,Bicyclist Ride-Through – Signalized Intersection,Not a Pedestrian,Intersection-Related,Not a Pedestrian,Travel Lane,Not a Pedestrian,Facing Traffic,Not a Pedestrian,Not a Pedestrian,Not a Pedestrian,7,Not a Pedestrian,0,Not a Pedestrian,158,Bicyclist Failed to Yield – Signalized Intersection,
4,40579,0,1,6,Bicyclist,74,Male,Yes,Yes,None Noted,0,Not a Pedestrian,155,Bicyclist Ride-Through – Signalized Intersection,Not a Pedestrian,At Intersection,Not a Pedestrian,Sidewalk/Crosswalk/Driveway Access,Not a Pedestrian,With Traffic,Not a Pedestrian,Not a Pedestrian,Not a Pedestrian,7,Not a Pedestrian,0,Not a Pedestrian,158,Bicyclist Failed to Yield – Signalized Intersection,
12,122399,0,1,6,Bicyclist,47,Male,Yes,Yes,None Noted,0,Not a Pedestrian,155,Bicyclist Ride-Through – Signalized Intersection,Not a Pedestrian,At Intersection,Not a Pedestrian,Sidewalk/Crosswalk/Driveway Access,Not a Pedestrian,Facing Traffic,Not a Pedestrian,Not a Pedestrian,Not a Pedestrian,7,Not a Pedestrian,0,Not a Pedestrian,158,Bicyclist Failed to Yield – Signalized Intersection,
31,310133,0,1,6,Bicyclist,30,Male,Yes,Yes,None Noted,0,Not a Pedestrian,155,Bicyclist Ride-Through – Signalized Intersection,Not a Pedestrian,At Intersection,Not a Pedestrian,Sidewalk/Crosswalk/Driveway Access,Not a Pedestrian,Facing Traffic,Not a Pedestrian,Not a Pedestrian,Not a Pedestrian,7,Not a Pedestrian,0,Not a Pedestrian,158,Bicyclist Failed to Yield – Signalized Intersection,
17,170961,0,1,6,Bicyclist,47,Male,Yes,Yes,None Noted,0,Not a Pedestrian,155,Bicyclist Ride-Through – Signalized Intersection,Not a Pedestrian,At Intersection,Not a Pedestrian,Travel Lane,Not a Pedestrian,With Traffic,Not a Pedestrian,Not a Pedestrian,Not a Pedestrian,7,Not a Pedestrian,0,Not a Pedestrian,158,Bicyclist Failed to Yield – Signalized Intersection,
19,190173,0,1,6,Bicyclist,63,Male,None Noted,Yes,None Noted,0,Not a Pedestrian,155,Bicyclist Ride-Through – Signalized Intersection,Not a Pedestrian,At Intersection,Not a Pedestrian,Travel Lane,Not a Pedestrian,Not Applicable,Not a Pedestrian,Not a Pedestrian,Not a Pedestrian,7,Not a Pedestrian,0,Not a Pedestrian,158,Bicyclist Failed to Yield – Signalized Intersection,
17,170200,0,1,6,Bicyclist,47,Male,None Noted,Yes,None Noted,0,Not a Pedestrian,155,Bicyclist Ride-Through – Signalized Intersection,Not a Pedestrian,At Intersection,Not a Pedestrian,Sidewalk/Crosswalk/Driveway Access,Not a Pedestrian,Facing Traffic,Not a Pedestrian,Not a Pedestrian,Not a Pedestrian,7,Not a Pedestrian,0,Not a Pedestrian,158,Bicyclist Failed to Yield – Signalized Intersection,
36,360625,0,1,6,Bicyclist,22,Male,None Noted,Yes,None Noted,0,Not a Pedestrian,155,Bicyclist Ride-Through – Signalized Intersection,Not a Pedestrian,At Intersection,Not a Pedestrian,Travel Lane,Not a Pedestrian,With Traffic,Not a Pedestrian,Not a Pedestrian,Not a Pedestrian,7,Not a Pedestrian,0,Not a Pedestrian,158,Bicyclist Failed to Yield – Signalized Intersection,
35,350160,0,1,6,Bicyclist,29,Male,Yes,Yes,None Noted,0,Not a Pedestrian,155,Bicyclist Ride-Through – Signalized Intersection,Not a Pedestrian,At Intersection,Not a Pedestrian,Sidewalk/Crosswalk/Driveway Access,Not a Pedestrian,Facing Traffic,Not a Pedestrian,Not a Pedestrian,Not a Pedestrian,7,Not a Pedestrian,0,Not a Pedestrian,158,Bicyclist Failed to Yield – Signalized Intersection,
36,360154,0,1,6,Bicyclist,42,Male,Yes,Yes,None Noted,0,Not a Pedestrian,155,Bicyclist Ride-Through – Signalized Intersection,Not a Pedestrian,At Intersection,Not a Pedestrian,Travel Lane,Not a Pedestrian,With Traffic,Not a Pedestrian,Not a Pedestrian,Not a Pedestrian,7,Not a Pedestrian,0,Not a Pedestrian,158,Bicyclist Failed to Yield – Signalized Intersection,
36,360283,0,1,6,Bicyclist,27,Female,None Noted,Yes,None Noted,0,Not a Pedestrian,155,Bicyclist Ride-Through – Signalized Intersection,Not a Pedestrian,Intersection-Related,Not a Pedestrian,Travel Lane,Not a Pedestrian,With Traffic,Not a Pedestrian,Not a Pedestrian,Not a Pedestrian,7,Not a Pedestrian,0,Not a Pedestrian,158,Bicyclist Failed to Yield – Signalized Intersection,
36,360416,0,1,6,Bicyclist,46,Male,None Noted,Yes,None Noted,0,Not a Pedestrian,155,Bicyclist Ride-Through – Signalized Intersection,Not a Pedestrian,At Intersection,Not a Pedestrian,Travel Lane,Not a Pedestrian,Unknown,Not a Pedestrian,Not a Pedestrian,Not a Pedestrian,7,Not a Pedestrian,0,Not a Pedestrian,158,Bicyclist Failed to Yield – Signalized Intersection,
26,260317,0,1,6,Bicyclist,27,Female,Yes,Yes,None Noted,0,Not a Pedestrian,155,Bicyclist Ride-Through – Signalized Intersection,Not a Pedestrian,At Intersection,Not a Pedestrian,Sidewalk/Crosswalk/Driveway Access,Not a Pedestrian,With Traffic,Not a Pedestrian,Not a Pedestrian,Not a Pedestrian,7,Not a Pedestrian,0,Not a Pedestrian,158,Bicyclist Failed to Yield – Signalized Intersection,
55,550238,0,1,6,Bicyclist,11,Male,Yes,Yes,None Noted,0,Not a Pedestrian,155,Bicyclist Ride-Through – Signalized Intersection,Not a Pedestrian,At Intersection,Not a Pedestrian,Travel Lane,Not a Pedestrian,With Traffic,Not a Pedestrian,Not a Pedestrian,Not a Pedestrian,7,Not a Pedestrian,0,Not a Pedestrian,158,Bicyclist Failed to Yield – Signalized Intersection,
9,90259,0,1,6,Bicyclist,14,Male,Yes,Yes,None Noted,0,Not a Pedestrian,155,Bicyclist Ride-Through – Signalized Intersection,Not a Pedestrian,At Intersection,Not a Pedestrian,Travel Lane,Not a Pedestrian,With Traffic,Not a Pedestrian,Not a Pedestrian,Not a Pedestrian,7,Not a Pedestrian,0,Not a Pedestrian,158,Bicyclist Failed to Yield – Signalized Intersection,
4,40196,0,1,6,Bicyclist,22,Male,Yes,Yes,None Noted,0,Not a Pedestrian,153,Bicyclist – Ride-Out – Signalized Intersection,Not a Pedestrian,At Intersection,Not a Pedestrian,Sidewalk/Crosswalk/Driveway Access,Not a Pedestrian,With Traffic,Not a Pedestrian,Not a Pedestrian,Not a Pedestrian,7,Not a Pedestrian,0,Not a Pedestrian,158,Bicyclist Failed to Yield – Signalized Intersection,
48,481371,0,1,6,Bicyclist,61,Male,None Noted,Yes,None Noted,0,Not a Pedestrian,241,Bicyclist Overtaking – Passing on Right,Not a Pedestrian,Not At Intersection,Not a Pedestrian,Travel Lane,Not a Pedestrian,With Traffic,Not a Pedestrian,Not a Pedestrian,Not a Pedestrian,7,Not a Pedestrian,0,Not a Pedestrian,240,Bicyclist Overtaking Motorist,
4,40482,0,1,6,Bicyclist,68,Male,None Noted,Yes,None Noted,0,Not a Pedestrian,249,Bicyclist Overtaking – Other/Unknown,Not a Pedestrian,Not At Intersection,Not a Pedestrian,Bicycle Lane/Paved Shoulder/Parking Lane,Not a Pedestrian,With Traffic,Not a Pedestrian,Not a Pedestrian,Not a Pedestrian,7,Not a Pedestrian,0,Not a Pedestrian,240,Bicyclist Overtaking Motorist,
12,120204,0,1,6,Bicyclist,44,Female,Yes,Yes,None Noted,0,Not a Pedestrian,112,Motorist Turning Error – Right Turn,Not a Pedestrian,At Intersection,Not a Pedestrian,Sidewalk/Crosswalk/Driveway Access,Not a Pedestrian,Facing Traffic,Not a Pedestrian,Not a Pedestrian,Not a Pedestrian,7,Not a Pedestrian,0,Not a Pedestrian,110,Loss of Control/Turning Error,