state_number,consecutive_number,vehicle_number,person_number,person_type,person_type_name,age,sex,marked_crosswalk_present,sidewalk_present,school_zone,crash_type_pedestrian,crash_type_pedestrian_name,crash_type_bicycle,crash_type_bicycle_name,crash_location_pedestrian,crash_location_bicycle,pedestrian_position,bicyclist_position,pedestrian_initial_direction_of_travel,bicyclist_initial_direction_of_travel,motorist_initial_direction_of_travel,motorist_maneuver,intersection_leg,pedestrian_scenario,pedestrian_scenario_name,crash_group_pedestrian,crash_group_pedestrian_name,crash_group_bicycle,crash_group_bicycle_name
12,120295,0,1,6,Bicyclist,10,Male,None Noted,Yes,None Noted,0,Not a Pedestrian,112,Motorist Turning Error – Right Turn,Not a Pedestrian,Intersection-Related,Not a Pedestrian,Sidewalk/Crosswalk/Driveway Access,Not a Pedestrian,Facing Traffic,Not a Pedestrian,Not a Pedestrian,Not a Pedestrian,7,Not a Pedestrian,0,Not a Pedestrian,110,Loss of Control/Turning Error,
26,260489,0,1,6,Bicyclist,64,Male,Yes,Yes,None Noted,0,Not a Pedestrian,113,Motorist Turning Error – Other,Not a Pedestrian,At Intersection,Not a Pedestrian,Sidewalk/Crosswalk/Driveway Access,Not a Pedestrian,Facing Traffic,Not a Pedestrian,Not a Pedestrian,Not a Pedestrian,7,Not a Pedestrian,0,Not a Pedestrian,110,Loss of Control/Turning Error,
9,90142,0,1,6,Bicyclist,46,Male,None Noted,Yes,None Noted,0,Not a Pedestrian,116,Bicyclist Turning Error – Other,Not a Pedestrian,Intersection-Related,Not a Pedestrian,Travel Lane,Not a Pedestrian,With Traffic,Not a Pedestrian,Not a Pedestrian,Not a Pedestrian,7,Not a Pedestrian,0,Not a Pedestrian,110,Loss of Control/Turning Error,
12,120777,0,1,6,Bicyclist,61,Male,Yes,Yes,None Noted,0,Not a Pedestrian,111,Motorist Turning Error – Left Turn,Not a Pedestrian,At Intersection,Not a Pedestrian,Sidewalk/Crosswalk/Driveway Access,Not a Pedestrian,Facing Traffic,Not a Pedestrian,Not a Pedestrian,Not a Pedestrian,7,Not a Pedestrian,0,Not a Pedestrian,110,Loss of Control/Turning Error,
4,40586,0,1,6,Bicyclist,30,Male,None Noted,Yes,None Noted,0,Not a Pedestrian,219,Motorist Turn/Merge – Other/Unknown,Not a Pedestrian,Not At Intersection,Not a Pedestrian,Bicycle Lane/Paved Shoulder/Parking Lane,Not a Pedestrian,Facing Traffic,Not a Pedestrian,Not a Pedestrian,Not a Pedestrian,7,Not a Pedestrian,0,Not a Pedestrian,290,Parallel Paths – Other Circumstances,
47,470125,0,1,6,Bicyclist,40,Male,None Noted,Yes,None Noted,0,Not a Pedestrian,219,Motorist Turn/Merge – Other/Unknown,Not a Pedestrian,Intersection-Related,Not a Pedestrian,Travel Lane,Not a Pedestrian,With Traffic,Not a Pedestrian,Not a Pedestrian,Not a Pedestrian,7,Not a Pedestrian,0,Not a Pedestrian,290,Parallel Paths – Other Circumstances,
17,170642,0,1,6,Bicyclist,25,Male,None Noted,Yes,None Noted,0,Not a Pedestrian,280,Parallel Paths – Other/Unknown,Not a Pedestrian,At Intersection,Not a Pedestrian,Travel Lane,Not a Pedestrian,With Traffic,Not a Pedestrian,Not a Pedestrian,Not a Pedestrian,7,Not a Pedestrian,0,Not a Pedestrian,290,Parallel Paths – Other Circumstances,
32,320022,0,1,6,Bicyclist,62,Male,None Noted,Yes,None Noted,0,Not a Pedestrian,221,Bicyclist Left Turn – Same Direction,Not a Pedestrian,Not At Intersection,Not a Pedestrian,Travel Lane,Not a Pedestrian,With Traffic,Not a Pedestrian,Not a Pedestrian,Not a Pedestrian,7,Not a Pedestrian,0,Not a Pedestrian,220,Bicyclist Left Turn/Merge,
21,210138,0,1,6,Bicyclist,74,Male,None Noted,Yes,None Noted,0,Not a Pedestrian,129,Bicyclist Lost Control – Other/Unknown,Not a Pedestrian,Not At Intersection,Not a Pedestrian,Travel Lane,Not a Pedestrian,With Traffic,Not a Pedestrian,Not a Pedestrian,Not a Pedestrian,7,Not a Pedestrian,0,Not a Pedestrian,110,Loss of Control/Turning Error,
12,122651,0,1,6,Bicyclist,39,Male,None Noted,Yes,None Noted,0,Not a Pedestrian,129,Bicyclist Lost Control – Other/Unknown,Not a Pedestrian,Not At Intersection,Not a Pedestrian,Travel Lane,Not a Pedestrian,Not Applicable,Not a Pedestrian,Not a Pedestrian,Not a Pedestrian,7,Not a Pedestrian,0,Not a Pedestrian,110,Loss of Control/Turning Error,
12,122223,0,1,6,Bicyclist,68,Female,None Noted,Yes,None Noted,0,Not a Pedestrian,321,Motorist Drive-Out – Residential Driveway,Not a Pedestrian,Not At Intersection,Not a Pedestrian,Sidewalk/Crosswalk/Driveway Access,Not a Pedestrian,With Traffic,Not a Pedestrian,Not a Pedestrian,Not a Pedestrian,7,Not a Pedestrian,0,Not a Pedestrian,320,Motorist Failed to Yield – Midblock,
8,80249,0,1,6,Bicyclist,55,Male,None Noted,Yes,None Noted,0,Not a Pedestrian,322,Motorist Drive-Out – Commercial Driveway,Not a Pedestrian,Not At Intersection,Not a Pedestrian,Travel Lane,Not a Pedestrian,Facing Traffic,Not a Pedestrian,Not a Pedestrian,Not a Pedestrian,7,Not a Pedestrian,0,Not a Pedestrian,320,Motorist Failed to Yield – Midblock,
4,40208,0,1,6,Bicyclist,20,Female,None Noted,Yes,None Noted,0,Not a Pedestrian,322,Motorist Drive-Out – Commercial Driveway,Not a Pedestrian,Not At Intersection,Not a Pedestrian,Sidewalk/Crosswalk/Driveway Access,Not a Pedestrian,Facing Traffic,Not a Pedestrian,Not a Pedestrian,Not a Pedestrian,7,Not a Pedestrian,0,Not a Pedestrian,320,Motorist Failed to Yield – Midblock,
25,250272,0,1,6,Bicyclist,83,Male,Yes,Yes,None Noted,0,Not a Pedestrian,221,Bicyclist Left Turn – Same Direction,Not a Pedestrian,At Intersection,Not a Pedestrian,Travel Lane,Not a Pedestrian,With Traffic,Not a Pedestrian,Not a Pedestrian,Not a Pedestrian,7,Not a Pedestrian,0,Not a Pedestrian,220,Bicyclist Left Turn/Merge,
22,220543,0,1,6,Bicyclist,53,Male,None Noted,Yes,None Noted,0,Not a Pedestrian,129,Bicyclist Lost Control – Other/Unknown,Not a Pedestrian,Not At Intersection,Not a Pedestrian,Travel Lane,Not a Pedestrian,With Traffic,Not a Pedestrian,Not a Pedestrian,Not a Pedestrian,7,Not a Pedestrian,0,Not a Pedestrian,110,Loss of Control/Turning Error,
22,220380,0,1,6,Bicyclist,999,Male,None Noted,Yes,None Noted,0,Not a Pedestrian,221,Bicyclist Left Turn – Same Direction,Not a Pedestrian,Not At Intersection,Not a Pedestrian,Unknown,Not a Pedestrian,With Traffic,Not a Pedestrian,Not a Pedestrian,Not a Pedestrian,7,Not a Pedestrian,0,Not a Pedestrian,220,Bicyclist Left Turn/Merge,
26,260550,0,1,6,Bicyclist,48,Male,None Noted,Yes,None Noted,0,Not a Pedestrian,221,Bicyclist Left Turn – Same Direction,Not a Pedestrian,At Intersection,Not a Pedestrian,Travel Lane,Not a Pedestrian,Not Applicable,Not a Pedestrian,Not a Pedestrian,Not a Pedestrian,7,Not a Pedestrian,0,Not a Pedestrian,220,Bicyclist Left Turn/Merge,
26,260811,0,1,6,Bicyclist,54,Male,None Noted,Yes,None Noted,0,Not a Pedestrian,221,Bicyclist Left Turn – Same Direction,Not a Pedestrian,Not At Intersection,Not a Pedestrian,Bicycle Lane/Paved Shoulder/Parking Lane,Not a Pedestrian,With Traffic,Not a Pedestrian,Not a Pedestrian,Not a Pedestrian,7,Not a Pedestrian,0,Not a Pedestrian,220,Bicyclist Left Turn/Merge,
36,360506,0,1,6,Bicyclist,72,Male,Yes,Yes,None Noted,0,Not a Pedestrian,114,Bicyclist Turning Error – Left Turn,Not a Pedestrian,At Intersection,Not a Pedestrian,Travel Lane,Not a Pedestrian,Not Applicable,Not a Pedestrian,Not a Pedestrian,Not a Pedestrian,7,Not a Pedestrian,0,Not a Pedestrian,110,Loss of Control/Turning Error,
33,330040,0,1,6,Bicyclist,83,Male,Yes,Yes,None Noted,0,Not a Pedestrian,111,Motorist Turning Error – Left Turn,Not a Pedestrian,At Intersection,Not a Pedestrian,Travel Lane,Not a Pedestrian,With Traffic,Not a Pedestrian,Not a Pedestrian,Not a Pedestrian,7,Not a Pedestrian,0,Not a Pedestrian,110,Loss of Control/Turning Error,
25,250327,0,1,6,Bicyclist,18,Male,Yes,Yes,None Noted,0,Not a Pedestrian,123,Bicyclist Lost Control – Alcohol/Drug Impairment,Not a Pedestrian,Not At Intersection,Not a Pedestrian,Bicycle Lane/Paved Shoulder/Parking Lane,Not a Pedestrian,With Traffic,Not a Pedestrian,Not a Pedestrian,Not a Pedestrian,7,Not a Pedestrian,0,Not a Pedestrian,110,Loss of Control/Turning Error,
48,482260,0,1,6,Bicyclist,54,Male,None Noted,Yes,None Noted,0,Not a Pedestrian,123,Bicyclist Lost Control – Alcohol/Drug Impairment,Not a Pedestrian,Intersection-Related,Not a Pedestrian,Travel Lane,Not a Pedestrian,With Traffic,Not a Pedestrian,Not a Pedestrian,Not a Pedestrian,7,Not a Pedestrian,0,Not a Pedestrian,110,Loss of Control/Turning Error,
36,360575,0,1,6,Bicyclist,61,Male,None Noted,Yes,None Noted,0,Not a Pedestrian,115,Bicyclist Turning Error – Right Turn,Not a Pedestrian,At Intersection,Not a Pedestrian,Travel Lane,Not a Pedestrian,Facing Traffic,Not a Pedestrian,Not a Pedestrian,Not a Pedestrian,7,Not a Pedestrian,0,Not a Pedestrian,110,Loss of Control/Turning Error,
25,250248,0,1,6,Bicyclist,72,Male,None Noted,Yes,None Noted,0,Not a Pedestrian,115,Bicyclist Turning Error – Right Turn,Not a Pedestrian,At Intersection,Not a Pedestrian,Travel Lane,Not a Pedestrian,Facing Traffic,Not a Pedestrian,Not a Pedestrian,Not a Pedestrian,7,Not a Pedestrian,0,Not a Pedestrian,110,Loss of Control/Turning Error,
25,250057,0,1,6,Bicyclist,13,Male,None Noted,Yes,Yes,0,Not a Pedestrian,129,Bicyclist Lost Control – Other/Unknown,Not a Pedestrian,Not At Intersection,Not a Pedestrian,Travel Lane,Not a Pedestrian,With Traffic,Not a Pedestrian,Not a Pedestrian,Not a Pedestrian,7,Not a Pedestrian,0,Not a Pedestrian,110,Loss of Control/Turning Error,
36,360417,0,1,6,Bicyclist,3,Male,Yes,Yes,None Noted,0,Not a Pedestrian,139,Motorist Lost Control – Other/Unknown,Not a Pedestrian,At Intersection,Not a Pedestrian,Travel Lane,Not a Pedestrian,With Traffic,Not a Pedestrian,Not a Pedestrian,Not a Pedestrian,7,Not a Pedestrian,0,Not a Pedestrian,110,Loss of Control/Turning Error,
4,40726,0,1,6,Bicyclist,42,Male,None Noted,Yes,None Noted,0,Not a Pedestrian,139,Motorist Lost Control – Other/Unknown,Not a Pedestrian,Not At Intersection,Not a Pedestrian,Sidewalk/Crosswalk/Driveway Access,Not a Pedestrian,Facing Traffic,Not a Pedestrian,Not a Pedestrian,Not a Pedestrian,7,Not a Pedestrian,0,Not a Pedestrian,110,Loss of Control/Turning Error,
12,122049,0,1,6,Bicyclist,51,Male,None Noted,Yes,None Noted,0,Not a Pedestrian,139,Motorist Lost Control – Other/Unknown,Not a Pedestrian,Not At Intersection,Not a Pedestrian,Bicycle Lane/Paved Shoulder/Parking Lane,Not a Pedestrian,With Traffic,Not a Pedestrian,Not a Pedestrian,Not a Pedestrian,7,Not a Pedestrian,0,Not a Pedestrian,110,Loss of Control/Turning Error,
13,130341,0,1,6,Bicyclist,51,Male,Yes,Yes,None Noted,0,Not a Pedestrian,235,Motorist Overtaking – Bicyclist Swerved,Not a Pedestrian,Not At Intersection,Not a Pedestrian,Travel Lane,Not a Pedestrian,With Traffic,Not a Pedestrian,Not a Pedestrian,Not a Pedestrian,7,Not a Pedestrian,0,Not a Pedestrian,230,Motorist Overtaking Bicyclist,
29,290311,0,1,6,Bicyclist,21,Male,None Noted,Yes,None Noted,0,Not a Pedestrian,235,Motorist Overtaking – Bicyclist Swerved,Not a Pedestrian,Intersection-Related,Not a Pedestrian,Travel Lane,Not a Pedestrian,With Traffic,Not a Pedestrian,Not a Pedestrian,Not a Pedestrian,7,Not a Pedestrian,0,Not a Pedestrian,230,Motorist Overtaking Bicyclist,
36,360366,0,1,6,Bicyclist,57,Male,None Noted,Yes,None Noted,0,Not a Pedestrian,235,Motorist Overtaking – Bicyclist Swerved,Not a Pedestrian,Not At Intersection,Not a Pedestrian,Travel Lane,Not a Pedestrian,With Traffic,Not a Pedestrian,Not a Pedestrian,Not a Pedestrian,7,Not a Pedestrian,0,Not a Pedestrian,230,Motorist Overtaking Bicyclist,
36,360655,0,1,6,Bicyclist,21,Female,None Noted,Yes,None Noted,0,Not a Pedestrian,232,Motorist Overtaking – Misjudged Space,Not a Pedestrian,Not At Intersection,Not a Pedestrian,Travel Lane,Not a Pedestrian,With Traffic,Not a Pedestrian,Not a Pedestrian,Not a Pedestrian,7,Not a Pedestrian,0,Not a Pedestrian,230,Motorist Overtaking Bicyclist,
36,360655,0,2,6,Bicyclist,22,Female,None Noted,Yes,None Noted,0,Not a Pedestrian,232,Motorist Overtaking – Misjudged Space,Not a Pedestrian,Not At Intersection,Not a Pedestrian,Travel Lane,Not a Pedestrian,With Traffic,Not a Pedestrian,Not a Pedestrian,Not a Pedestrian,7,Not a Pedestrian,0,Not a Pedestrian,230,Motorist Overtaking Bicyclist,
34,340222,0,2,6,Bicyclist,23,Male,None Noted,Yes,Unknown,0,Not a Pedestrian,231,Motorist Overtaking – Undetected Bicyclist,Not a Pedestrian,Not At Intersection,Not a Pedestrian,Travel Lane,Not a Pedestrian,With Traffic,Not a Pedestrian,Not a Pedestrian,Not a Pedestrian,7,Not a Pedestrian,0,Not a Pedestrian,230,Motorist Overtaking Bicyclist,
32,320151,0,1,6,Bicyclist,37,Male,None Noted,Yes,None Noted,0,Not a Pedestrian,232,Motorist Overtaking – Misjudged Space,Not a Pedestrian,Not At Intersection,Not a Pedestrian,Travel Lane,Not a Pedestrian,With Traffic,Not a Pedestrian,Not a Pedestrian,Not a Pedestrian,7,Not a Pedestrian,0,Not a Pedestrian,230,Motorist Overtaking Bicyclist,
32,320097,0,1,6,Bicyclist,67,Male,None Noted,Yes,None Noted,0,Not a Pedestrian,239,Motorist Overtaking – Other/Unknown,Not a Pedestrian,Not At Intersection,Not a Pedestrian,Travel Lane,Not a Pedestrian,With Traffic,Not a Pedestrian,Not a Pedestrian,Not a Pedestrian,7,Not a Pedestrian,0,Not a Pedestrian,230,Motorist Overtaking Bicyclist,
4,40549,0,1,6,Bicyclist,44,Male,None Noted,Yes,None Noted,0,Not a Pedestrian,232,Motorist Overtaking – Misjudged Space,Not a Pedestrian,Not At Intersection,Not a Pedestrian,Bicycle Lane/Paved Shoulder/Parking Lane,Not a Pedestrian,With Traffic,Not a Pedestrian,Not a Pedestrian,Not a Pedestrian,7,Not a Pedestrian,0,Not a Pedestrian,230,Motorist Overtaking Bicyclist,
12,122281,0,1,6,Bicyclist,61,Female,None Noted,Yes,None Noted,0,Not a Pedestrian,239,Motorist Overtaking – Other/Unknown,Not a Pedestrian,Not At Intersection,Not a Pedestrian,Bicycle Lane/Paved Shoulder/Parking Lane,Not a Pedestrian,With Traffic,Not a Pedestrian,Not a Pedestrian,Not a Pedestrian,7,Not a Pedestrian,0,Not a Pedestrian,230,Motorist Overtaking Bicyclist,
42,420166,0,1,6,Bicyclist,37,Male,Yes,Yes,None Noted,0,Not a Pedestrian,250,Wrong-Way/Wrong-Side – Bicyclist,Not a Pedestrian,At Intersection,Not a Pedestrian,Sidewalk/Crosswalk/Driveway Access,Not a Pedestrian,Facing Traffic,Not a Pedestrian,Not a Pedestrian,Not a Pedestrian,7,Not a Pedestrian,0,Not a Pedestrian,258,Wrong-Way/Wrong-Side,
4,40103,0,1,6,Bicyclist,34,Male,None Noted,Yes,None Noted,0,Not a Pedestrian,250,Wrong-Way/Wrong-Side – Bicyclist,Not a Pedestrian,Not At Intersection,Not a Pedestrian,Travel Lane,Not a Pedestrian,Facing Traffic,Not a Pedestrian,Not a Pedestrian,Not a Pedestrian,7,Not a Pedestrian,0,Not a Pedestrian,258,Wrong-Way/Wrong-Side,
17,170383,0,1,6,Bicyclist,54,Male,None Noted,Yes,None Noted,0,Not a Pedestrian,250,Wrong-Way/Wrong-Side – Bicyclist,Not a Pedestrian,Not At Intersection,Not a Pedestrian,Travel Lane,Not a Pedestrian,Facing Traffic,Not a Pedestrian,Not a Pedestrian,Not a Pedestrian,7,Not a Pedestrian,0,Not a Pedestrian,258,Wrong-Way/Wrong-Side,
39,390544,0,1,6,Bicyclist,66,Male,None Noted,Yes,None Noted,0,Not a Pedestrian,610,Backing Vehicle,Not a Pedestrian,Not At Intersection,Not a Pedestrian,Sidewalk/Crosswalk/Driveway Access,Not a Pedestrian,With Traffic,Not a Pedestrian,Not a Pedestrian,Not a Pedestrian,7,Not a Pedestrian,0,Not a Pedestrian,600,Backing Vehicle,
49,490212,0,1,6,Bicyclist,55,Male,Yes,Yes,None Noted,0,Not a Pedestrian,154,Motorist Drive-Through – Signalized Intersection,Not a Pedestrian,At Intersection,Not a Pedestrian,Travel Lane,Not a Pedestrian,With Traffic,Not a Pedestrian,Not a Pedestrian,Not a Pedestrian,7,Not a Pedestrian,0,Not a Pedestrian,150,Motorist Failed to Yield – Signalized Intersection,
49,490212,0,2,6,Bicyclist,51,Female,Yes,Yes,None Noted,0,Not a Pedestrian,154,Motorist Drive-Through – Signalized Intersection,Not a Pedestrian,At Intersection,Not a Pedestrian,Travel Lane,Not a Pedestrian,With Traffic,Not a Pedestrian,Not a Pedestrian,Not a Pedestrian,7,Not a Pedestrian,0,Not a Pedestrian,150,Motorist Failed to Yield – Signalized Intersection,
28,280481,0,1,6,Bicyclist,14,Female,Yes,Yes,None Noted,0,Not a Pedestrian,250,Wrong-Way/Wrong-Side – Bicyclist,Not a Pedestrian,Not At Intersection,Not a Pedestrian,Travel Lane,Not a Pedestrian,Facing Traffic,Not a Pedestrian,Not a Pedestrian,Not a Pedestrian,7,Not a Pedestrian,0,Not a Pedestrian,258,Wrong-Way/Wrong-Side,
30,300054,0,1,6,Bicyclist,17,Male,None Noted,Yes,Unknown,0,Not a Pedestrian,250,Wrong-Way/Wrong-Side – Bicyclist,Not a Pedestrian,Not At Intersection,Not a Pedestrian,Travel Lane,Not a Pedestrian,With Traffic,Not a Pedestrian,Not a Pedestrian,Not a Pedestrian,7,Not a Pedestrian,0,Not a Pedestrian,258,Wrong-Way/Wrong-Side,
36,360557,0,1,6,Bicyclist,51,Male,None Noted,Yes,None Noted,0,Not a Pedestrian,250,Wrong-Way/Wrong-Side – Bicyclist,Not a Pedestrian,Intersection-Related,Not a Pedestrian,Travel Lane,Not a Pedestrian,Facing Traffic,Not a Pedestrian,Not a Pedestrian,Not a Pedestrian,7,Not a Pedestrian,0,Not a Pedestrian,258,Wrong-Way/Wrong-Side,
36,360699,0,1,6,Bicyclist,22,Male,None Noted,Yes,None Noted,0,Not a Pedestrian,250,Wrong-Way/Wrong-Side – Bicyclist,Not a Pedestrian,Not At Intersection,Not a Pedestrian,Travel Lane,Not a Pedestrian,Facing Traffic,Not a Pedestrian,Not a Pedestrian,Not a Pedestrian,7,Not a Pedestrian,0,Not a Pedestrian,258,Wrong-Way/Wrong-Side,
36,360953,0,1,6,Bicyclist,61,Male,None Noted,Yes,None Noted,0,Not a Pedestrian,250,Wrong-Way/Wrong-Side – Bicyclist,Not a Pedestrian,Intersection-Related,Not a Pedestrian,Travel Lane,Not a Pedestrian,Facing Traffic,Not a Pedestrian,Not a Pedestrian,Not a Pedestrian,7,Not a Pedestrian,0,Not a Pedestrian,258,Wrong-Way/Wrong-Side,
17,170845,0,1,6,Bicyclist,55,Male,Yes,Yes,None Noted,0,Not a Pedestrian,231,Motorist Overtaking – Undetected Bicyclist,Not a Pedestrian,Intersection-Related,Not a Pedestrian,Travel Lane,Not a Pedestrian,With Traffic,Not a Pedestrian,Not a Pedestrian,Not a Pedestrian,7,Not a Pedestrian,0,Not a Pedestrian,230,Motorist Overtaking Bicyclist,
34,340222,0,1,6,Bicyclist,22,Male,None Noted,Yes,Unknown,0,Not a Pedestrian,231,Motorist Overtaking – Undetected Bicyclist,Not a Pedestrian,Not At Intersection,Not a Pedestrian,Travel Lane,Not a Pedestrian,With Traffic,Not a Pedestrian,Not a Pedestrian,Not a Pedestrian,7,Not a Pedestrian,0,Not a Pedestrian,230,Motorist Overtaking Bicyclist,
12,120592,0,1,6,Bicyclist,47,Male,Yes,Yes,None Noted,0,Not a Pedestrian,231,Motorist Overtaking – Undetected Bicyclist,Not a Pedestrian,Not At Intersection,Not a Pedestrian,Bicycle Lane/Paved Shoulder/Parking Lane,Not a Pedestrian,With Traffic,Not a Pedestrian,Not a Pedestrian,Not a Pedestrian,7,Not a Pedestrian,0,Not a Pedestrian,230,Motorist Overtaking Bicyclist,
17,170372,0,1,6,Bicyclist,51,Male,None Noted,Yes,None Noted,0,Not a Pedestrian,231,Motorist Overtaking – Undetected Bicyclist,Not a Pedestrian,Not At Intersection,Not a Pedestrian,Travel Lane,Not a Pedestrian,With Traffic,Not a Pedestrian,Not a Pedestrian,Not a Pedestrian,7,Not a Pedestrian,0,Not a Pedestrian,230,Motorist Overtaking Bicyclist,
12,121433,0,1,6,Bicyclist,24,Male,None Noted,Yes,None Noted,0,Not a Pedestrian,141,Motorist Drive-Out – Sign-Controlled Intersection,Not a Pedestrian,Intersection-Related,Not a Pedestrian,Travel Lane,Not a Pedestrian,Facing Traffic,Not a Pedestrian,Not a Pedestrian,Not a Pedestrian,7,Not a Pedestrian,0,Not a Pedestrian,140,Motorist Failed to Yield – Sign-Controlled Intersection,
36,360068,0,1,6,Bicyclist,47,Male,None Noted,Yes,None Noted,0,Not a Pedestrian,231,Motorist Overtaking – Undetected Bicyclist,Not a Pedestrian,Not At Intersection,Not a Pedestrian,Travel Lane,Not a Pedestrian,With Traffic,Not a Pedestrian,Not a Pedestrian,Not a Pedestrian,7,Not a Pedestrian,0,Not a Pedestrian,230,Motorist Overtaking Bicyclist,
12,120711,0,1,6,Bicyclist,40,Male,Yes,Yes,None Noted,0,Not a Pedestrian,318,Bicyclist Ride-Out – Other Midblock,Not a Pedestrian,Not At Intersection,Not a Pedestrian,Travel Lane,Not a Pedestrian,Not Applicable,Not a Pedestrian,Not a Pedestrian,Not a Pedestrian,7,Not a Pedestrian,0,Not a Pedestrian,310,Bicyclist Failed to Yield – Midblock,
32,320148,0,1,6,Bicyclist,16,Male,Yes,Yes,None Noted,0,Not a Pedestrian,357,Multiple Threat – Midblock,Not a Pedestrian,Not At Intersection,Not a Pedestrian,Sidewalk/Crosswalk/Driveway Access,Not a Pedestrian,Not Applicable,Not a Pedestrian,Not a Pedestrian,Not a Pedestrian,7,Not a Pedestrian,0,Not a Pedestrian,310,Bicyclist Failed to Yield – Midblock,
36,360615,0,1,6,Bicyclist,8,Male,None Noted,Yes,None Noted,0,Not a Pedestrian,311,Bicyclist Ride-Out – Residential Driveway,Not a Pedestrian,Not At Intersection,Not a Pedestrian,Travel Lane,Not a Pedestrian,Unknown,Not a Pedestrian,Not a Pedestrian,Not a Pedestrian,7,Not a Pedestrian,0,Not a Pedestrian,310,Bicyclist Failed to Yield – Midblock,
49,490073,0,1,6,Bicyclist,51,Male,None Noted,Yes,None Noted,0,Not a Pedestrian,319,Bicyclist Ride-Out – Unknown,Not a Pedestrian,Not At Intersection,Not a Pedestrian,Travel Lane,Not a Pedestrian,Unknown,Not a Pedestrian,Not a Pedestrian,Not a Pedestrian,7,Not a Pedestrian,0,Not a Pedestrian,310,Bicyclist Failed to Yield – Midblock,
26,260725,0,1,6,Bicyclist,27,Male,None Noted,Yes,None Noted,0,Not a Pedestrian,319,Bicyclist Ride-Out – Unknown,Not a Pedestrian,Not At Intersection,Not a Pedestrian,Travel Lane,Not a Pedestrian,Not Applicable,Not a Pedestrian,Not a Pedestrian,Not a Pedestrian,7,Not a Pedestrian,0,Not a Pedestrian,310,Bicyclist Failed to Yield – Midblock,
12,120269,0,1,6,Bicyclist,57,Male,None Noted,Yes,None Noted,0,Not a Pedestrian,319,Bicyclist Ride-Out – Unknown,Not a Pedestrian,Not At Intersection,Not a Pedestrian,Travel Lane,Not a Pedestrian,Not Applicable,Not a Pedestrian,Not a Pedestrian,Not a Pedestrian,7,Not a Pedestrian,0,Not a Pedestrian,310,Bicyclist Failed to Yield – Midblock,
13,131031,0,1,6,Bicyclist,60,Male,None Noted,Yes,None Noted,0,Not a Pedestrian,318,Bicyclist Ride-Out – Other Midblock,Not a Pedestrian,Not At Intersection,Not a Pedestrian,Travel Lane,Not a Pedestrian,Facing Traffic,Not a Pedestrian,Not a Pedestrian,Not a Pedestrian,7,Not a Pedestrian,0,Not a Pedestrian,310,Bicyclist Failed to Yield – Midblock,
12,122590,0,1,6,Bicyclist,38,Male,None Noted,Yes,None Noted,0,Not a Pedestrian,312,Bicyclist Ride-Out – Commercial Driveway,Not a Pedestrian,Not At Intersection,Not a Pedestrian,Travel Lane,Not a Pedestrian,With Traffic,Not a Pedestrian,Not a Pedestrian,Not a Pedestrian,7,Not a Pedestrian,0,Not a Pedestrian,310,Bicyclist Failed to Yield – Midblock,
27,270198,0,1,6,Bicyclist,51,Male,None Noted,Yes,None Noted,0,Not a Pedestrian,213,Motorist Right Turn – Same Direction,Not a Pedestrian,At Intersection,Not a Pedestrian,Bicycle Lane/Paved Shoulder/Parking Lane,Not a Pedestrian,With Traffic,Not a Pedestrian,Not a Pedestrian,Not a Pedestrian,7,Not a Pedestrian,0,Not a Pedestrian,215,Motorist Right Turn/Merge,
36,360166,0,1,6,Bicyclist,36,Male,Yes,Yes,None Noted,0,Not a Pedestrian,213,Motorist Right Turn – Same Direction,Not a Pedestrian,At Intersection,Not a Pedestrian,Bicycle Lane/Paved Shoulder/Parking Lane,Not a Pedestrian,With Traffic,Not a Pedestrian,Not a Pedestrian,Not a Pedestrian,7,Not a Pedestrian,0,Not a Pedestrian,215,Motorist Right Turn/Merge,
36,360734,0,1,6,Bicyclist,34,Female,None Noted,Yes,None Noted,0,Not a Pedestrian,213,Motorist Right Turn – Same Direction,Not a Pedestrian,At Intersection,Not a Pedestrian,Travel Lane,Not a Pedestrian,With Traffic,Not a Pedestrian,Not a Pedestrian,Not a Pedestrian,7,Not a Pedestrian,0,Not a Pedestrian,215,Motorist Right Turn/Merge,
36,360603,0,1,6,Bicyclist,17,Male,None Noted,Yes,None Noted,0,Not a Pedestrian,213,Motorist Right Turn – Same Direction,Not a Pedestrian,At Intersection,Not a Pedestrian,Travel Lane,Not a Pedestrian,With Traffic,Not a Pedestrian,Not a Pedestrian,Not a Pedestrian,7,Not a Pedestrian,0,Not a Pedestrian,215,Motorist Right Turn/Merge,
34,340268,0,1,6,Bicyclist,71,Male,Yes,Yes,None Noted,0,Not a Pedestrian,213,Motorist Right Turn – Same Direction,Not a Pedestrian,At Intersection,Not a Pedestrian,Travel Lane,Not a Pedestrian,With Traffic,Not a Pedestrian,Not a Pedestrian,Not a Pedestrian,7,Not a Pedestrian,0,Not a Pedestrian,215,Motorist Right Turn/Merge,
32,320028,0,1,6,Bicyclist,55,Male,Yes,Yes,None Noted,0,Not a Pedestrian,213,Motorist Right Turn – Same Direction,Not a Pedestrian,At Intersection,Not a Pedestrian,Sidewalk/Crosswalk/Driveway Access,Not a Pedestrian,With Traffic,Not a Pedestrian,Not a Pedestrian,Not a Pedestrian,7,Not a Pedestrian,0,Not a Pedestrian,215,Motorist Right Turn/Merge,
12,122117,0,1,6,Bicyclist,67,Male,None Noted,Yes,None Noted,0,Not a Pedestrian,214,Motorist Right Turn – Opposite Direction,Not a Pedestrian,At Intersection,Not a Pedestrian,Travel Lane,Not a Pedestrian,Facing Traffic,Not a Pedestrian,Not a Pedestrian,Not a Pedestrian,7,Not a Pedestrian,0,Not a Pedestrian,215,Motorist Right Turn/Merge,
49,490204,0,1,6,Bicyclist,25,Male,Yes,Yes,None Noted,0,Not a Pedestrian,214,Motorist Right Turn – Opposite Direction,Not a Pedestrian,At Intersection,Not a Pedestrian,Travel Lane,Not a Pedestrian,With Traffic,Not a Pedestrian,Not a Pedestrian,Not a Pedestrian,7,Not a Pedestrian,0,Not a Pedestrian,215,Motorist Right Turn/Merge,
53,530467,0,1,6,Bicyclist,41,Male,None Noted,Yes,None Noted,0,Not a Pedestrian,213,Motorist Right Turn – Same Direction,Not a Pedestrian,At Intersection,Not a Pedestrian,Sidewalk/Crosswalk/Driveway Access,Not a Pedestrian,With Traffic,Not a Pedestrian,Not a Pedestrian,Not a Pedestrian,7,Not a Pedestrian,0,Not a Pedestrian,215,Motorist Right Turn/Merge,
36,360436,0,1,6,Bicyclist,15,Male,None Noted,Yes,None Noted,0,Not a Pedestrian,142,Bicyclist Ride-Out – Sign-Controlled Intersection,Not a Pedestrian,At Intersection,Not a Pedestrian,Travel Lane,Not a Pedestrian,With Traffic,Not a Pedestrian,Not a Pedestrian,Not a Pedestrian,7,Not a Pedestrian,0,Not a Pedestrian,145,Bicyclist Failed to Yield – Sign-Controlled Intersection,
24,240195,0,1,6,Bicyclist,44,Male,None Noted,Yes,None Noted,0,Not a Pedestrian,144,Bicyclist Ride-Through – Sign-Controlled Intersection,Not a Pedestrian,At Intersection,Not a Pedestrian,Travel Lane,Not a Pedestrian,With Traffic,Not a Pedestrian,Not a Pedestrian,Not a Pedestrian,7,Not a Pedestrian,0,Not a Pedestrian,145,Bicyclist Failed to Yield – Sign-Controlled Intersection,
32,320045,0,1,6,Bicyclist,13,Male,Yes,Yes,None Noted,0,Not a Pedestrian,318,Bicyclist Ride-Out – Other Midblock,Not a Pedestrian,Not At Intersection,Not a Pedestrian,Sidewalk/Crosswalk/Driveway Access,Not a Pedestrian,With Traffic,Not a Pedestrian,Not a Pedestrian,Not a Pedestrian,7,Not a Pedestrian,0,Not a Pedestrian,310,Bicyclist Failed to Yield – Midblock,