state_number,consecutive_number,vehicle_number,person_number,person_type,person_type_name,age,sex,marked_crosswalk_present,sidewalk_present,school_zone,crash_type_pedestrian,crash_type_pedestrian_name,crash_type_bicycle,crash_type_bicycle_name,crash_location_pedestrian,crash_location_bicycle,pedestrian_position,bicyclist_position,pedestrian_initial_direction_of_travel,bicyclist_initial_direction_of_travel,motorist_initial_direction_of_travel,motorist_maneuver,intersection_leg,pedestrian_scenario,pedestrian_scenario_name,crash_group_pedestrian,crash_group_pedestrian_name,crash_group_bicycle,crash_group_bicycle_name
12,120037,0,1,5,Pedestrian,48,Male,None Noted,Yes,None Noted,680,Not At Intersection – Other/Unknown,0,Not a Cyclist,Not At Intersection,Not a Cyclist,Travel Lane,Not a Cyclist,Not Applicable,Not a Cyclist,Not Applicable,Not Applicable,Not Applicable,8,Not Applicable,990,Other/Unknown – Insufficient Details,0,Not a Cyclist,
12,122744,0,1,5,Pedestrian,27,Female,None Noted,Yes,None Noted,680,Not At Intersection – Other/Unknown,0,Not a Cyclist,Not At Intersection,Not a Cyclist,Travel Lane,Not a Cyclist,Not Applicable,Not a Cyclist,Not Applicable,Not Applicable,Not Applicable,8,Not Applicable,990,Other/Unknown – Insufficient Details,0,Not a Cyclist,
24,240107,0,1,5,Pedestrian,55,Male,None Noted,Yes,None Noted,680,Not At Intersection – Other/Unknown,0,Not a Cyclist,Not At Intersection,Not a Cyclist,Travel Lane,Not a Cyclist,Not Applicable,Not a Cyclist,Not Applicable,Not Applicable,Not Applicable,8,Not Applicable,990,Other/Unknown – Insufficient Details,0,Not a Cyclist,
12,122506,0,1,5,Pedestrian,57,Male,None Noted,Yes,None Noted,680,Not At Intersection – Other/Unknown,0,Not a Cyclist,Not At Intersection,Not a Cyclist,Travel Lane,Not a Cyclist,Not Applicable,Not a Cyclist,Not Applicable,Not Applicable,Not Applicable,8,Not Applicable,990,Other/Unknown – Insufficient Details,0,Not a Cyclist,
24,240387,0,1,5,Pedestrian,56,Female,None Noted,Yes,None Noted,680,Not At Intersection – Other/Unknown,0,Not a Cyclist,Not At Intersection,Not a Cyclist,Sidewalk/Shared-Use Path/Driveway Access,Not a Cyclist,Not Applicable,Not a Cyclist,Not Applicable,Not Applicable,Not Applicable,8,Not Applicable,990,Other/Unknown – Insufficient Details,0,Not a Cyclist,
24,240387,0,2,5,Pedestrian,56,Female,None Noted,Yes,None Noted,680,Not At Intersection – Other/Unknown,0,Not a Cyclist,Not At Intersection,Not a Cyclist,Sidewalk/Shared-Use Path/Driveway Access,Not a Cyclist,Not Applicable,Not a Cyclist,Not Applicable,Not Applicable,Not Applicable,8,Not Applicable,990,Other/Unknown – Insufficient Details,0,Not a Cyclist,
13,130408,0,1,5,Pedestrian,40,Male,None Noted,Yes,None Noted,680,Not At Intersection – Other/Unknown,0,Not a Cyclist,Not At Intersection,Not a Cyclist,Travel Lane,Not a Cyclist,Not Applicable,Not a Cyclist,Not Applicable,Not Applicable,Not Applicable,8,Not Applicable,990,Other/Unknown – Insufficient Details,0,Not a Cyclist,
12,122264,0,1,5,Pedestrian,53,Female,None Noted,Yes,None Noted,680,Not At Intersection – Other/Unknown,0,Not a Cyclist,Not At Intersection,Not a Cyclist,Travel Lane,Not a Cyclist,Not Applicable,Not a Cyclist,Not Applicable,Not Applicable,Not Applicable,8,Not Applicable,990,Other/Unknown – Insufficient Details,0,Not a Cyclist,
17,170614,0,1,5,Pedestrian,24,Male,None Noted,Yes,None Noted,680,Not At Intersection – Other/Unknown,0,Not a Cyclist,Not At Intersection,Not a Cyclist,Travel Lane,Not a Cyclist,Not Applicable,Not a Cyclist,Not Applicable,Not Applicable,Not Applicable,8,Not Applicable,990,Other/Unknown – Insufficient Details,0,Not a Cyclist,
13,130008,0,1,5,Pedestrian,72,Male,None Noted,Yes,None Noted,680,Not At Intersection – Other/Unknown,0,Not a Cyclist,Not At Intersection,Not a Cyclist,Travel Lane,Not a Cyclist,Not Applicable,Not a Cyclist,Not Applicable,Not Applicable,Not Applicable,8,Not Applicable,990,Other/Unknown – Insufficient Details,0,Not a Cyclist,
47,470036,0,1,5,Pedestrian,11,Male,None Noted,Yes,None Noted,680,Not At Intersection – Other/Unknown,0,Not a Cyclist,Not At Intersection,Not a Cyclist,Unpaved Right-of-Way,Not a Cyclist,Not Applicable,Not a Cyclist,Not Applicable,Not Applicable,Not Applicable,8,Not Applicable,990,Other/Unknown – Insufficient Details,0,Not a Cyclist,
22,220396,0,1,5,Pedestrian,40,Male,None Noted,Yes,None Noted,680,Not At Intersection – Other/Unknown,0,Not a Cyclist,Not At Intersection,Not a Cyclist,Travel Lane,Not a Cyclist,Not Applicable,Not a Cyclist,Not Applicable,Not Applicable,Not Applicable,8,Not Applicable,990,Other/Unknown – Insufficient Details,0,Not a Cyclist,
17,170957,0,1,5,Pedestrian,48,Female,None Noted,Yes,None Noted,680,Not At Intersection – Other/Unknown,0,Not a Cyclist,Not At Intersection,Not a Cyclist,Travel Lane,Not a Cyclist,Not Applicable,Not a Cyclist,Not Applicable,Not Applicable,Not Applicable,8,Not Applicable,990,Other/Unknown – Insufficient Details,0,Not a Cyclist,
19,190027,0,1,5,Pedestrian,21,Male,None Noted,Yes,None Noted,680,Not At Intersection – Other/Unknown,0,Not a Cyclist,Not At Intersection,Not a Cyclist,Travel Lane,Not a Cyclist,Not Applicable,Not a Cyclist,Not Applicable,Not Applicable,Not Applicable,8,Not Applicable,990,Other/Unknown – Insufficient Details,0,Not a Cyclist,
19,190148,0,1,5,Pedestrian,52,Male,None Noted,Yes,None Noted,680,Not At Intersection – Other/Unknown,0,Not a Cyclist,Not At Intersection,Not a Cyclist,Travel Lane,Not a Cyclist,Not Applicable,Not a Cyclist,Not Applicable,Not Applicable,Not Applicable,8,Not Applicable,990,Other/Unknown – Insufficient Details,0,Not a Cyclist,
17,170748,0,1,5,Pedestrian,71,Male,Yes,Yes,None Noted,680,Not At Intersection – Other/Unknown,0,Not a Cyclist,Not At Intersection,Not a Cyclist,Travel Lane,Not a Cyclist,Not Applicable,Not a Cyclist,Not Applicable,Not Applicable,Not Applicable,8,Not Applicable,990,Other/Unknown – Insufficient Details,0,Not a Cyclist,
39,391071,0,1,5,Pedestrian,25,Male,None Noted,Yes,None Noted,710,Multiple Threat,0,Not a Cyclist,Not At Intersection,Not a Cyclist,Travel Lane,Not a Cyclist,Not Applicable,Not a Cyclist,Not Applicable,Not Applicable,Not Applicable,8,Not Applicable,720,Multiple Threat/Trapped,0,Not a Cyclist,
25,250114,0,1,5,Pedestrian,65,Male,Yes,Yes,None Noted,710,Multiple Threat,0,Not a Cyclist,Not At Intersection,Not a Cyclist,Crosswalk Area,Not a Cyclist,Not Applicable,Not a Cyclist,Not Applicable,Not Applicable,Not Applicable,8,Not Applicable,720,Multiple Threat/Trapped,0,Not a Cyclist,
25,250171,0,1,5,Pedestrian,23,Male,None Noted,Yes,Unknown,710,Multiple Threat,0,Not a Cyclist,Not At Intersection,Not a Cyclist,Travel Lane,Not a Cyclist,Not Applicable,Not a Cyclist,Not Applicable,Not Applicable,Not Applicable,8,Not Applicable,720,Multiple Threat/Trapped,0,Not a Cyclist,
36,361013,0,1,5,Pedestrian,28,Male,None Noted,Yes,None Noted,791,Motorist Right Turn – Parallel Paths,0,Not a Cyclist,Not At Intersection,Not a Cyclist,Travel Lane,Not a Cyclist,Not Applicable,Not a Cyclist,Not Applicable,Not Applicable,Not Applicable,8,Not Applicable,790,Crossing Roadway – Vehicle Turning,0,Not a Cyclist,
41,410168,0,1,5,Pedestrian,58,Male,Yes,Yes,None Noted,781,Motorist Left Turn – Parallel Paths,0,Not a Cyclist,Not At Intersection,Not a Cyclist,Travel Lane,Not a Cyclist,Not Applicable,Not a Cyclist,Not Applicable,Not Applicable,Not Applicable,8,Not Applicable,790,Crossing Roadway – Vehicle Turning,0,Not a Cyclist,
13,131175,0,1,5,Pedestrian,56,Male,None Noted,Yes,None Noted,781,Motorist Left Turn – Parallel Paths,0,Not a Cyclist,Not At Intersection,Not a Cyclist,Travel Lane,Not a Cyclist,Not Applicable,Not a Cyclist,Not Applicable,Not Applicable,Not Applicable,8,Not Applicable,790,Crossing Roadway – Vehicle Turning,0,Not a Cyclist,
36,360201,0,1,5,Pedestrian,52,Female,None Noted,Yes,None Noted,781,Motorist Left Turn – Parallel Paths,0,Not a Cyclist,Not At Intersection,Not a Cyclist,Travel Lane,Not a Cyclist,Not Applicable,Not a Cyclist,Not Applicable,Not Applicable,Not Applicable,8,Not Applicable,790,Crossing Roadway – Vehicle Turning,0,Not a Cyclist,
39,391030,0,1,5,Pedestrian,32,Male,None Noted,Yes,None Noted,781,Motorist Left Turn – Parallel Paths,0,Not a Cyclist,Not At Intersection,Not a Cyclist,Travel Lane,Not a Cyclist,Not Applicable,Not a Cyclist,Not Applicable,Not Applicable,Not Applicable,8,Not Applicable,790,Crossing Roadway – Vehicle Turning,0,Not a Cyclist,
53,530401,0,1,5,Pedestrian,71,Male,None Noted,Yes,None Noted,781,Motorist Left Turn – Parallel Paths,0,Not a Cyclist,Not At Intersection,Not a Cyclist,Travel Lane,Not a Cyclist,Not Applicable,Not a Cyclist,Not Applicable,Not Applicable,Not Applicable,8,Not Applicable,790,Crossing Roadway – Vehicle Turning,0,Not a Cyclist,
12,121681,0,1,5,Pedestrian,96,Male,None Noted,Yes,None Noted,212,Backing Vehicle – Driveway Access,0,Not a Cyclist,Not At Intersection,Not a Cyclist,Sidewalk/Shared-Use Path/Driveway Access,Not a Cyclist,Not Applicable,Not a Cyclist,Not Applicable,Not Applicable,Not Applicable,8,Not Applicable,200,Backing Vehicle,0,Not a Cyclist,
53,530105,0,1,5,Pedestrian,1,Female,Unknown,Yes,None Noted,212,Backing Vehicle – Driveway Access,0,Not a Cyclist,Not At Intersection,Not a Cyclist,Sidewalk/Shared-Use Path/Driveway Access,Not a Cyclist,Not Applicable,Not a Cyclist,Not Applicable,Not Applicable,Not Applicable,8,Not Applicable,200,Backing Vehicle,0,Not a Cyclist,
53,530134,0,1,5,Pedestrian,85,Female,None Noted,Yes,None Noted,212,Backing Vehicle – Driveway Access,0,Not a Cyclist,Not At Intersection,Not a Cyclist,Sidewalk/Shared-Use Path/Driveway Access,Not a Cyclist,Not Applicable,Not a Cyclist,Not Applicable,Not Applicable,Not Applicable,8,Not Applicable,200,Backing Vehicle,0,Not a Cyclist,
55,550024,0,1,5,Pedestrian,68,Male,Unknown,Yes,Unknown,212,Backing Vehicle – Driveway Access,0,Not a Cyclist,Not At Intersection,Not a Cyclist,Sidewalk/Shared-Use Path/Driveway Access,Not a Cyclist,Not Applicable,Not a Cyclist,Not Applicable,Not Applicable,Not Applicable,8,Not Applicable,200,Backing Vehicle,0,Not a Cyclist,
36,360371,0,1,5,Pedestrian,64,Male,None Noted,Yes,None Noted,212,Backing Vehicle – Driveway Access,0,Not a Cyclist,Not At Intersection,Not a Cyclist,Sidewalk/Shared-Use Path/Driveway Access,Not a Cyclist,Not Applicable,Not a Cyclist,Not Applicable,Not Applicable,Not Applicable,8,Not Applicable,200,Backing Vehicle,0,Not a Cyclist,
46,460009,0,1,5,Pedestrian,55,Male,None Noted,Yes,None Noted,212,Backing Vehicle – Driveway Access,0,Not a Cyclist,Not At Intersection,Not a Cyclist,Sidewalk/Shared-Use Path/Driveway Access,Not a Cyclist,Not Applicable,Not a Cyclist,Not Applicable,Not Applicable,Not Applicable,8,Not Applicable,200,Backing Vehicle,0,Not a Cyclist,
17,170301,0,1,5,Pedestrian,54,Male,None Noted,Yes,None Noted,212,Backing Vehicle – Driveway Access,0,Not a Cyclist,Not At Intersection,Not a Cyclist,Sidewalk/Shared-Use Path/Driveway Access,Not a Cyclist,Not Applicable,Not a Cyclist,Not Applicable,Not Applicable,Not Applicable,8,Not Applicable,200,Backing Vehicle,0,Not a Cyclist,
34,340089,0,1,5,Pedestrian,75,Male,None Noted,Yes,None Noted,212,Backing Vehicle – Driveway Access,0,Not a Cyclist,Not At Intersection,Not a Cyclist,Sidewalk/Shared-Use Path/Driveway Access,Not a Cyclist,Not Applicable,Not a Cyclist,Not Applicable,Not Applicable,Not Applicable,8,Not Applicable,200,Backing Vehicle,0,Not a Cyclist,
17,170195,0,1,5,Pedestrian,1,Female,None Noted,Yes,None Noted,212,Backing Vehicle – Driveway Access,0,Not a Cyclist,Not At Intersection,Not a Cyclist,Sidewalk/Shared-Use Path/Driveway Access,Not a Cyclist,Not Applicable,Not a Cyclist,Not Applicable,Not Applicable,Not Applicable,8,Not Applicable,200,Backing Vehicle,0,Not a Cyclist,
18,180247,0,1,5,Pedestrian,70,Female,None Noted,Yes,None Noted,213,Backing Vehicle – Trafficway,0,Not a Cyclist,Not At Intersection,Not a Cyclist,Travel Lane,Not a Cyclist,Not Applicable,Not a Cyclist,Not Applicable,Not Applicable,Not Applicable,8,Not Applicable,200,Backing Vehicle,0,Not a Cyclist,
34,340426,0,1,5,Pedestrian,77,Female,None Noted,Yes,Unknown,212,Backing Vehicle – Driveway Access,0,Not a Cyclist,Not At Intersection,Not a Cyclist,Other/Unknown,Not a Cyclist,Not Applicable,Not a Cyclist,Not Applicable,Not Applicable,Not Applicable,8,Not Applicable,200,Backing Vehicle,0,Not a Cyclist,
25,250260,0,1,5,Pedestrian,84,Male,None Noted,Yes,None Noted,212,Backing Vehicle – Driveway Access,0,Not a Cyclist,Not At Intersection,Not a Cyclist,Travel Lane,Not a Cyclist,Not Applicable,Not a Cyclist,Not Applicable,Not Applicable,Not Applicable,8,Not Applicable,200,Backing Vehicle,0,Not a Cyclist,
36,360086,0,1,5,Pedestrian,90,Female,None Noted,Yes,None Noted,212,Backing Vehicle – Driveway Access,0,Not a Cyclist,Not At Intersection,Not a Cyclist,Travel Lane,Not a Cyclist,Not Applicable,Not a Cyclist,Not Applicable,Not Applicable,Not Applicable,8,Not Applicable,200,Backing Vehicle,0,Not a Cyclist,
36,360390,0,1,5,Pedestrian,66,Male,None Noted,Yes,None Noted,213,Backing Vehicle – Trafficway,0,Not a Cyclist,Not At Intersection,Not a Cyclist,Travel Lane,Not a Cyclist,Not Applicable,Not a Cyclist,Not Applicable,Not Applicable,Not Applicable,8,Not Applicable,200,Backing Vehicle,0,Not a Cyclist,
18,180368,0,2,5,Pedestrian,22,Male,None Noted,Yes,None Noted,213,Backing Vehicle – Trafficway,0,Not a Cyclist,Not At Intersection,Not a Cyclist,Other/Unknown,Not a Cyclist,Not Applicable,Not a Cyclist,Not Applicable,Not Applicable,Not Applicable,8,Not Applicable,200,Backing Vehicle,0,Not a Cyclist,
36,360926,0,1,5,Pedestrian,65,Female,None Noted,Yes,Yes,213,Backing Vehicle – Trafficway,0,Not a Cyclist,Not At Intersection,Not a Cyclist,Travel Lane,Not a Cyclist,Not Applicable,Not a Cyclist,Not Applicable,Not Applicable,Not Applicable,8,Not Applicable,200,Backing Vehicle,0,Not a Cyclist,
34,340019,0,1,5,Pedestrian,53,Male,None Noted,Yes,None Noted,213,Backing Vehicle – Trafficway,0,Not a Cyclist,Not At Intersection,Not a Cyclist,Travel Lane,Not a Cyclist,Not Applicable,Not a Cyclist,Not Applicable,Not Applicable,Not Applicable,8,Not Applicable,200,Backing Vehicle,0,Not a Cyclist,
25,250168,0,1,5,Pedestrian,62,Male,Yes,Yes,None Noted,213,Backing Vehicle – Trafficway,0,Not a Cyclist,Not At Intersection,Not a Cyclist,Travel Lane,Not a Cyclist,Not Applicable,Not a Cyclist,Not Applicable,Not Applicable,Not Applicable,8,Not Applicable,200,Backing Vehicle,0,Not a Cyclist,
18,180368,0,1,5,Pedestrian,48,Male,None Noted,Yes,None Noted,213,Backing Vehicle – Trafficway,0,Not a Cyclist,Not At Intersection,Not a Cyclist,Other/Unknown,Not a Cyclist,Not Applicable,Not a Cyclist,Not Applicable,Not Applicable,Not Applicable,8,Not Applicable,200,Backing Vehicle,0,Not a Cyclist,
48,482645,0,1,5,Pedestrian,2,Female,None Noted,Yes,None Noted,213,Backing Vehicle – Trafficway,0,Not a Cyclist,Not At Intersection,Not a Cyclist,Travel Lane,Not a Cyclist,Not Applicable,Not a Cyclist,Not Applicable,Not Applicable,Not Applicable,8,Not Applicable,200,Backing Vehicle,0,Not a Cyclist,
9,90103,0,1,5,Pedestrian,60,Female,None Noted,Yes,None Noted,213,Backing Vehicle – Trafficway,0,Not a Cyclist,Not At Intersection,Not a Cyclist,Travel Lane,Not a Cyclist,Not Applicable,Not a Cyclist,Not Applicable,Not Applicable,Not Applicable,8,Not Applicable,200,Backing Vehicle,0,Not a Cyclist,
11,110008,0,1,5,Pedestrian,73,Male,None Noted,Yes,None Noted,213,Backing Vehicle – Trafficway,0,Not a Cyclist,Not At Intersection,Not a Cyclist,Travel Lane,Not a Cyclist,Not Applicable,Not a Cyclist,Not Applicable,Not Applicable,Not Applicable,8,Not Applicable,200,Backing Vehicle,0,Not a Cyclist,
9,90178,0,1,5,Pedestrian,64,Male,None Noted,Yes,None Noted,341,Transit Bus-Related,0,Not a Cyclist,Not At Intersection,Not a Cyclist,Travel Lane,Not a Cyclist,Not Applicable,Not a Cyclist,Not Applicable,Not Applicable,Not Applicable,8,Not Applicable,340,Bus-Related,0,Not a Cyclist,
17,170902,0,1,5,Pedestrian,37,Male,None Noted,Yes,None Noted,341,Transit Bus-Related,0,Not a Cyclist,Not At Intersection,Not a Cyclist,Travel Lane,Not a Cyclist,Not Applicable,Not a Cyclist,Not Applicable,Not Applicable,Not Applicable,8,Not Applicable,340,Bus-Related,0,Not a Cyclist,
39,390514,0,1,5,Pedestrian,54,Male,None Noted,Yes,None Noted,341,Transit Bus-Related,0,Not a Cyclist,Not At Intersection,Not a Cyclist,Sidewalk/Shared-Use Path/Driveway Access,Not a Cyclist,Not Applicable,Not a Cyclist,Not Applicable,Not Applicable,Not Applicable,8,Not Applicable,340,Bus-Related,0,Not a Cyclist,
36,360269,0,1,5,Pedestrian,68,Female,None Noted,Yes,Yes,341,Transit Bus-Related,0,Not a Cyclist,Not At Intersection,Not a Cyclist,Travel Lane,Not a Cyclist,Not Applicable,Not a Cyclist,Not Applicable,Not Applicable,Not Applicable,8,Not Applicable,340,Bus-Related,0,Not a Cyclist,
48,480384,0,1,5,Pedestrian,66,Male,Yes,Yes,None Noted,341,Transit Bus-Related,0,Not a Cyclist,Not At Intersection,Not a Cyclist,Crosswalk Area,Not a Cyclist,Not Applicable,Not a Cyclist,Not Applicable,Not Applicable,Not Applicable,8,Not Applicable,340,Bus-Related,0,Not a Cyclist,
17,170952,0,1,5,Pedestrian,51,Female,Yes,Yes,None Noted,510,Waiting to Cross – Vehicle Turning,0,Not a Cyclist,Not At Intersection,Not a Cyclist,Sidewalk/Shared-Use Path/Driveway Access,Not a Cyclist,Not Applicable,Not a Cyclist,Not Applicable,Not Applicable,Not Applicable,8,Not Applicable,500,Waiting to Cross,0,Not a Cyclist,
13,130293,0,1,5,Pedestrian,33,Female,Yes,Yes,None Noted,590,Waiting to Cross – Vehicle Action Unknown,0,Not a Cyclist,Not At Intersection,Not a Cyclist,Sidewalk/Shared-Use Path/Driveway Access,Not a Cyclist,Not Applicable,Not a Cyclist,Not Applicable,Not Applicable,Not Applicable,8,Not Applicable,500,Waiting to Cross,0,Not a Cyclist,
12,120234,0,1,5,Pedestrian,15,Female,None Noted,Yes,None Noted,520,Waiting to Cross – Vehicle Not Turning,0,Not a Cyclist,Not At Intersection,Not a Cyclist,Sidewalk/Shared-Use Path/Driveway Access,Not a Cyclist,Not Applicable,Not a Cyclist,Not Applicable,Not Applicable,Not Applicable,8,Not Applicable,500,Waiting to Cross,0,Not a Cyclist,
51,510654,0,1,5,Pedestrian,69,Male,None Noted,Yes,None Noted,520,Waiting to Cross – Vehicle Not Turning,0,Not a Cyclist,Not At Intersection,Not a Cyclist,Other/Unknown,Not a Cyclist,Not Applicable,Not a Cyclist,Not Applicable,Not Applicable,Not Applicable,8,Not Applicable,500,Waiting to Cross,0,Not a Cyclist,
29,290471,0,1,5,Pedestrian,42,Male,Yes,Yes,None Noted,520,Waiting to Cross – Vehicle Not Turning,0,Not a Cyclist,Not At Intersection,Not a Cyclist,Sidewalk/Shared-Use Path/Driveway Access,Not a Cyclist,Not Applicable,Not a Cyclist,Not Applicable,Not Applicable,Not Applicable,8,Not Applicable,500,Waiting to Cross,0,Not a Cyclist,
26,260885,0,1,5,Pedestrian,53,Female,None Noted,Yes,None Noted,465,Motorist Exiting Driveway,0,Not a Cyclist,Not At Intersection,Not a Cyclist,Sidewalk/Shared-Use Path/Driveway Access,Not a Cyclist,Not Applicable,Not a Cyclist,Not Applicable,Not Applicable,Not Applicable,8,Not Applicable,460,Driveway Access/ Driveway Access Related,0,Not a Cyclist,
17,170743,0,1,5,Pedestrian,86,Female,None Noted,Yes,None Noted,465,Motorist Exiting Driveway,0,Not a Cyclist,Not At Intersection,Not a Cyclist,Sidewalk/Shared-Use Path/Driveway Access,Not a Cyclist,Not Applicable,Not a Cyclist,Not Applicable,Not Applicable,Not Applicable,8,Not Applicable,460,Driveway Access/ Driveway Access Related,0,Not a Cyclist,
9,90162,0,1,5,Pedestrian,1,Male,None Noted,Yes,None Noted,465,Motorist Exiting Driveway,0,Not a Cyclist,Not At Intersection,Not a Cyclist,Sidewalk/Shared-Use Path/Driveway Access,Not a Cyclist,Not Applicable,Not a Cyclist,Not Applicable,Not Applicable,Not Applicable,8,Not Applicable,460,Driveway Access/ Driveway Access Related,0,Not a Cyclist,
2,20008,0,1,5,Pedestrian,23,Female,None Noted,Yes,None Noted,465,Motorist Exiting Driveway,0,Not a Cyclist,Not At Intersection,Not a Cyclist,Sidewalk/Shared-Use Path/Driveway Access,Not a Cyclist,Not Applicable,Not a Cyclist,Not Applicable,Not Applicable,Not Applicable,8,Not Applicable,460,Driveway Access/ Driveway Access Related,0,Not a Cyclist,
17,170289,0,1,5,Pedestrian,59,Female,None Noted,Yes,None Noted,465,Motorist Exiting Driveway,0,Not a Cyclist,Not At Intersection,Not a Cyclist,Travel Lane,Not a Cyclist,Not Applicable,Not a Cyclist,Not Applicable,Not Applicable,Not Applicable,8,Not Applicable,460,Driveway Access/ Driveway Access Related,0,Not a Cyclist,
41,410006,0,2,5,Pedestrian,63,Female,None Noted,Yes,None Noted,461,Motorist Entering Driveway,0,Not a Cyclist,Not At Intersection,Not a Cyclist,Sidewalk/Shared-Use Path/Driveway Access,Not a Cyclist,Not Applicable,Not a Cyclist,Not Applicable,Not Applicable,Not Applicable,8,Not Applicable,460,Driveway Access/ Driveway Access Related,0,Not a Cyclist,
41,410006,0,1,5,Pedestrian,64,Male,None Noted,Yes,None Noted,461,Motorist Entering Driveway,0,Not a Cyclist,Not At Intersection,Not a Cyclist,Sidewalk/Shared-Use Path/Driveway Access,Not a Cyclist,Not Applicable,Not a Cyclist,Not Applicable,Not Applicable,Not Applicable,8,Not Applicable,460,Driveway Access/ Driveway Access Related,0,Not a Cyclist,
55,550495,0,1,5,Pedestrian,82,Female,None Noted,Yes,None Noted,465,Motorist Exiting Driveway,0,Not a Cyclist,Not At Intersection,Not a Cyclist,Sidewalk/Shared-Use Path/Driveway Access,Not a Cyclist,Not Applicable,Not a Cyclist,Not Applicable,Not Applicable,Not Applicable,8,Not Applicable,460,Driveway Access/ Driveway Access Related,0,Not a Cyclist,
32,320221,0,1,5,Pedestrian,80,Female,None Noted,Yes,None Noted,465,Motorist Exiting Driveway,0,Not a Cyclist,Not At Intersection,Not a Cyclist,Sidewalk/Shared-Use Path/Driveway Access,Not a Cyclist,Not Applicable,Not a Cyclist,Not Applicable,Not Applicable,Not Applicable,8,Not Applicable,460,Driveway Access/ Driveway Access Related,0,Not a Cyclist,
32,320273,0,1,5,Pedestrian,68,Male,None Noted,Yes,None Noted,465,Motorist Exiting Driveway,0,Not a Cyclist,Not At Intersection,Not a Cyclist,Sidewalk/Shared-Use Path/Driveway Access,Not a Cyclist,Not Applicable,Not a Cyclist,Not Applicable,Not Applicable,Not Applicable,8,Not Applicable,460,Driveway Access/ Driveway Access Related,0,Not a Cyclist,
8,80021,0,1,8,Person on Personal Conveyances,64,Female,None Noted,Yes,None Noted,465,Motorist Exiting Driveway,0,Not a Cyclist,Not At Intersection,Not a Cyclist,Sidewalk/Shared-Use Path/Driveway Access,Not a Cyclist,Not Applicable,Not a Cyclist,Not Applicable,Not Applicable,Not Applicable,8,Not Applicable,460,Driveway Access/ Driveway Access Related,0,Not a Cyclist,
19,190252,0,1,5,Pedestrian,67,Female,None Noted,Yes,None Noted,469,Driveway Access – Other/Unknown,0,Not a Cyclist,Not At Intersection,Not a Cyclist,Sidewalk/Shared-Use Path/Driveway Access,Not a Cyclist,Not Applicable,Not a Cyclist,Not Applicable,Not Applicable,Not Applicable,8,Not Applicable,460,Driveway Access/ Driveway Access Related,0,Not a Cyclist,
8,80353,0,1,5,Pedestrian,58,Male,None Noted,Yes,None Noted,910,Crossing an Expressway,0,Not a Cyclist,Not At Intersection,Not a Cyclist,Travel Lane,Not a Cyclist,Not Applicable,Not a Cyclist,Not Applicable,Not Applicable,Not Applicable,8,Not Applicable,910,Crossing Expressway,0,Not a Cyclist,
12,120073,0,1,5,Pedestrian,59,Male,None Noted,Yes,None Noted,910,Crossing an Expressway,0,Not a Cyclist,Not At Intersection,Not a Cyclist,Travel Lane,Not a Cyclist,Not Applicable,Not a Cyclist,Not Applicable,Not Applicable,Not Applicable,8,Not Applicable,910,Crossing Expressway,0,Not a Cyclist,
25,250289,0,1,5,Pedestrian,78,Female,None Noted,Yes,None Noted,420,Walking/Running Along Roadway With Traffic – From Front,0,Not a Cyclist,Not At Intersection,Not a Cyclist,Sidewalk/Shared-Use Path/Driveway Access,Not a Cyclist,Not Applicable,Not a Cyclist,Not Applicable,Not Applicable,Not Applicable,8,Not Applicable,400,Walking/Running Along Roadway,0,Not a Cyclist,
36,360243,0,1,5,Pedestrian,56,Female,None Noted,Yes,None Noted,459,Walking/Running Along Roadway – Direction/Position Unknown,0,Not a Cyclist,Not At Intersection,Not a Cyclist,Paved Shoulder/Bicycle Lane/Parking Lane,Not a Cyclist,Not Applicable,Not a Cyclist,Not Applicable,Not Applicable,Not Applicable,8,Not Applicable,400,Walking/Running Along Roadway,0,Not a Cyclist,
42,421015,0,1,5,Pedestrian,50,Female,None Noted,Yes,None Noted,459,Walking/Running Along Roadway – Direction/Position Unknown,0,Not a Cyclist,Not At Intersection,Not a Cyclist,Sidewalk/Shared-Use Path/Driveway Access,Not a Cyclist,Not Applicable,Not a Cyclist,Not Applicable,Not Applicable,Not Applicable,8,Not Applicable,400,Walking/Running Along Roadway,0,Not a Cyclist,
36,360181,0,1,5,Pedestrian,37,Male,None Noted,Yes,None Noted,459,Walking/Running Along Roadway – Direction/Position Unknown,0,Not a Cyclist,Not At Intersection,Not a Cyclist,Travel Lane,Not a Cyclist,Not Applicable,Not a Cyclist,Not Applicable,Not Applicable,Not Applicable,8,Not Applicable,400,Walking/Running Along Roadway,0,Not a Cyclist,
26,260699,0,1,5,Pedestrian,42,Female,None Noted,Yes,None Noted,459,Walking/Running Along Roadway – Direction/Position Unknown,0,Not a Cyclist,Not At Intersection,Not a Cyclist,Travel Lane,Not a Cyclist,Not Applicable,Not a Cyclist,Not Applicable,Not Applicable,Not Applicable,8,Not Applicable,400,Walking/Running Along Roadway,0,Not a Cyclist,
39,390984,0,1,5,Pedestrian,57,Female,None Noted,Yes,None Noted,410,Walking/Running Along Roadway With Traffic – From Behind,0,Not a Cyclist,Not At Intersection,Not a Cyclist,Sidewalk/Shared-Use Path/Driveway Access,Not a Cyclist,Not Applicable,Not a Cyclist,Not Applicable,Not Applicable,Not Applicable,8,Not Applicable,400,Walking/Running Along Roadway,0,Not a Cyclist,
34,340476,0,2,5,Pedestrian,38,Female,None Noted,Yes,None Noted,410,Walking/Running Along Roadway With Traffic – From Behind,0,Not a Cyclist,Not At Intersection,Not a Cyclist,Sidewalk/Shared-Use Path/Driveway Access,Not a Cyclist,Not Applicable,Not a Cyclist,Not Applicable,Not Applicable,Not Applicable,8,Not Applicable,400,Walking/Running Along Roadway,0,Not a Cyclist,
34,340476,0,1,5,Pedestrian,66,Female,None Noted,Yes,None Noted,410,Walking/Running Along Roadway With Traffic – From Behind,0,Not a Cyclist,Not At Intersection,Not a Cyclist,Sidewalk/Shared-Use Path/Driveway Access,Not a Cyclist,Not Applicable,Not a Cyclist,Not Applicable,Not Applicable,Not Applicable,8,Not Applicable,400,Walking/Running Along Roadway,0,Not a Cyclist,
47,470835,0,1,8,Person on Personal Conveyances,22,Male,None Noted,Yes,None Noted,410,Walking/Running Along Roadway With Traffic – From Behind,0,Not a Cyclist,Not At Intersection,Not a Cyclist,Travel Lane,Not a Cyclist,Not Applicable,Not a Cyclist,Not Applicable,Not Applicable,Not Applicable,8,Not Applicable,400,Walking/Running Along Roadway,0,Not a Cyclist,