state_number,consecutive_number,vehicle_number,person_number,person_type,person_type_name,age,sex,marked_crosswalk_present,sidewalk_present,school_zone,crash_type_pedestrian,crash_type_pedestrian_name,crash_type_bicycle,crash_type_bicycle_name,crash_location_pedestrian,crash_location_bicycle,pedestrian_position,bicyclist_position,pedestrian_initial_direction_of_travel,bicyclist_initial_direction_of_travel,motorist_initial_direction_of_travel,motorist_maneuver,intersection_leg,pedestrian_scenario,pedestrian_scenario_name,crash_group_pedestrian,crash_group_pedestrian_name,crash_group_bicycle,crash_group_bicycle_name
34,340318,0,1,6,Bicyclist,76,Male,Unknown,Unknown,None Noted,0,Not a Pedestrian,160,Crossing Paths – Uncontrolled Intersection,Not a Pedestrian,At Intersection,Not a Pedestrian,Travel Lane,Not a Pedestrian,With Traffic,Not a Pedestrian,Not a Pedestrian,Not a Pedestrian,7,Not a Pedestrian,0,Not a Pedestrian,190,Crossing Paths – Other Circumstances,
4,40104,0,1,6,Bicyclist,73,Male,None Noted,Unknown,None Noted,0,Not a Pedestrian,221,Bicyclist Left Turn – Same Direction,Not a Pedestrian,Not At Intersection,Not a Pedestrian,Travel Lane,Not a Pedestrian,With Traffic,Not a Pedestrian,Not a Pedestrian,Not a Pedestrian,7,Not a Pedestrian,0,Not a Pedestrian,220,Bicyclist Left Turn/Merge,
34,340270,0,1,6,Bicyclist,44,Male,None Noted,Unknown,None Noted,0,Not a Pedestrian,221,Bicyclist Left Turn – Same Direction,Not a Pedestrian,Not At Intersection,Not a Pedestrian,Travel Lane,Not a Pedestrian,With Traffic,Not a Pedestrian,Not a Pedestrian,Not a Pedestrian,7,Not a Pedestrian,0,Not a Pedestrian,220,Bicyclist Left Turn/Merge,
53,530304,0,1,6,Bicyclist,69,Female,None Noted,Unknown,None Noted,0,Not a Pedestrian,221,Bicyclist Left Turn – Same Direction,Not a Pedestrian,Not At Intersection,Not a Pedestrian,Travel Lane,Not a Pedestrian,With Traffic,Not a Pedestrian,Not a Pedestrian,Not a Pedestrian,7,Not a Pedestrian,0,Not a Pedestrian,220,Bicyclist Left Turn/Merge,
34,340343,0,1,6,Bicyclist,59,Male,Unknown,Unknown,None Noted,0,Not a Pedestrian,221,Bicyclist Left Turn – Same Direction,Not a Pedestrian,Not At Intersection,Not a Pedestrian,Travel Lane,Not a Pedestrian,With Traffic,Not a Pedestrian,Not a Pedestrian,Not a Pedestrian,7,Not a Pedestrian,0,Not a Pedestrian,220,Bicyclist Left Turn/Merge,
4,40227,0,1,6,Bicyclist,48,Male,Unknown,Unknown,None Noted,0,Not a Pedestrian,155,Bicyclist Ride-Through – Signalized Intersection,Not a Pedestrian,At Intersection,Not a Pedestrian,Travel Lane,Not a Pedestrian,With Traffic,Not a Pedestrian,Not a Pedestrian,Not a Pedestrian,7,Not a Pedestrian,0,Not a Pedestrian,158,Bicyclist Failed to Yield – Signalized Intersection,
51,510203,0,1,6,Bicyclist,57,Male,None Noted,Unknown,None Noted,0,Not a Pedestrian,155,Bicyclist Ride-Through – Signalized Intersection,Not a Pedestrian,At Intersection,Not a Pedestrian,Travel Lane,Not a Pedestrian,With Traffic,Not a Pedestrian,Not a Pedestrian,Not a Pedestrian,7,Not a Pedestrian,0,Not a Pedestrian,158,Bicyclist Failed to Yield – Signalized Intersection,
51,510194,0,1,6,Bicyclist,39,Male,None Noted,Unknown,None Noted,0,Not a Pedestrian,155,Bicyclist Ride-Through – Signalized Intersection,Not a Pedestrian,At Intersection,Not a Pedestrian,Travel Lane,Not a Pedestrian,With Traffic,Not a Pedestrian,Not a Pedestrian,Not a Pedestrian,7,Not a Pedestrian,0,Not a Pedestrian,158,Bicyclist Failed to Yield – Signalized Intersection,
34,340359,0,1,6,Bicyclist,55,Male,Unknown,Unknown,Unknown,0,Not a Pedestrian,221,Bicyclist Left Turn – Same Direction,Not a Pedestrian,Intersection-Related,Not a Pedestrian,Travel Lane,Not a Pedestrian,Facing Traffic,Not a Pedestrian,Not a Pedestrian,Not a Pedestrian,7,Not a Pedestrian,0,Not a Pedestrian,220,Bicyclist Left Turn/Merge,
53,530253,0,1,6,Bicyclist,46,Male,Unknown,Unknown,None Noted,0,Not a Pedestrian,115,Bicyclist Turning Error – Right Turn,Not a Pedestrian,Intersection-Related,Not a Pedestrian,Travel Lane,Not a Pedestrian,Facing Traffic,Not a Pedestrian,Not a Pedestrian,Not a Pedestrian,7,Not a Pedestrian,0,Not a Pedestrian,110,Loss of Control/Turning Error,
34,340193,0,1,6,Bicyclist,40,Male,None Noted,Unknown,None Noted,0,Not a Pedestrian,139,Motorist Lost Control – Other/Unknown,Not a Pedestrian,Not At Intersection,Not a Pedestrian,Travel Lane,Not a Pedestrian,With Traffic,Not a Pedestrian,Not a Pedestrian,Not a Pedestrian,7,Not a Pedestrian,0,Not a Pedestrian,110,Loss of Control/Turning Error,
34,340334,0,1,6,Bicyclist,56,Male,Unknown,Unknown,Unknown,0,Not a Pedestrian,235,Motorist Overtaking – Bicyclist Swerved,Not a Pedestrian,Not At Intersection,Not a Pedestrian,Travel Lane,Not a Pedestrian,With Traffic,Not a Pedestrian,Not a Pedestrian,Not a Pedestrian,7,Not a Pedestrian,0,Not a Pedestrian,230,Motorist Overtaking Bicyclist,
53,530318,0,1,6,Bicyclist,62,Male,None Noted,Unknown,None Noted,0,Not a Pedestrian,231,Motorist Overtaking – Undetected Bicyclist,Not a Pedestrian,Not At Intersection,Not a Pedestrian,Travel Lane,Not a Pedestrian,With Traffic,Not a Pedestrian,Not a Pedestrian,Not a Pedestrian,7,Not a Pedestrian,0,Not a Pedestrian,230,Motorist Overtaking Bicyclist,
53,530198,0,1,6,Bicyclist,45,Male,Unknown,Unknown,None Noted,0,Not a Pedestrian,239,Motorist Overtaking – Other/Unknown,Not a Pedestrian,At Intersection,Not a Pedestrian,Travel Lane,Not a Pedestrian,With Traffic,Not a Pedestrian,Not a Pedestrian,Not a Pedestrian,7,Not a Pedestrian,0,Not a Pedestrian,230,Motorist Overtaking Bicyclist,
48,481172,0,1,6,Bicyclist,47,Male,Yes,Unknown,None Noted,0,Not a Pedestrian,231,Motorist Overtaking – Undetected Bicyclist,Not a Pedestrian,Intersection-Related,Not a Pedestrian,Travel Lane,Not a Pedestrian,With Traffic,Not a Pedestrian,Not a Pedestrian,Not a Pedestrian,7,Not a Pedestrian,0,Not a Pedestrian,230,Motorist Overtaking Bicyclist,
34,340272,0,1,6,Bicyclist,34,Female,None Noted,Unknown,None Noted,0,Not a Pedestrian,232,Motorist Overtaking – Misjudged Space,Not a Pedestrian,Not At Intersection,Not a Pedestrian,Bicycle Lane/Paved Shoulder/Parking Lane,Not a Pedestrian,With Traffic,Not a Pedestrian,Not a Pedestrian,Not a Pedestrian,7,Not a Pedestrian,0,Not a Pedestrian,230,Motorist Overtaking Bicyclist,
39,390543,0,1,6,Bicyclist,24,Male,Yes,Unknown,None Noted,0,Not a Pedestrian,250,Wrong-Way/Wrong-Side – Bicyclist,Not a Pedestrian,Not At Intersection,Not a Pedestrian,Travel Lane,Not a Pedestrian,Facing Traffic,Not a Pedestrian,Not a Pedestrian,Not a Pedestrian,7,Not a Pedestrian,0,Not a Pedestrian,258,Wrong-Way/Wrong-Side,
53,530150,0,1,6,Bicyclist,46,Male,None Noted,Unknown,None Noted,0,Not a Pedestrian,231,Motorist Overtaking – Undetected Bicyclist,Not a Pedestrian,Not At Intersection,Not a Pedestrian,Travel Lane,Not a Pedestrian,With Traffic,Not a Pedestrian,Not a Pedestrian,Not a Pedestrian,7,Not a Pedestrian,0,Not a Pedestrian,230,Motorist Overtaking Bicyclist,
53,530060,0,1,6,Bicyclist,20,Female,None Noted,Unknown,None Noted,0,Not a Pedestrian,231,Motorist Overtaking – Undetected Bicyclist,Not a Pedestrian,Not At Intersection,Not a Pedestrian,Travel Lane,Not a Pedestrian,With Traffic,Not a Pedestrian,Not a Pedestrian,Not a Pedestrian,7,Not a Pedestrian,0,Not a Pedestrian,230,Motorist Overtaking Bicyclist,
34,340352,0,1,6,Bicyclist,51,Male,None Noted,Unknown,Unknown,0,Not a Pedestrian,318,Bicyclist Ride-Out – Other Midblock,Not a Pedestrian,Not At Intersection,Not a Pedestrian,Travel Lane,Not a Pedestrian,Not Applicable,Not a Pedestrian,Not a Pedestrian,Not a Pedestrian,7,Not a Pedestrian,0,Not a Pedestrian,310,Bicyclist Failed to Yield – Midblock,
53,530281,0,1,6,Bicyclist,60,Male,None Noted,Unknown,None Noted,0,Not a Pedestrian,311,Bicyclist Ride-Out – Residential Driveway,Not a Pedestrian,Not At Intersection,Not a Pedestrian,Travel Lane,Not a Pedestrian,Not Applicable,Not a Pedestrian,Not a Pedestrian,Not a Pedestrian,7,Not a Pedestrian,0,Not a Pedestrian,310,Bicyclist Failed to Yield – Midblock,
53,530179,0,1,6,Bicyclist,41,Female,Unknown,Unknown,None Noted,0,Not a Pedestrian,212,Motorist Left Turn – Opposite Direction,Not a Pedestrian,At Intersection,Not a Pedestrian,Travel Lane,Not a Pedestrian,Facing Traffic,Not a Pedestrian,Not a Pedestrian,Not a Pedestrian,7,Not a Pedestrian,0,Not a Pedestrian,210,Motorist Left Turn/Merge,
34,340395,0,1,5,Pedestrian,26,Female,None Noted,Unknown,Unknown,620,Walking in Roadway,0,Not a Cyclist,Not At Intersection,Not a Cyclist,Travel Lane,Not a Cyclist,Not Applicable,Not a Cyclist,Not Applicable,Not Applicable,Not Applicable,8,Not Applicable,600,Pedestrian in Roadway – Circumstances Unknown,0,Not a Cyclist,
53,530216,0,1,5,Pedestrian,23,Male,None Noted,Unknown,None Noted,313,Lying in Roadway,0,Not a Cyclist,Not At Intersection,Not a Cyclist,Travel Lane,Not a Cyclist,Not Applicable,Not a Cyclist,Not Applicable,Not Applicable,Not Applicable,8,Not Applicable,600,Pedestrian in Roadway – Circumstances Unknown,0,Not a Cyclist,
39,390300,0,1,5,Pedestrian,19,Male,None Noted,Unknown,None Noted,742,Dart-Out,0,Not a Cyclist,Not At Intersection,Not a Cyclist,Travel Lane,Not a Cyclist,Not Applicable,Not a Cyclist,Not Applicable,Not Applicable,Not Applicable,8,Not Applicable,740,Dash/Dart-Out,0,Not a Cyclist,
10,100062,0,1,5,Pedestrian,50,Male,None Noted,Unknown,None Noted,741,Dash,0,Not a Cyclist,Not At Intersection,Not a Cyclist,Travel Lane,Not a Cyclist,Not Applicable,Not a Cyclist,Not Applicable,Not Applicable,Not Applicable,8,Not Applicable,740,Dash/Dart-Out,0,Not a Cyclist,
34,340461,0,1,5,Pedestrian,21,Male,None Noted,Unknown,None Noted,742,Dart-Out,0,Not a Cyclist,Not At Intersection,Not a Cyclist,Travel Lane,Not a Cyclist,Not Applicable,Not a Cyclist,Not Applicable,Not Applicable,Not Applicable,8,Not Applicable,740,Dash/Dart-Out,0,Not a Cyclist,
34,340176,0,1,5,Pedestrian,8,Male,None Noted,Unknown,None Noted,742,Dart-Out,0,Not a Cyclist,Not At Intersection,Not a Cyclist,Travel Lane,Not a Cyclist,Not Applicable,Not a Cyclist,Not Applicable,Not Applicable,Not Applicable,8,Not Applicable,740,Dash/Dart-Out,0,Not a Cyclist,
10,100065,0,1,5,Pedestrian,19,Female,Unknown,Unknown,None Noted,742,Dart-Out,0,Not a Cyclist,Not At Intersection,Not a Cyclist,Travel Lane,Not a Cyclist,Not Applicable,Not a Cyclist,Not Applicable,Not Applicable,Not Applicable,8,Not Applicable,740,Dash/Dart-Out,0,Not a Cyclist,
34,340389,0,1,5,Pedestrian,32,Male,None Noted,Unknown,None Noted,741,Dash,0,Not a Cyclist,Not At Intersection,Not a Cyclist,Travel Lane,Not a Cyclist,Not Applicable,Not a Cyclist,Not Applicable,Not Applicable,Not Applicable,8,Not Applicable,740,Dash/Dart-Out,0,Not a Cyclist,
34,340240,0,1,5,Pedestrian,49,Male,None Noted,Unknown,Unknown,741,Dash,0,Not a Cyclist,Not At Intersection,Not a Cyclist,Travel Lane,Not a Cyclist,Not Applicable,Not a Cyclist,Not Applicable,Not Applicable,Not Applicable,8,Not Applicable,740,Dash/Dart-Out,0,Not a Cyclist,
4,40484,0,1,5,Pedestrian,27,Male,Unknown,Unknown,None Noted,741,Dash,0,Not a Cyclist,Not At Intersection,Not a Cyclist,Travel Lane,Not a Cyclist,Not Applicable,Not a Cyclist,Not Applicable,Not Applicable,Not Applicable,8,Not Applicable,740,Dash/Dart-Out,0,Not a Cyclist,
53,530445,0,1,5,Pedestrian,48,Male,None Noted,Unknown,None Noted,741,Dash,0,Not a Cyclist,Not At Intersection,Not a Cyclist,Travel Lane,Not a Cyclist,Not Applicable,Not a Cyclist,Not Applicable,Not Applicable,Not Applicable,8,Not Applicable,740,Dash/Dart-Out,0,Not a Cyclist,
53,530129,0,1,5,Pedestrian,6,Male,None Noted,Unknown,None Noted,741,Dash,0,Not a Cyclist,Not At Intersection,Not a Cyclist,Travel Lane,Not a Cyclist,Not Applicable,Not a Cyclist,Not Applicable,Not Applicable,Not Applicable,8,Not Applicable,740,Dash/Dart-Out,0,Not a Cyclist,
53,530082,0,1,5,Pedestrian,5,Male,None Noted,Unknown,None Noted,741,Dash,0,Not a Cyclist,Not At Intersection,Not a Cyclist,Travel Lane,Not a Cyclist,Not Applicable,Not a Cyclist,Not Applicable,Not Applicable,Not Applicable,8,Not Applicable,740,Dash/Dart-Out,0,Not a Cyclist,
39,390291,0,1,5,Pedestrian,22,Male,None Noted,Unknown,None Noted,311,Working in Roadway,0,Not a Cyclist,Not At Intersection,Not a Cyclist,Travel Lane,Not a Cyclist,Not Applicable,Not a Cyclist,Not Applicable,Not Applicable,Not Applicable,8,Not Applicable,310,Working or Playing in Roadway,0,Not a Cyclist,
39,390291,0,2,5,Pedestrian,24,Female,None Noted,Unknown,None Noted,311,Working in Roadway,0,Not a Cyclist,Not At Intersection,Not a Cyclist,Travel Lane,Not a Cyclist,Not Applicable,Not a Cyclist,Not Applicable,Not Applicable,Not Applicable,8,Not Applicable,310,Working or Playing in Roadway,0,Not a Cyclist,
39,390291,0,3,5,Pedestrian,35,Female,None Noted,Unknown,None Noted,311,Working in Roadway,0,Not a Cyclist,Not At Intersection,Not a Cyclist,Travel Lane,Not a Cyclist,Not Applicable,Not a Cyclist,Not Applicable,Not Applicable,Not Applicable,8,Not Applicable,310,Working or Playing in Roadway,0,Not a Cyclist,
39,390291,0,4,5,Pedestrian,47,Male,None Noted,Unknown,None Noted,311,Working in Roadway,0,Not a Cyclist,Not At Intersection,Not a Cyclist,Travel Lane,Not a Cyclist,Not Applicable,Not a Cyclist,Not Applicable,Not Applicable,Not Applicable,8,Not Applicable,310,Working or Playing in Roadway,0,Not a Cyclist,
39,390291,0,5,5,Pedestrian,53,Male,None Noted,Unknown,None Noted,311,Working in Roadway,0,Not a Cyclist,Not At Intersection,Not a Cyclist,Travel Lane,Not a Cyclist,Not Applicable,Not a Cyclist,Not Applicable,Not Applicable,Not Applicable,8,Not Applicable,310,Working or Playing in Roadway,0,Not a Cyclist,
53,530349,0,1,5,Pedestrian,88,Female,None Noted,Unknown,None Noted,220,Driverless Vehicle,0,Not a Cyclist,Not At Intersection,Not a Cyclist,Sidewalk/Shared-Use Path/Driveway Access,Not a Cyclist,Not Applicable,Not a Cyclist,Not Applicable,Not Applicable,Not Applicable,8,Not Applicable,100,Unusual Circumstances,0,Not a Cyclist,
10,100121,0,1,5,Pedestrian,61,Male,Unknown,Unknown,None Noted,220,Driverless Vehicle,0,Not a Cyclist,Not At Intersection,Not a Cyclist,Travel Lane,Not a Cyclist,Not Applicable,Not a Cyclist,Not Applicable,Not Applicable,Not Applicable,8,Not Applicable,100,Unusual Circumstances,0,Not a Cyclist,
34,340295,0,1,5,Pedestrian,69,Male,Unknown,Unknown,None Noted,680,Not At Intersection – Other/Unknown,0,Not a Cyclist,Not At Intersection,Not a Cyclist,Travel Lane,Not a Cyclist,Not Applicable,Not a Cyclist,Not Applicable,Not Applicable,Not Applicable,8,Not Applicable,990,Other/Unknown – Insufficient Details,0,Not a Cyclist,
37,370215,0,1,5,Pedestrian,1,Male,None Noted,Unknown,None Noted,680,Not At Intersection – Other/Unknown,0,Not a Cyclist,Not At Intersection,Not a Cyclist,Travel Lane,Not a Cyclist,Not Applicable,Not a Cyclist,Not Applicable,Not Applicable,Not Applicable,8,Not Applicable,990,Other/Unknown – Insufficient Details,0,Not a Cyclist,
34,340506,0,1,5,Pedestrian,27,Male,Unknown,Unknown,Unknown,680,Not At Intersection – Other/Unknown,0,Not a Cyclist,Not At Intersection,Not a Cyclist,Travel Lane,Not a Cyclist,Not Applicable,Not a Cyclist,Not Applicable,Not Applicable,Not Applicable,8,Not Applicable,990,Other/Unknown – Insufficient Details,0,Not a Cyclist,
37,370914,0,1,5,Pedestrian,44,Male,None Noted,Unknown,None Noted,680,Not At Intersection – Other/Unknown,0,Not a Cyclist,Not At Intersection,Not a Cyclist,Travel Lane,Not a Cyclist,Not Applicable,Not a Cyclist,Not Applicable,Not Applicable,Not Applicable,8,Not Applicable,990,Other/Unknown – Insufficient Details,0,Not a Cyclist,
37,370861,0,1,5,Pedestrian,64,Female,None Noted,Unknown,None Noted,680,Not At Intersection – Other/Unknown,0,Not a Cyclist,Not At Intersection,Not a Cyclist,Other/Unknown,Not a Cyclist,Not Applicable,Not a Cyclist,Not Applicable,Not Applicable,Not Applicable,8,Not Applicable,990,Other/Unknown – Insufficient Details,0,Not a Cyclist,
53,530486,0,1,5,Pedestrian,25,Male,None Noted,Unknown,None Noted,680,Not At Intersection – Other/Unknown,0,Not a Cyclist,Not At Intersection,Not a Cyclist,Travel Lane,Not a Cyclist,Not Applicable,Not a Cyclist,Not Applicable,Not Applicable,Not Applicable,8,Not Applicable,990,Other/Unknown – Insufficient Details,0,Not a Cyclist,
53,530178,0,1,5,Pedestrian,40,Male,None Noted,Unknown,None Noted,680,Not At Intersection – Other/Unknown,0,Not a Cyclist,Not At Intersection,Not a Cyclist,Travel Lane,Not a Cyclist,Not Applicable,Not a Cyclist,Not Applicable,Not Applicable,Not Applicable,8,Not Applicable,990,Other/Unknown – Insufficient Details,0,Not a Cyclist,
34,340394,0,1,5,Pedestrian,40,Male,Unknown,Unknown,Unknown,680,Not At Intersection – Other/Unknown,0,Not a Cyclist,Not At Intersection,Not a Cyclist,Travel Lane,Not a Cyclist,Unknown Initial Direction of Travel,Not a Cyclist,Not Applicable,Not Applicable,Not Applicable,8,Not Applicable,990,Other/Unknown – Insufficient Details,0,Not a Cyclist,
34,340336,0,1,5,Pedestrian,24,Male,None Noted,Unknown,None Noted,680,Not At Intersection – Other/Unknown,0,Not a Cyclist,Not At Intersection,Not a Cyclist,Travel Lane,Not a Cyclist,Not Applicable,Not a Cyclist,Not Applicable,Not Applicable,Not Applicable,8,Not Applicable,990,Other/Unknown – Insufficient Details,0,Not a Cyclist,
34,340473,0,1,5,Pedestrian,40,Female,None Noted,Unknown,None Noted,680,Not At Intersection – Other/Unknown,0,Not a Cyclist,Not At Intersection,Not a Cyclist,Travel Lane,Not a Cyclist,Not Applicable,Not a Cyclist,Not Applicable,Not Applicable,Not Applicable,8,Not Applicable,990,Other/Unknown – Insufficient Details,0,Not a Cyclist,
53,530273,0,1,5,Pedestrian,59,Male,None Noted,Unknown,None Noted,710,Multiple Threat,0,Not a Cyclist,Not At Intersection,Not a Cyclist,Travel Lane,Not a Cyclist,Not Applicable,Not a Cyclist,Not Applicable,Not Applicable,Not Applicable,8,Not Applicable,720,Multiple Threat/Trapped,0,Not a Cyclist,
53,530398,0,1,5,Pedestrian,54,Male,None Noted,Unknown,None Noted,213,Backing Vehicle – Trafficway,0,Not a Cyclist,Not At Intersection,Not a Cyclist,Paved Shoulder/Bicycle Lane/Parking Lane,Not a Cyclist,Not Applicable,Not a Cyclist,Not Applicable,Not Applicable,Not Applicable,8,Not Applicable,200,Backing Vehicle,0,Not a Cyclist,
53,530454,0,1,5,Pedestrian,42,Male,None Noted,Unknown,None Noted,341,Transit Bus-Related,0,Not a Cyclist,Not At Intersection,Not a Cyclist,Travel Lane,Not a Cyclist,Not Applicable,Not a Cyclist,Not Applicable,Not Applicable,Not Applicable,8,Not Applicable,340,Bus-Related,0,Not a Cyclist,
37,370086,0,1,5,Pedestrian,13,Male,None Noted,Unknown,None Noted,469,Driveway Access – Other/Unknown,0,Not a Cyclist,Not At Intersection,Not a Cyclist,Travel Lane,Not a Cyclist,Not Applicable,Not a Cyclist,Not Applicable,Not Applicable,Not Applicable,8,Not Applicable,460,Driveway Access/ Driveway Access Related,0,Not a Cyclist,
34,340168,0,1,5,Pedestrian,28,Male,Unknown,Unknown,None Noted,910,Crossing an Expressway,0,Not a Cyclist,Not At Intersection,Not a Cyclist,Travel Lane,Not a Cyclist,Not Applicable,Not a Cyclist,Not Applicable,Not Applicable,Not Applicable,8,Not Applicable,910,Crossing Expressway,0,Not a Cyclist,
25,250283,0,1,5,Pedestrian,32,Female,None Noted,Unknown,Unknown,459,Walking/Running Along Roadway – Direction/Position Unknown,0,Not a Cyclist,Not At Intersection,Not a Cyclist,Unpaved Right-of-Way,Not a Cyclist,Not Applicable,Not a Cyclist,Not Applicable,Not Applicable,Not Applicable,8,Not Applicable,400,Walking/Running Along Roadway,0,Not a Cyclist,
48,481167,0,1,5,Pedestrian,20,Female,None Noted,Unknown,None Noted,410,Walking/Running Along Roadway With Traffic – From Behind,0,Not a Cyclist,Not At Intersection,Not a Cyclist,Travel Lane,Not a Cyclist,Not Applicable,Not a Cyclist,Not Applicable,Not Applicable,Not Applicable,8,Not Applicable,400,Walking/Running Along Roadway,0,Not a Cyclist,
53,530356,0,1,5,Pedestrian,25,Male,None Noted,Unknown,None Noted,410,Walking/Running Along Roadway With Traffic – From Behind,0,Not a Cyclist,Not At Intersection,Not a Cyclist,Travel Lane,Not a Cyclist,Not Applicable,Not a Cyclist,Not Applicable,Not Applicable,Not Applicable,8,Not Applicable,400,Walking/Running Along Roadway,0,Not a Cyclist,
53,530320,0,1,5,Pedestrian,42,Female,None Noted,Unknown,None Noted,410,Walking/Running Along Roadway With Traffic – From Behind,0,Not a Cyclist,Not At Intersection,Not a Cyclist,Travel Lane,Not a Cyclist,Not Applicable,Not a Cyclist,Not Applicable,Not Applicable,Not Applicable,8,Not Applicable,400,Walking/Running Along Roadway,0,Not a Cyclist,
53,530464,0,1,5,Pedestrian,50,Male,None Noted,Unknown,None Noted,410,Walking/Running Along Roadway With Traffic – From Behind,0,Not a Cyclist,Not At Intersection,Not a Cyclist,Travel Lane,Not a Cyclist,Not Applicable,Not a Cyclist,Not Applicable,Not Applicable,Not Applicable,8,Not Applicable,400,Walking/Running Along Roadway,0,Not a Cyclist,
34,340369,0,1,5,Pedestrian,32,Female,None Noted,Unknown,Unknown,459,Walking/Running Along Roadway – Direction/Position Unknown,0,Not a Cyclist,Not At Intersection,Not a Cyclist,Other/Unknown,Not a Cyclist,Not Applicable,Not a Cyclist,Not Applicable,Not Applicable,Not Applicable,8,Not Applicable,400,Walking/Running Along Roadway,0,Not a Cyclist,
51,510322,0,1,5,Pedestrian,30,Male,None Noted,Unknown,None Noted,459,Walking/Running Along Roadway – Direction/Position Unknown,0,Not a Cyclist,Not At Intersection,Not a Cyclist,Travel Lane,Not a Cyclist,Not Applicable,Not a Cyclist,Not Applicable,Not Applicable,Not Applicable,8,Not Applicable,400,Walking/Running Along Roadway,0,Not a Cyclist,
9,90231,0,1,5,Pedestrian,53,Male,None Noted,Unknown,None Noted,459,Walking/Running Along Roadway – Direction/Position Unknown,0,Not a Cyclist,Not At Intersection,Not a Cyclist,Travel Lane,Not a Cyclist,Not Applicable,Not a Cyclist,Not Applicable,Not Applicable,Not Applicable,8,Not Applicable,400,Walking/Running Along Roadway,0,Not a Cyclist,
48,480140,0,1,5,Pedestrian,64,Male,Unknown,Unknown,None Noted,410,Walking/Running Along Roadway With Traffic – From Behind,0,Not a Cyclist,Not At Intersection,Not a Cyclist,Travel Lane,Not a Cyclist,Not Applicable,Not a Cyclist,Not Applicable,Not Applicable,Not Applicable,8,Not Applicable,400,Walking/Running Along Roadway,0,Not a Cyclist,
53,530041,0,1,5,Pedestrian,31,Male,None Noted,Unknown,None Noted,440,Walking/Running Along Roadway Against Traffic – From Front,0,Not a Cyclist,Not At Intersection,Not a Cyclist,Travel Lane,Not a Cyclist,Not Applicable,Not a Cyclist,Not Applicable,Not Applicable,Not Applicable,8,Not Applicable,400,Walking/Running Along Roadway,0,Not a Cyclist,
53,530005,0,1,5,Pedestrian,51,Female,None Noted,Unknown,None Noted,440,Walking/Running Along Roadway Against Traffic – From Front,0,Not a Cyclist,Not At Intersection,Not a Cyclist,Paved Shoulder/Bicycle Lane/Parking Lane,Not a Cyclist,Not Applicable,Not a Cyclist,Not Applicable,Not Applicable,Not Applicable,8,Not Applicable,400,Walking/Running Along Roadway,0,Not a Cyclist,
53,530120,0,1,5,Pedestrian,17,Male,None Noted,Unknown,None Noted,440,Walking/Running Along Roadway Against Traffic – From Front,0,Not a Cyclist,Not At Intersection,Not a Cyclist,Travel Lane,Not a Cyclist,Not Applicable,Not a Cyclist,Not Applicable,Not Applicable,Not Applicable,8,Not Applicable,400,Walking/Running Along Roadway,0,Not a Cyclist,
34,340463,0,1,5,Pedestrian,37,Male,None Noted,Unknown,None Noted,770,Motorist Failed to Yield,0,Not a Cyclist,Not At Intersection,Not a Cyclist,Travel Lane,Not a Cyclist,Not Applicable,Not a Cyclist,Not Applicable,Not Applicable,Not Applicable,8,Not Applicable,750,Crossing Roadway – Vehicle Not Turning,0,Not a Cyclist,
48,482685,0,1,5,Pedestrian,81,Male,None Noted,Unknown,None Noted,760,Pedestrian Failed to Yield,0,Not a Cyclist,Not At Intersection,Not a Cyclist,Travel Lane,Not a Cyclist,Not Applicable,Not a Cyclist,Not Applicable,Not Applicable,Not Applicable,8,Not Applicable,750,Crossing Roadway – Vehicle Not Turning,0,Not a Cyclist,
34,340518,0,1,5,Pedestrian,54,Male,None Noted,Unknown,None Noted,760,Pedestrian Failed to Yield,0,Not a Cyclist,Not At Intersection,Not a Cyclist,Travel Lane,Not a Cyclist,Not Applicable,Not a Cyclist,Not Applicable,Not Applicable,Not Applicable,8,Not Applicable,750,Crossing Roadway – Vehicle Not Turning,0,Not a Cyclist,
34,340519,0,1,5,Pedestrian,74,Male,None Noted,Unknown,None Noted,760,Pedestrian Failed to Yield,0,Not a Cyclist,Not At Intersection,Not a Cyclist,Travel Lane,Not a Cyclist,Not Applicable,Not a Cyclist,Not Applicable,Not Applicable,Not Applicable,8,Not Applicable,750,Crossing Roadway – Vehicle Not Turning,0,Not a Cyclist,
34,340293,0,1,5,Pedestrian,60,Male,Unknown,Unknown,None Noted,760,Pedestrian Failed to Yield,0,Not a Cyclist,Not At Intersection,Not a Cyclist,Travel Lane,Not a Cyclist,Not Applicable,Not a Cyclist,Not Applicable,Not Applicable,Not Applicable,8,Not Applicable,750,Crossing Roadway – Vehicle Not Turning,0,Not a Cyclist,
34,340314,0,1,5,Pedestrian,78,Male,None Noted,Unknown,None Noted,760,Pedestrian Failed to Yield,0,Not a Cyclist,Not At Intersection,Not a Cyclist,Travel Lane,Not a Cyclist,Not Applicable,Not a Cyclist,Not Applicable,Not Applicable,Not Applicable,8,Not Applicable,750,Crossing Roadway – Vehicle Not Turning,0,Not a Cyclist,
48,482291,0,1,5,Pedestrian,998,Male,Unknown,Unknown,None Noted,760,Pedestrian Failed to Yield,0,Not a Cyclist,Not At Intersection,Not a Cyclist,Travel Lane,Not a Cyclist,Not Applicable,Not a Cyclist,Not Applicable,Not Applicable,Not Applicable,8,Not Applicable,750,Crossing Roadway – Vehicle Not Turning,0,Not a Cyclist,
48,482294,0,1,5,Pedestrian,71,Male,Unknown,Unknown,None Noted,760,Pedestrian Failed to Yield,0,Not a Cyclist,Not At Intersection,Not a Cyclist,Travel Lane,Not a Cyclist,Not Applicable,Not a Cyclist,Not Applicable,Not Applicable,Not Applicable,8,Not Applicable,750,Crossing Roadway – Vehicle Not Turning,0,Not a Cyclist,
48,481433,0,1,5,Pedestrian,46,Female,None Noted,Unknown,None Noted,760,Pedestrian Failed to Yield,0,Not a Cyclist,Not At Intersection,Not a Cyclist,Travel Lane,Not a Cyclist,Not Applicable,Not a Cyclist,Not Applicable,Not Applicable,Not Applicable,8,Not Applicable,750,Crossing Roadway – Vehicle Not Turning,0,Not a Cyclist,
34,340521,0,1,5,Pedestrian,65,Male,None Noted,Unknown,None Noted,760,Pedestrian Failed to Yield,0,Not a Cyclist,Not At Intersection,Not a Cyclist,Travel Lane,Not a Cyclist,Not Applicable,Not a Cyclist,Not Applicable,Not Applicable,Not Applicable,8,Not Applicable,750,Crossing Roadway – Vehicle Not Turning,0,Not a Cyclist,
34,340530,0,1,5,Pedestrian,58,Male,None Noted,Unknown,None Noted,760,Pedestrian Failed to Yield,0,Not a Cyclist,Not At Intersection,Not a Cyclist,Travel Lane,Not a Cyclist,Not Applicable,Not a Cyclist,Not Applicable,Not Applicable,Not Applicable,8,Not Applicable,750,Crossing Roadway – Vehicle Not Turning,0,Not a Cyclist,