state_number,consecutive_number,vehicle_number,person_number,person_type,person_type_name,age,sex,marked_crosswalk_present,sidewalk_present,school_zone,crash_type_pedestrian,crash_type_pedestrian_name,crash_type_bicycle,crash_type_bicycle_name,crash_location_pedestrian,crash_location_bicycle,pedestrian_position,bicyclist_position,pedestrian_initial_direction_of_travel,bicyclist_initial_direction_of_travel,motorist_initial_direction_of_travel,motorist_maneuver,intersection_leg,pedestrian_scenario,pedestrian_scenario_name,crash_group_pedestrian,crash_group_pedestrian_name,crash_group_bicycle,crash_group_bicycle_name
34,340504,0,1,5,Pedestrian,40,Male,Yes,Unknown,Unknown,760,Pedestrian Failed to Yield,0,Not a Cyclist,Not At Intersection,Not a Cyclist,Travel Lane,Not a Cyclist,Not Applicable,Not a Cyclist,Not Applicable,Not Applicable,Not Applicable,8,Not Applicable,750,Crossing Roadway – Vehicle Not Turning,0,Not a Cyclist,
34,340489,0,1,5,Pedestrian,34,Male,Unknown,Unknown,None Noted,760,Pedestrian Failed to Yield,0,Not a Cyclist,Not At Intersection,Not a Cyclist,Travel Lane,Not a Cyclist,Not Applicable,Not a Cyclist,Not Applicable,Not Applicable,Not Applicable,8,Not Applicable,750,Crossing Roadway – Vehicle Not Turning,0,Not a Cyclist,
53,530092,0,1,5,Pedestrian,58,Male,None Noted,Unknown,None Noted,760,Pedestrian Failed to Yield,0,Not a Cyclist,Not At Intersection,Not a Cyclist,Travel Lane,Not a Cyclist,Not Applicable,Not a Cyclist,Not Applicable,Not Applicable,Not Applicable,8,Not Applicable,750,Crossing Roadway – Vehicle Not Turning,0,Not a Cyclist,
53,530149,0,1,5,Pedestrian,21,Male,None Noted,Unknown,None Noted,760,Pedestrian Failed to Yield,0,Not a Cyclist,Not At Intersection,Not a Cyclist,Travel Lane,Not a Cyclist,Not Applicable,Not a Cyclist,Not Applicable,Not Applicable,Not Applicable,8,Not Applicable,750,Crossing Roadway – Vehicle Not Turning,0,Not a Cyclist,
53,530034,0,1,5,Pedestrian,82,Male,None Noted,Unknown,None Noted,760,Pedestrian Failed to Yield,0,Not a Cyclist,Not At Intersection,Not a Cyclist,Travel Lane,Not a Cyclist,Not Applicable,Not a Cyclist,Not Applicable,Not Applicable,Not Applicable,8,Not Applicable,750,Crossing Roadway – Vehicle Not Turning,0,Not a Cyclist,
53,530131,0,1,5,Pedestrian,40,Female,None Noted,Unknown,None Noted,760,Pedestrian Failed to Yield,0,Not a Cyclist,Not At Intersection,Not a Cyclist,Travel Lane,Not a Cyclist,Not Applicable,Not a Cyclist,Not Applicable,Not Applicable,Not Applicable,8,Not Applicable,750,Crossing Roadway – Vehicle Not Turning,0,Not a Cyclist,
53,530440,0,1,5,Pedestrian,41,Male,None Noted,Unknown,None Noted,760,Pedestrian Failed to Yield,0,Not a Cyclist,Not At Intersection,Not a Cyclist,Travel Lane,Not a Cyclist,Not Applicable,Not a Cyclist,Not Applicable,Not Applicable,Not Applicable,8,Not Applicable,750,Crossing Roadway – Vehicle Not Turning,0,Not a Cyclist,
53,530465,0,1,5,Pedestrian,43,Male,None Noted,Unknown,None Noted,760,Pedestrian Failed to Yield,0,Not a Cyclist,Not At Intersection,Not a Cyclist,Travel Lane,Not a Cyclist,Not Applicable,Not a Cyclist,Not Applicable,Not Applicable,Not Applicable,8,Not Applicable,750,Crossing Roadway – Vehicle Not Turning,0,Not a Cyclist,
53,530025,0,1,5,Pedestrian,53,Female,None Noted,Unknown,None Noted,760,Pedestrian Failed to Yield,0,Not a Cyclist,Not At Intersection,Not a Cyclist,Travel Lane,Not a Cyclist,Not Applicable,Not a Cyclist,Not Applicable,Not Applicable,Not Applicable,8,Not Applicable,750,Crossing Roadway – Vehicle Not Turning,0,Not a Cyclist,
53,530035,0,1,5,Pedestrian,76,Male,None Noted,Unknown,None Noted,760,Pedestrian Failed to Yield,0,Not a Cyclist,Not At Intersection,Not a Cyclist,Travel Lane,Not a Cyclist,Not Applicable,Not a Cyclist,Not Applicable,Not Applicable,Not Applicable,8,Not Applicable,750,Crossing Roadway – Vehicle Not Turning,0,Not a Cyclist,
53,530514,0,1,5,Pedestrian,65,Male,None Noted,Unknown,None Noted,760,Pedestrian Failed to Yield,0,Not a Cyclist,Not At Intersection,Not a Cyclist,Travel Lane,Not a Cyclist,Not Applicable,Not a Cyclist,Not Applicable,Not Applicable,Not Applicable,8,Not Applicable,750,Crossing Roadway – Vehicle Not Turning,0,Not a Cyclist,
53,530514,0,2,5,Pedestrian,69,Male,None Noted,Unknown,None Noted,760,Pedestrian Failed to Yield,0,Not a Cyclist,Not At Intersection,Not a Cyclist,Travel Lane,Not a Cyclist,Not Applicable,Not a Cyclist,Not Applicable,Not Applicable,Not Applicable,8,Not Applicable,750,Crossing Roadway – Vehicle Not Turning,0,Not a Cyclist,
37,371271,0,1,5,Pedestrian,75,Female,Unknown,Unknown,None Noted,760,Pedestrian Failed to Yield,0,Not a Cyclist,Not At Intersection,Not a Cyclist,Travel Lane,Not a Cyclist,Not Applicable,Not a Cyclist,Not Applicable,Not Applicable,Not Applicable,8,Not Applicable,750,Crossing Roadway – Vehicle Not Turning,0,Not a Cyclist,
4,40403,0,1,5,Pedestrian,50,Male,None Noted,Unknown,None Noted,760,Pedestrian Failed to Yield,0,Not a Cyclist,Not At Intersection,Not a Cyclist,Travel Lane,Not a Cyclist,Not Applicable,Not a Cyclist,Not Applicable,Not Applicable,Not Applicable,8,Not Applicable,750,Crossing Roadway – Vehicle Not Turning,0,Not a Cyclist,
4,40490,0,1,5,Pedestrian,53,Female,None Noted,Unknown,None Noted,760,Pedestrian Failed to Yield,0,Not a Cyclist,Not At Intersection,Not a Cyclist,Travel Lane,Not a Cyclist,Not Applicable,Not a Cyclist,Not Applicable,Not Applicable,Not Applicable,8,Not Applicable,750,Crossing Roadway – Vehicle Not Turning,0,Not a Cyclist,
4,40016,0,1,5,Pedestrian,30,Female,None Noted,Unknown,None Noted,760,Pedestrian Failed to Yield,0,Not a Cyclist,Not At Intersection,Not a Cyclist,Travel Lane,Not a Cyclist,Not Applicable,Not a Cyclist,Not Applicable,Not Applicable,Not Applicable,8,Not Applicable,750,Crossing Roadway – Vehicle Not Turning,0,Not a Cyclist,
34,340432,0,1,5,Pedestrian,42,Male,None Noted,Unknown,None Noted,760,Pedestrian Failed to Yield,0,Not a Cyclist,Not At Intersection,Not a Cyclist,Travel Lane,Not a Cyclist,Not Applicable,Not a Cyclist,Not Applicable,Not Applicable,Not Applicable,8,Not Applicable,750,Crossing Roadway – Vehicle Not Turning,0,Not a Cyclist,
34,340300,0,1,5,Pedestrian,54,Female,None Noted,Unknown,None Noted,760,Pedestrian Failed to Yield,0,Not a Cyclist,Not At Intersection,Not a Cyclist,Travel Lane,Not a Cyclist,Not Applicable,Not a Cyclist,Not Applicable,Not Applicable,Not Applicable,8,Not Applicable,750,Crossing Roadway – Vehicle Not Turning,0,Not a Cyclist,
4,40481,0,1,5,Pedestrian,61,Male,None Noted,Unknown,None Noted,760,Pedestrian Failed to Yield,0,Not a Cyclist,Not At Intersection,Not a Cyclist,Travel Lane,Not a Cyclist,Not Applicable,Not a Cyclist,Not Applicable,Not Applicable,Not Applicable,8,Not Applicable,750,Crossing Roadway – Vehicle Not Turning,0,Not a Cyclist,
53,530235,0,1,5,Pedestrian,29,Male,None Noted,Unknown,None Noted,760,Pedestrian Failed to Yield,0,Not a Cyclist,Not At Intersection,Not a Cyclist,Travel Lane,Not a Cyclist,Not Applicable,Not a Cyclist,Not Applicable,Not Applicable,Not Applicable,8,Not Applicable,750,Crossing Roadway – Vehicle Not Turning,0,Not a Cyclist,
53,530262,0,1,5,Pedestrian,65,Male,None Noted,Unknown,None Noted,760,Pedestrian Failed to Yield,0,Not a Cyclist,Not At Intersection,Not a Cyclist,Travel Lane,Not a Cyclist,Not Applicable,Not a Cyclist,Not Applicable,Not Applicable,Not Applicable,8,Not Applicable,750,Crossing Roadway – Vehicle Not Turning,0,Not a Cyclist,
4,40412,0,1,5,Pedestrian,24,Male,None Noted,Unknown,None Noted,760,Pedestrian Failed to Yield,0,Not a Cyclist,Not At Intersection,Not a Cyclist,Travel Lane,Not a Cyclist,Not Applicable,Not a Cyclist,Not Applicable,Not Applicable,Not Applicable,8,Not Applicable,750,Crossing Roadway – Vehicle Not Turning,0,Not a Cyclist,
53,530210,0,1,5,Pedestrian,2,Female,Unknown,Unknown,None Noted,741,Dash,0,Not a Cyclist,Intersection-Related,Not a Cyclist,Travel Lane,Not a Cyclist,Northbound,Not a Cyclist,Eastbound,Straight Through,Nearside,2b,MOTORIST TRAVELING STRAIGHT THROUGH – CRASH OCCURRED ON NEAR (APPROACH) SIDE OF INTERSECTION Pedestrian Outside Crosswalk Area  Traveled From Motorist’s Right.,740,Dash/Dart-Out,0,Not a Cyclist,
39,390676,0,1,5,Pedestrian,56,Female,None Noted,Unknown,None Noted,742,Dart-Out,0,Not a Cyclist,Intersection-Related,Not a Cyclist,Travel Lane,Not a Cyclist,Southbound,Not a Cyclist,Westbound,Straight Through,Farside,4b,MOTORIST TRAVELING STRAIGHT THROUGH – CRASH OCCURRED ON FAR SIDE OF INTERSECTION Pedestrian Outside Crosswalk Area  Traveled From Motorist’s Right.,740,Dash/Dart-Out,0,Not a Cyclist,
20,200125,0,1,5,Pedestrian,36,Male,None Noted,Unknown,None Noted,230,Disabled Vehicle-Related,0,Not a Cyclist,Intersection-Related,Not a Cyclist,Travel Lane,Not a Cyclist,Not Applicable,Not a Cyclist,Unknown Initial Direction of Travel,Not Applicable,Not Applicable,8,Not Applicable,100,Unusual Circumstances,0,Not a Cyclist,
34,340488,0,1,5,Pedestrian,63,Male,Yes,Unknown,Unknown,690,At Intersection – Other/Unknown,0,Not a Cyclist,Intersection-Related,Not a Cyclist,Other/Unknown,Not a Cyclist,Not Applicable,Not a Cyclist,Northbound,Unknown Motorist Maneuver,Not Applicable,8,Not Applicable,990,Other/Unknown – Insufficient Details,0,Not a Cyclist,
34,340303,0,1,5,Pedestrian,70,Male,Unknown,Unknown,None Noted,690,At Intersection – Other/Unknown,0,Not a Cyclist,Intersection-Related,Not a Cyclist,Other/Unknown,Not a Cyclist,Not Applicable,Not a Cyclist,Unknown Initial Direction of Travel,Not Applicable,Not Applicable,8,Not Applicable,990,Other/Unknown – Insufficient Details,0,Not a Cyclist,
53,530496,0,1,5,Pedestrian,87,Male,None Noted,Unknown,None Noted,690,At Intersection – Other/Unknown,0,Not a Cyclist,Intersection-Related,Not a Cyclist,Travel Lane,Not a Cyclist,Unknown Initial Direction of Travel,Not a Cyclist,Westbound,Straight Through,Farside,4c,MOTORIST TRAVELING STRAIGHT THROUGH – CRASH OCCURRED ON FAR SIDE OF INTERSECTION Pedestrian Outside Crosswalk Area  Approach Direction Unknown.,990,Other/Unknown – Insufficient Details,0,Not a Cyclist,
53,530434,0,1,5,Pedestrian,60,Male,Unknown,Unknown,None Noted,781,Motorist Left Turn – Parallel Paths,0,Not a Cyclist,Intersection-Related,Not a Cyclist,Travel Lane,Not a Cyclist,Eastbound,Not a Cyclist,Westbound,Left Turn,Farside,11b,MOTORIST TURNING LEFT – CRASH OCCURRED ON FAR SIDE OF INTERSECTION Pedestrian Within Crosswalk Area  Approach Direction Opposite Motorist’s.,790,Crossing Roadway – Vehicle Turning,0,Not a Cyclist,
48,482551,0,1,5,Pedestrian,58,Male,Unknown,Unknown,None Noted,781,Motorist Left Turn – Parallel Paths,0,Not a Cyclist,Intersection-Related,Not a Cyclist,Travel Lane,Not a Cyclist,Northbound,Not a Cyclist,Northbound,Left Turn,Farside,12a,MOTORIST TURNING LEFT – CRASH OCCURRED ON FAR SIDE OF INTERSECTION Pedestrian Outside Crosswalk Area  Approach Direction Same as Motorist’s.,790,Crossing Roadway – Vehicle Turning,0,Not a Cyclist,
51,510186,0,1,5,Pedestrian,58,Female,Yes,Unknown,None Noted,781,Motorist Left Turn – Parallel Paths,0,Not a Cyclist,Intersection-Related,Not a Cyclist,Travel Lane,Not a Cyclist,Unknown Initial Direction of Travel,Not a Cyclist,Westbound,Left Turn,Farside,12c,MOTORIST TURNING LEFT – CRASH OCCURRED ON FAR SIDE OF INTERSECTION Pedestrian Outside Crosswalk Area  Approach Direction Unknown.,790,Crossing Roadway – Vehicle Turning,0,Not a Cyclist,
34,340333,0,1,5,Pedestrian,55,Male,Unknown,Unknown,Unknown,781,Motorist Left Turn – Parallel Paths,0,Not a Cyclist,Intersection-Related,Not a Cyclist,Travel Lane,Not a Cyclist,Unknown Initial Direction of Travel,Not a Cyclist,Northbound,Left Turn,Farside,12c,MOTORIST TURNING LEFT – CRASH OCCURRED ON FAR SIDE OF INTERSECTION Pedestrian Outside Crosswalk Area  Approach Direction Unknown.,790,Crossing Roadway – Vehicle Turning,0,Not a Cyclist,
25,250073,0,1,5,Pedestrian,58,Female,None Noted,Unknown,None Noted,430,Walking/Running Along Roadway Against Traffic – From Behind,0,Not a Cyclist,Intersection-Related,Not a Cyclist,Travel Lane,Not a Cyclist,Not Applicable,Not a Cyclist,Eastbound,Straight Through,Unknown,8,Not Applicable,400,Walking/Running Along Roadway,0,Not a Cyclist,
24,240425,0,1,5,Pedestrian,67,Male,Yes,Unknown,None Noted,760,Pedestrian Failed to Yield,0,Not a Cyclist,Intersection-Related,Not a Cyclist,Travel Lane,Not a Cyclist,Westbound,Not a Cyclist,Northbound,Straight Through,Farside,4b,MOTORIST TRAVELING STRAIGHT THROUGH – CRASH OCCURRED ON FAR SIDE OF INTERSECTION Pedestrian Outside Crosswalk Area  Traveled From Motorist’s Right.,750,Crossing Roadway – Vehicle Not Turning,0,Not a Cyclist,
53,530272,0,1,5,Pedestrian,42,Male,None Noted,Unknown,None Noted,760,Pedestrian Failed to Yield,0,Not a Cyclist,Intersection-Related,Not a Cyclist,Travel Lane,Not a Cyclist,Eastbound,Not a Cyclist,Northbound,Straight Through,Nearside,2a,MOTORIST TRAVELING STRAIGHT THROUGH – CRASH OCCURRED ON NEAR (APPROACH) SIDE OF INTERSECTION Pedestrian Outside Crosswalk Area  Traveled From Motorist’s Left.,750,Crossing Roadway – Vehicle Not Turning,0,Not a Cyclist,
48,482623,0,1,5,Pedestrian,12,Female,Yes,Unknown,None Noted,760,Pedestrian Failed to Yield,0,Not a Cyclist,Intersection-Related,Not a Cyclist,Travel Lane,Not a Cyclist,Northbound,Not a Cyclist,Westbound,Straight Through,Nearside,2a,MOTORIST TRAVELING STRAIGHT THROUGH – CRASH OCCURRED ON NEAR (APPROACH) SIDE OF INTERSECTION Pedestrian Outside Crosswalk Area  Traveled From Motorist’s Left.,750,Crossing Roadway – Vehicle Not Turning,0,Not a Cyclist,
53,530184,0,1,5,Pedestrian,69,Female,None Noted,Unknown,None Noted,760,Pedestrian Failed to Yield,0,Not a Cyclist,Intersection-Related,Not a Cyclist,Travel Lane,Not a Cyclist,Southbound,Not a Cyclist,Westbound,Straight Through,Farside,3b,MOTORIST TRAVELING STRAIGHT THROUGH – CRASH OCCURRED ON FAR SIDE OF INTERSECTION Pedestrian Within Crosswalk Area  Traveled From Motorist’s Right.,750,Crossing Roadway – Vehicle Not Turning,0,Not a Cyclist,
53,530365,0,1,5,Pedestrian,55,Male,None Noted,Unknown,None Noted,760,Pedestrian Failed to Yield,0,Not a Cyclist,Intersection-Related,Not a Cyclist,Travel Lane,Not a Cyclist,Southbound,Not a Cyclist,Westbound,Straight Through,Farside,3b,MOTORIST TRAVELING STRAIGHT THROUGH – CRASH OCCURRED ON FAR SIDE OF INTERSECTION Pedestrian Within Crosswalk Area  Traveled From Motorist’s Right.,750,Crossing Roadway – Vehicle Not Turning,0,Not a Cyclist,
34,340398,0,1,5,Pedestrian,59,Male,None Noted,Unknown,Unknown,770,Motorist Failed to Yield,0,Not a Cyclist,Intersection-Related,Not a Cyclist,Travel Lane,Not a Cyclist,Westbound,Not a Cyclist,Southbound,Straight Through,Farside,3a,MOTORIST TRAVELING STRAIGHT THROUGH – CRASH OCCURRED ON FAR SIDE OF INTERSECTION Pedestrian Within Crosswalk Area  Traveled From Motorist’s Left.,750,Crossing Roadway – Vehicle Not Turning,0,Not a Cyclist,
42,420334,0,1,5,Pedestrian,52,Male,None Noted,Unknown,None Noted,150,Motor Vehicle Loss of Control,0,Not a Cyclist,Non-Trafficway Location,Not a Cyclist,Non-Trafficway – Parking Lot/Other,Not a Cyclist,Not Applicable,Not a Cyclist,Not Applicable,Not Applicable,Not Applicable,8,Not Applicable,100,Unusual Circumstances,0,Not a Cyclist,
34,340361,0,1,5,Pedestrian,34,Male,None Noted,Unknown,None Noted,190,Other Unusual Circumstances,0,Not a Cyclist,Non-Trafficway Location,Not a Cyclist,Non-Trafficway – Driveway,Not a Cyclist,Not Applicable,Not a Cyclist,Not Applicable,Not Applicable,Not Applicable,8,Not Applicable,100,Unusual Circumstances,0,Not a Cyclist,
42,420110,0,1,5,Pedestrian,49,Female,None Noted,Unknown,None Noted,150,Motor Vehicle Loss of Control,0,Not a Cyclist,Unknown/Insufficient Information,Not a Cyclist,Other/Unknown,Not a Cyclist,Unknown Initial Direction of Travel,Not a Cyclist,Southbound,Straight Through,Nearside,2c,MOTORIST TRAVELING STRAIGHT THROUGH – CRASH OCCURRED ON NEAR (APPROACH) SIDE OF INTERSECTION Pedestrian Outside Crosswalk Area  Approach Direction Unknown.,100,Unusual Circumstances,0,Not a Cyclist,
34,340482,0,1,5,Pedestrian,2,Female,Unknown,Unknown,Unknown,900,Other – Unknown Location,0,Not a Cyclist,Unknown/Insufficient Information,Not a Cyclist,Other/Unknown,Not a Cyclist,Not Applicable,Not a Cyclist,Westbound,Unknown Motorist Maneuver,Not Applicable,8,Not Applicable,990,Other/Unknown – Insufficient Details,0,Not a Cyclist,
34,340482,0,3,5,Pedestrian,55,Female,Unknown,Unknown,Unknown,900,Other – Unknown Location,0,Not a Cyclist,Unknown/Insufficient Information,Not a Cyclist,Other/Unknown,Not a Cyclist,Not Applicable,Not a Cyclist,Westbound,Unknown Motorist Maneuver,Not Applicable,8,Not Applicable,990,Other/Unknown – Insufficient Details,0,Not a Cyclist,
53,530478,0,1,5,Pedestrian,72,Male,Yes,Unknown,None Noted,900,Other – Unknown Location,0,Not a Cyclist,Unknown/Insufficient Information,Not a Cyclist,Other/Unknown,Not a Cyclist,Not Applicable,Not a Cyclist,Eastbound,Straight Through,Unknown,8,Not Applicable,990,Other/Unknown – Insufficient Details,0,Not a Cyclist,
39,390809,0,1,5,Pedestrian,22,Female,Unknown,Unknown,None Noted,900,Other – Unknown Location,0,Not a Cyclist,Unknown/Insufficient Information,Not a Cyclist,Other/Unknown,Not a Cyclist,Not Applicable,Not a Cyclist,Unknown Initial Direction of Travel,Not Applicable,Not Applicable,8,Not Applicable,990,Other/Unknown – Insufficient Details,0,Not a Cyclist,
34,340239,0,1,5,Pedestrian,36,Male,Unknown,Unknown,Unknown,900,Other – Unknown Location,0,Not a Cyclist,Unknown/Insufficient Information,Not a Cyclist,Other/Unknown,Not a Cyclist,Not Applicable,Not a Cyclist,Unknown Initial Direction of Travel,Not Applicable,Not Applicable,8,Not Applicable,990,Other/Unknown – Insufficient Details,0,Not a Cyclist,
34,340482,0,2,5,Pedestrian,4,Male,Unknown,Unknown,Unknown,900,Other – Unknown Location,0,Not a Cyclist,Unknown/Insufficient Information,Not a Cyclist,Other/Unknown,Not a Cyclist,Not Applicable,Not a Cyclist,Westbound,Unknown Motorist Maneuver,Not Applicable,8,Not Applicable,990,Other/Unknown – Insufficient Details,0,Not a Cyclist,
4,40471,0,1,5,Pedestrian,50,Male,Unknown,Unknown,None Noted,900,Other – Unknown Location,0,Not a Cyclist,Unknown/Insufficient Information,Not a Cyclist,Other/Unknown,Not a Cyclist,Not Applicable,Not a Cyclist,Unknown Initial Direction of Travel,Not Applicable,Not Applicable,8,Not Applicable,990,Other/Unknown – Insufficient Details,0,Not a Cyclist,
4,40120,0,1,5,Pedestrian,58,Female,Yes,Unknown,None Noted,900,Other – Unknown Location,0,Not a Cyclist,Unknown/Insufficient Information,Not a Cyclist,Other/Unknown,Not a Cyclist,Unknown Initial Direction of Travel,Not a Cyclist,Northbound,Straight Through,Nearside,2c,MOTORIST TRAVELING STRAIGHT THROUGH – CRASH OCCURRED ON NEAR (APPROACH) SIDE OF INTERSECTION Pedestrian Outside Crosswalk Area  Approach Direction Unknown.,990,Other/Unknown – Insufficient Details,0,Not a Cyclist,
4,40120,0,2,5,Pedestrian,999,Female,Yes,Unknown,None Noted,900,Other – Unknown Location,0,Not a Cyclist,Unknown/Insufficient Information,Not a Cyclist,Other/Unknown,Not a Cyclist,Unknown Initial Direction of Travel,Not a Cyclist,Northbound,Straight Through,Nearside,2c,MOTORIST TRAVELING STRAIGHT THROUGH – CRASH OCCURRED ON NEAR (APPROACH) SIDE OF INTERSECTION Pedestrian Outside Crosswalk Area  Approach Direction Unknown.,990,Other/Unknown – Insufficient Details,0,Not a Cyclist,
36,360915,0,1,5,Pedestrian,33,Female,None Noted,None Noted,None Noted,313,Lying in Roadway,0,Not a Cyclist,At Intersection,Not a Cyclist,Crosswalk Area,Not a Cyclist,Unknown Initial Direction of Travel,Not a Cyclist,Eastbound,Straight Through,Nearside,1c,MOTORIST TRAVELING STRAIGHT THROUGH – CRASH OCCURRED ON NEAR (APPROACH) SIDE OF INTERSECTION Pedestrian Within Crosswalk Area  Approach Direction Unknown.,600,Pedestrian in Roadway – Circumstances Unknown,0,Not a Cyclist,
11,110018,0,1,5,Pedestrian,62,Male,None Noted,None Noted,None Noted,313,Lying in Roadway,0,Not a Cyclist,At Intersection,Not a Cyclist,Intersection Area,Not a Cyclist,Westbound,Not a Cyclist,Southbound,Straight Through,Nearside,2a,MOTORIST TRAVELING STRAIGHT THROUGH – CRASH OCCURRED ON NEAR (APPROACH) SIDE OF INTERSECTION Pedestrian Outside Crosswalk Area  Traveled From Motorist’s Left.,600,Pedestrian in Roadway – Circumstances Unknown,0,Not a Cyclist,
45,450407,0,1,5,Pedestrian,64,Male,None Noted,None Noted,None Noted,620,Walking in Roadway,0,Not a Cyclist,At Intersection,Not a Cyclist,Intersection Area,Not a Cyclist,Unknown Initial Direction of Travel,Not a Cyclist,Southbound,Straight Through,Nearside,2c,MOTORIST TRAVELING STRAIGHT THROUGH – CRASH OCCURRED ON NEAR (APPROACH) SIDE OF INTERSECTION Pedestrian Outside Crosswalk Area  Approach Direction Unknown.,600,Pedestrian in Roadway – Circumstances Unknown,0,Not a Cyclist,
48,480914,0,1,5,Pedestrian,32,Male,None Noted,None Noted,None Noted,620,Walking in Roadway,0,Not a Cyclist,At Intersection,Not a Cyclist,Crosswalk Area,Not a Cyclist,Eastbound,Not a Cyclist,Northbound,Straight Through,Farside,3a,MOTORIST TRAVELING STRAIGHT THROUGH – CRASH OCCURRED ON FAR SIDE OF INTERSECTION Pedestrian Within Crosswalk Area  Traveled From Motorist’s Left.,600,Pedestrian in Roadway – Circumstances Unknown,0,Not a Cyclist,
22,220708,0,1,5,Pedestrian,58,Female,None Noted,None Noted,None Noted,313,Lying in Roadway,0,Not a Cyclist,At Intersection,Not a Cyclist,Intersection Area,Not a Cyclist,Not Applicable,Not a Cyclist,Northbound,Right Turn,Unknown,8,Not Applicable,600,Pedestrian in Roadway – Circumstances Unknown,0,Not a Cyclist,
22,220036,0,1,5,Pedestrian,50,Female,None Noted,None Noted,None Noted,610,Standing in Roadway,0,Not a Cyclist,At Intersection,Not a Cyclist,Intersection Area,Not a Cyclist,Not Applicable,Not a Cyclist,Westbound,Straight Through,Unknown,8,Not Applicable,600,Pedestrian in Roadway – Circumstances Unknown,0,Not a Cyclist,
53,530030,0,1,5,Pedestrian,39,Male,None Noted,None Noted,None Noted,313,Lying in Roadway,0,Not a Cyclist,At Intersection,Not a Cyclist,Intersection Area,Not a Cyclist,Unknown Initial Direction of Travel,Not a Cyclist,Eastbound,Straight Through,Farside,3c,MOTORIST TRAVELING STRAIGHT THROUGH – CRASH OCCURRED ON FAR SIDE OF INTERSECTION Pedestrian Within Crosswalk Area  Approach Direction Unknown.,600,Pedestrian in Roadway – Circumstances Unknown,0,Not a Cyclist,
1,10369,0,1,5,Pedestrian,26,Male,None Noted,None Noted,None Noted,313,Lying in Roadway,0,Not a Cyclist,At Intersection,Not a Cyclist,Other/Unknown,Not a Cyclist,Unknown Initial Direction of Travel,Not a Cyclist,Eastbound,Straight Through,Farside,3c,MOTORIST TRAVELING STRAIGHT THROUGH – CRASH OCCURRED ON FAR SIDE OF INTERSECTION Pedestrian Within Crosswalk Area  Approach Direction Unknown.,600,Pedestrian in Roadway – Circumstances Unknown,0,Not a Cyclist,
21,210034,0,1,5,Pedestrian,58,Female,Yes,None Noted,None Noted,313,Lying in Roadway,0,Not a Cyclist,At Intersection,Not a Cyclist,Crosswalk Area,Not a Cyclist,Unknown Initial Direction of Travel,Not a Cyclist,Northbound,Left Turn,Farside,12c,MOTORIST TURNING LEFT – CRASH OCCURRED ON FAR SIDE OF INTERSECTION Pedestrian Outside Crosswalk Area  Approach Direction Unknown.,600,Pedestrian in Roadway – Circumstances Unknown,0,Not a Cyclist,
48,482412,0,1,5,Pedestrian,25,Male,None Noted,None Noted,None Noted,620,Walking in Roadway,0,Not a Cyclist,At Intersection,Not a Cyclist,Intersection Area,Not a Cyclist,Unknown Initial Direction of Travel,Not a Cyclist,Southbound,Straight Through,Nearside,2c,MOTORIST TRAVELING STRAIGHT THROUGH – CRASH OCCURRED ON NEAR (APPROACH) SIDE OF INTERSECTION Pedestrian Outside Crosswalk Area  Approach Direction Unknown.,600,Pedestrian in Roadway – Circumstances Unknown,0,Not a Cyclist,
19,190255,0,1,5,Pedestrian,59,Female,None Noted,None Noted,None Noted,741,Dash,0,Not a Cyclist,At Intersection,Not a Cyclist,Intersection Area,Not a Cyclist,Westbound,Not a Cyclist,Southbound,Straight Through,Farside,3a,MOTORIST TRAVELING STRAIGHT THROUGH – CRASH OCCURRED ON FAR SIDE OF INTERSECTION Pedestrian Within Crosswalk Area  Traveled From Motorist’s Left.,740,Dash/Dart-Out,0,Not a Cyclist,
12,122298,0,1,5,Pedestrian,65,Male,None Noted,None Noted,None Noted,742,Dart-Out,0,Not a Cyclist,At Intersection,Not a Cyclist,Intersection Area,Not a Cyclist,Westbound,Not a Cyclist,Southbound,Straight Through,Farside,3a,MOTORIST TRAVELING STRAIGHT THROUGH – CRASH OCCURRED ON FAR SIDE OF INTERSECTION Pedestrian Within Crosswalk Area  Traveled From Motorist’s Left.,740,Dash/Dart-Out,0,Not a Cyclist,
26,260799,0,1,5,Pedestrian,32,Male,None Noted,None Noted,None Noted,741,Dash,0,Not a Cyclist,At Intersection,Not a Cyclist,Intersection Area,Not a Cyclist,Northbound,Not a Cyclist,Westbound,Straight Through,Farside,3a,MOTORIST TRAVELING STRAIGHT THROUGH – CRASH OCCURRED ON FAR SIDE OF INTERSECTION Pedestrian Within Crosswalk Area  Traveled From Motorist’s Left.,740,Dash/Dart-Out,0,Not a Cyclist,
37,371062,0,1,5,Pedestrian,68,Male,Yes,None Noted,None Noted,742,Dart-Out,0,Not a Cyclist,At Intersection,Not a Cyclist,Crosswalk Area,Not a Cyclist,Not Applicable,Not a Cyclist,Unknown Initial Direction of Travel,Not Applicable,Not Applicable,8,Not Applicable,740,Dash/Dart-Out,0,Not a Cyclist,
13,130851,0,1,5,Pedestrian,40,Male,None Noted,None Noted,None Noted,741,Dash,0,Not a Cyclist,At Intersection,Not a Cyclist,Crosswalk Area,Not a Cyclist,Eastbound,Not a Cyclist,Northbound,Straight Through,Farside,3a,MOTORIST TRAVELING STRAIGHT THROUGH – CRASH OCCURRED ON FAR SIDE OF INTERSECTION Pedestrian Within Crosswalk Area  Traveled From Motorist’s Left.,740,Dash/Dart-Out,0,Not a Cyclist,
26,260092,0,1,5,Pedestrian,15,Male,None Noted,None Noted,None Noted,741,Dash,0,Not a Cyclist,At Intersection,Not a Cyclist,Intersection Area,Not a Cyclist,Northbound,Not a Cyclist,Westbound,Straight Through,Farside,3a,MOTORIST TRAVELING STRAIGHT THROUGH – CRASH OCCURRED ON FAR SIDE OF INTERSECTION Pedestrian Within Crosswalk Area  Traveled From Motorist’s Left.,740,Dash/Dart-Out,0,Not a Cyclist,
12,122539,0,1,5,Pedestrian,70,Male,Yes,None Noted,None Noted,741,Dash,0,Not a Cyclist,At Intersection,Not a Cyclist,Intersection Area,Not a Cyclist,Not Applicable,Not a Cyclist,Unknown Initial Direction of Travel,Not Applicable,Not Applicable,8,Not Applicable,740,Dash/Dart-Out,0,Not a Cyclist,
5,50365,0,1,5,Pedestrian,36,Female,Yes,None Noted,None Noted,741,Dash,0,Not a Cyclist,At Intersection,Not a Cyclist,Crosswalk Area,Not a Cyclist,Eastbound,Not a Cyclist,Southbound,Straight Through,Farside,3b,MOTORIST TRAVELING STRAIGHT THROUGH – CRASH OCCURRED ON FAR SIDE OF INTERSECTION Pedestrian Within Crosswalk Area  Traveled From Motorist’s Right.,740,Dash/Dart-Out,0,Not a Cyclist,