state_number,consecutive_number,vehicle_number,person_number,person_type,person_type_name,age,sex,marked_crosswalk_present,sidewalk_present,school_zone,crash_type_pedestrian,crash_type_pedestrian_name,crash_type_bicycle,crash_type_bicycle_name,crash_location_pedestrian,crash_location_bicycle,pedestrian_position,bicyclist_position,pedestrian_initial_direction_of_travel,bicyclist_initial_direction_of_travel,motorist_initial_direction_of_travel,motorist_maneuver,intersection_leg,pedestrian_scenario,pedestrian_scenario_name,crash_group_pedestrian,crash_group_pedestrian_name,crash_group_bicycle,crash_group_bicycle_name
26,260795,0,1,5,Pedestrian,50,Female,None Noted,None Noted,None Noted,760,Pedestrian Failed to Yield,0,Not a Cyclist,At Intersection,Not a Cyclist,Crosswalk Area,Not a Cyclist,Westbound,Not a Cyclist,Southbound,Straight Through,Farside,3a,MOTORIST TRAVELING STRAIGHT THROUGH – CRASH OCCURRED ON FAR SIDE OF INTERSECTION Pedestrian Within Crosswalk Area  Traveled From Motorist’s Left.,750,Crossing Roadway – Vehicle Not Turning,0,Not a Cyclist,
26,260773,0,1,5,Pedestrian,66,Female,Yes,None Noted,None Noted,760,Pedestrian Failed to Yield,0,Not a Cyclist,At Intersection,Not a Cyclist,Crosswalk Area,Not a Cyclist,Southbound,Not a Cyclist,Eastbound,Straight Through,Farside,3a,MOTORIST TRAVELING STRAIGHT THROUGH – CRASH OCCURRED ON FAR SIDE OF INTERSECTION Pedestrian Within Crosswalk Area  Traveled From Motorist’s Left.,750,Crossing Roadway – Vehicle Not Turning,0,Not a Cyclist,
36,360707,0,1,5,Pedestrian,44,Female,None Noted,None Noted,None Noted,760,Pedestrian Failed to Yield,0,Not a Cyclist,At Intersection,Not a Cyclist,Crosswalk Area,Not a Cyclist,Southbound,Not a Cyclist,Eastbound,Straight Through,Farside,3a,MOTORIST TRAVELING STRAIGHT THROUGH – CRASH OCCURRED ON FAR SIDE OF INTERSECTION Pedestrian Within Crosswalk Area  Traveled From Motorist’s Left.,750,Crossing Roadway – Vehicle Not Turning,0,Not a Cyclist,
12,121330,0,1,5,Pedestrian,61,Male,Yes,None Noted,None Noted,770,Motorist Failed to Yield,0,Not a Cyclist,At Intersection,Not a Cyclist,Crosswalk Area,Not a Cyclist,Westbound,Not a Cyclist,Northbound,Straight Through,Farside,3b,MOTORIST TRAVELING STRAIGHT THROUGH – CRASH OCCURRED ON FAR SIDE OF INTERSECTION Pedestrian Within Crosswalk Area  Traveled From Motorist’s Right.,750,Crossing Roadway – Vehicle Not Turning,0,Not a Cyclist,
12,122322,0,1,5,Pedestrian,39,Male,Yes,None Noted,None Noted,760,Pedestrian Failed to Yield,0,Not a Cyclist,At Intersection,Not a Cyclist,Intersection Area,Not a Cyclist,Westbound,Not a Cyclist,Southbound,Straight Through,Farside,4a,MOTORIST TRAVELING STRAIGHT THROUGH – CRASH OCCURRED ON FAR SIDE OF INTERSECTION Pedestrian Outside Crosswalk Area  Traveled From Motorist’s Left.,750,Crossing Roadway – Vehicle Not Turning,0,Not a Cyclist,
22,220180,0,1,8,Person on Personal Conveyances,57,Male,None Noted,None Noted,None Noted,760,Pedestrian Failed to Yield,0,Not a Cyclist,At Intersection,Not a Cyclist,Intersection Area,Not a Cyclist,Northbound,Not a Cyclist,Westbound,Straight Through,Nearside,1a,MOTORIST TRAVELING STRAIGHT THROUGH – CRASH OCCURRED ON NEAR (APPROACH) SIDE OF INTERSECTION Pedestrian Within Crosswalk Area  Traveled From Motorist’s Left.,750,Crossing Roadway – Vehicle Not Turning,0,Not a Cyclist,
23,230036,0,1,5,Pedestrian,50,Male,None Noted,None Noted,None Noted,760,Pedestrian Failed to Yield,0,Not a Cyclist,At Intersection,Not a Cyclist,Crosswalk Area,Not a Cyclist,Northbound,Not a Cyclist,Eastbound,Straight Through,Farside,3b,MOTORIST TRAVELING STRAIGHT THROUGH – CRASH OCCURRED ON FAR SIDE OF INTERSECTION Pedestrian Within Crosswalk Area  Traveled From Motorist’s Right.,750,Crossing Roadway – Vehicle Not Turning,0,Not a Cyclist,
12,120386,0,1,5,Pedestrian,20,Male,None Noted,None Noted,None Noted,760,Pedestrian Failed to Yield,0,Not a Cyclist,At Intersection,Not a Cyclist,Intersection Area,Not a Cyclist,Eastbound,Not a Cyclist,Northbound,Straight Through,Farside,4a,MOTORIST TRAVELING STRAIGHT THROUGH – CRASH OCCURRED ON FAR SIDE OF INTERSECTION Pedestrian Outside Crosswalk Area  Traveled From Motorist’s Left.,750,Crossing Roadway – Vehicle Not Turning,0,Not a Cyclist,
12,121082,0,1,8,Person on Personal Conveyances,48,Male,Yes,None Noted,None Noted,760,Pedestrian Failed to Yield,0,Not a Cyclist,At Intersection,Not a Cyclist,Crosswalk Area,Not a Cyclist,Westbound,Not a Cyclist,Northbound,Straight Through,Farside,3b,MOTORIST TRAVELING STRAIGHT THROUGH – CRASH OCCURRED ON FAR SIDE OF INTERSECTION Pedestrian Within Crosswalk Area  Traveled From Motorist’s Right.,750,Crossing Roadway – Vehicle Not Turning,0,Not a Cyclist,
48,481316,0,1,8,Person on Personal Conveyances,51,Male,Yes,None Noted,None Noted,760,Pedestrian Failed to Yield,0,Not a Cyclist,At Intersection,Not a Cyclist,Crosswalk Area,Not a Cyclist,Westbound,Not a Cyclist,Northbound,Straight Through,Farside,3b,MOTORIST TRAVELING STRAIGHT THROUGH – CRASH OCCURRED ON FAR SIDE OF INTERSECTION Pedestrian Within Crosswalk Area  Traveled From Motorist’s Right.,750,Crossing Roadway – Vehicle Not Turning,0,Not a Cyclist,
39,390903,0,1,5,Pedestrian,40,Female,Yes,None Noted,None Noted,770,Motorist Failed to Yield,0,Not a Cyclist,At Intersection,Not a Cyclist,Crosswalk Area,Not a Cyclist,Southbound,Not a Cyclist,Westbound,Straight Through,Farside,3b,MOTORIST TRAVELING STRAIGHT THROUGH – CRASH OCCURRED ON FAR SIDE OF INTERSECTION Pedestrian Within Crosswalk Area  Traveled From Motorist’s Right.,750,Crossing Roadway – Vehicle Not Turning,0,Not a Cyclist,
4,40062,0,1,8,Person on Personal Conveyances,46,Male,Yes,None Noted,None Noted,770,Motorist Failed to Yield,0,Not a Cyclist,At Intersection,Not a Cyclist,Crosswalk Area,Not a Cyclist,Southbound,Not a Cyclist,Westbound,Straight Through,Farside,3b,MOTORIST TRAVELING STRAIGHT THROUGH – CRASH OCCURRED ON FAR SIDE OF INTERSECTION Pedestrian Within Crosswalk Area  Traveled From Motorist’s Right.,750,Crossing Roadway – Vehicle Not Turning,0,Not a Cyclist,
12,121873,0,1,5,Pedestrian,53,Female,Yes,None Noted,None Noted,760,Pedestrian Failed to Yield,0,Not a Cyclist,At Intersection,Not a Cyclist,Crosswalk Area,Not a Cyclist,Northbound,Not a Cyclist,Eastbound,Straight Through,Farside,3b,MOTORIST TRAVELING STRAIGHT THROUGH – CRASH OCCURRED ON FAR SIDE OF INTERSECTION Pedestrian Within Crosswalk Area  Traveled From Motorist’s Right.,750,Crossing Roadway – Vehicle Not Turning,0,Not a Cyclist,
12,121977,0,1,5,Pedestrian,51,Male,None Noted,None Noted,None Noted,760,Pedestrian Failed to Yield,0,Not a Cyclist,At Intersection,Not a Cyclist,Crosswalk Area,Not a Cyclist,Eastbound,Not a Cyclist,Southbound,Straight Through,Farside,3b,MOTORIST TRAVELING STRAIGHT THROUGH – CRASH OCCURRED ON FAR SIDE OF INTERSECTION Pedestrian Within Crosswalk Area  Traveled From Motorist’s Right.,750,Crossing Roadway – Vehicle Not Turning,0,Not a Cyclist,
12,121463,0,1,5,Pedestrian,68,Male,None Noted,None Noted,None Noted,760,Pedestrian Failed to Yield,0,Not a Cyclist,At Intersection,Not a Cyclist,Crosswalk Area,Not a Cyclist,Eastbound,Not a Cyclist,Southbound,Straight Through,Farside,3b,MOTORIST TRAVELING STRAIGHT THROUGH – CRASH OCCURRED ON FAR SIDE OF INTERSECTION Pedestrian Within Crosswalk Area  Traveled From Motorist’s Right.,750,Crossing Roadway – Vehicle Not Turning,0,Not a Cyclist,
12,121827,0,1,5,Pedestrian,54,Female,Yes,None Noted,None Noted,760,Pedestrian Failed to Yield,0,Not a Cyclist,At Intersection,Not a Cyclist,Crosswalk Area,Not a Cyclist,Southbound,Not a Cyclist,Westbound,Straight Through,Farside,3b,MOTORIST TRAVELING STRAIGHT THROUGH – CRASH OCCURRED ON FAR SIDE OF INTERSECTION Pedestrian Within Crosswalk Area  Traveled From Motorist’s Right.,750,Crossing Roadway – Vehicle Not Turning,0,Not a Cyclist,
12,121647,0,1,5,Pedestrian,60,Male,Yes,None Noted,None Noted,760,Pedestrian Failed to Yield,0,Not a Cyclist,At Intersection,Not a Cyclist,Crosswalk Area,Not a Cyclist,Eastbound,Not a Cyclist,Southbound,Straight Through,Farside,3b,MOTORIST TRAVELING STRAIGHT THROUGH – CRASH OCCURRED ON FAR SIDE OF INTERSECTION Pedestrian Within Crosswalk Area  Traveled From Motorist’s Right.,750,Crossing Roadway – Vehicle Not Turning,0,Not a Cyclist,
12,120865,0,1,5,Pedestrian,54,Male,None Noted,None Noted,None Noted,760,Pedestrian Failed to Yield,0,Not a Cyclist,At Intersection,Not a Cyclist,Crosswalk Area,Not a Cyclist,Westbound,Not a Cyclist,Southbound,Straight Through,Farside,4a,MOTORIST TRAVELING STRAIGHT THROUGH – CRASH OCCURRED ON FAR SIDE OF INTERSECTION Pedestrian Outside Crosswalk Area  Traveled From Motorist’s Left.,750,Crossing Roadway – Vehicle Not Turning,0,Not a Cyclist,
22,220188,0,1,5,Pedestrian,75,Male,None Noted,None Noted,None Noted,760,Pedestrian Failed to Yield,0,Not a Cyclist,At Intersection,Not a Cyclist,Intersection Area,Not a Cyclist,Eastbound,Not a Cyclist,Northbound,Straight Through,Farside,4a,MOTORIST TRAVELING STRAIGHT THROUGH – CRASH OCCURRED ON FAR SIDE OF INTERSECTION Pedestrian Outside Crosswalk Area  Traveled From Motorist’s Left.,750,Crossing Roadway – Vehicle Not Turning,0,Not a Cyclist,
12,120031,0,1,5,Pedestrian,20,Male,Yes,None Noted,None Noted,760,Pedestrian Failed to Yield,0,Not a Cyclist,At Intersection,Not a Cyclist,Intersection Area,Not a Cyclist,Northbound,Not a Cyclist,Westbound,Straight Through,Farside,4a,MOTORIST TRAVELING STRAIGHT THROUGH – CRASH OCCURRED ON FAR SIDE OF INTERSECTION Pedestrian Outside Crosswalk Area  Traveled From Motorist’s Left.,750,Crossing Roadway – Vehicle Not Turning,0,Not a Cyclist,
30,300128,0,1,5,Pedestrian,54,Male,None Noted,None Noted,None Noted,760,Pedestrian Failed to Yield,0,Not a Cyclist,At Intersection,Not a Cyclist,Intersection Area,Not a Cyclist,Eastbound,Not a Cyclist,Northbound,Straight Through,Farside,4a,MOTORIST TRAVELING STRAIGHT THROUGH – CRASH OCCURRED ON FAR SIDE OF INTERSECTION Pedestrian Outside Crosswalk Area  Traveled From Motorist’s Left.,750,Crossing Roadway – Vehicle Not Turning,0,Not a Cyclist,
47,470421,0,2,5,Pedestrian,9,Female,Yes,None Noted,None Noted,770,Motorist Failed to Yield,0,Not a Cyclist,At Intersection,Not a Cyclist,Crosswalk Area,Not a Cyclist,Eastbound,Not a Cyclist,Northbound,Straight Through,Nearside,1a,MOTORIST TRAVELING STRAIGHT THROUGH – CRASH OCCURRED ON NEAR (APPROACH) SIDE OF INTERSECTION Pedestrian Within Crosswalk Area  Traveled From Motorist’s Left.,750,Crossing Roadway – Vehicle Not Turning,0,Not a Cyclist,
47,470421,0,1,5,Pedestrian,46,Female,Yes,None Noted,None Noted,770,Motorist Failed to Yield,0,Not a Cyclist,At Intersection,Not a Cyclist,Crosswalk Area,Not a Cyclist,Eastbound,Not a Cyclist,Northbound,Straight Through,Nearside,1a,MOTORIST TRAVELING STRAIGHT THROUGH – CRASH OCCURRED ON NEAR (APPROACH) SIDE OF INTERSECTION Pedestrian Within Crosswalk Area  Traveled From Motorist’s Left.,750,Crossing Roadway – Vehicle Not Turning,0,Not a Cyclist,
12,120147,0,1,5,Pedestrian,14,Female,Yes,None Noted,None Noted,770,Motorist Failed to Yield,0,Not a Cyclist,At Intersection,Not a Cyclist,Crosswalk Area,Not a Cyclist,Southbound,Not a Cyclist,Eastbound,Straight Through,Nearside,1a,MOTORIST TRAVELING STRAIGHT THROUGH – CRASH OCCURRED ON NEAR (APPROACH) SIDE OF INTERSECTION Pedestrian Within Crosswalk Area  Traveled From Motorist’s Left.,750,Crossing Roadway – Vehicle Not Turning,0,Not a Cyclist,
48,480840,0,1,5,Pedestrian,31,Male,None Noted,None Noted,None Noted,760,Pedestrian Failed to Yield,0,Not a Cyclist,At Intersection,Not a Cyclist,Crosswalk Area,Not a Cyclist,Southbound,Not a Cyclist,Eastbound,Straight Through,Farside,4a,MOTORIST TRAVELING STRAIGHT THROUGH – CRASH OCCURRED ON FAR SIDE OF INTERSECTION Pedestrian Outside Crosswalk Area  Traveled From Motorist’s Left.,750,Crossing Roadway – Vehicle Not Turning,0,Not a Cyclist,
48,481959,0,1,5,Pedestrian,70,Male,Yes,None Noted,None Noted,760,Pedestrian Failed to Yield,0,Not a Cyclist,At Intersection,Not a Cyclist,Intersection Area,Not a Cyclist,Eastbound,Not a Cyclist,Northbound,Straight Through,Farside,4a,MOTORIST TRAVELING STRAIGHT THROUGH – CRASH OCCURRED ON FAR SIDE OF INTERSECTION Pedestrian Outside Crosswalk Area  Traveled From Motorist’s Left.,750,Crossing Roadway – Vehicle Not Turning,0,Not a Cyclist,
37,370318,0,1,5,Pedestrian,53,Male,None Noted,None Noted,None Noted,760,Pedestrian Failed to Yield,0,Not a Cyclist,At Intersection,Not a Cyclist,Intersection Area,Not a Cyclist,Not Applicable,Not a Cyclist,Unknown Initial Direction of Travel,Not Applicable,Not Applicable,8,Not Applicable,750,Crossing Roadway – Vehicle Not Turning,0,Not a Cyclist,
36,360844,0,1,5,Pedestrian,21,Male,None Noted,None Noted,None Noted,760,Pedestrian Failed to Yield,0,Not a Cyclist,At Intersection,Not a Cyclist,Crosswalk Area,Not a Cyclist,Not Applicable,Not a Cyclist,Northbound,Straight Through,Unknown,8,Not Applicable,750,Crossing Roadway – Vehicle Not Turning,0,Not a Cyclist,
54,540074,0,1,5,Pedestrian,42,Male,None Noted,None Noted,None Noted,760,Pedestrian Failed to Yield,0,Not a Cyclist,At Intersection,Not a Cyclist,Other/Unknown,Not a Cyclist,Not Applicable,Not a Cyclist,Unknown Initial Direction of Travel,Not Applicable,Not Applicable,8,Not Applicable,750,Crossing Roadway – Vehicle Not Turning,0,Not a Cyclist,
51,510631,0,1,5,Pedestrian,56,Male,None Noted,None Noted,None Noted,760,Pedestrian Failed to Yield,0,Not a Cyclist,At Intersection,Not a Cyclist,Intersection Area,Not a Cyclist,Not Applicable,Not a Cyclist,Unknown Initial Direction of Travel,Not Applicable,Not Applicable,8,Not Applicable,750,Crossing Roadway – Vehicle Not Turning,0,Not a Cyclist,
51,510648,0,1,5,Pedestrian,36,Male,None Noted,None Noted,None Noted,760,Pedestrian Failed to Yield,0,Not a Cyclist,At Intersection,Not a Cyclist,Intersection Area,Not a Cyclist,Not Applicable,Not a Cyclist,Unknown Initial Direction of Travel,Not Applicable,Not Applicable,8,Not Applicable,750,Crossing Roadway – Vehicle Not Turning,0,Not a Cyclist,
51,510521,0,1,5,Pedestrian,51,Male,None Noted,None Noted,None Noted,760,Pedestrian Failed to Yield,0,Not a Cyclist,At Intersection,Not a Cyclist,Intersection Area,Not a Cyclist,Not Applicable,Not a Cyclist,Westbound,Straight Through,Unknown,8,Not Applicable,750,Crossing Roadway – Vehicle Not Turning,0,Not a Cyclist,
48,483054,0,1,5,Pedestrian,60,Male,None Noted,None Noted,None Noted,760,Pedestrian Failed to Yield,0,Not a Cyclist,At Intersection,Not a Cyclist,Intersection Area,Not a Cyclist,Not Applicable,Not a Cyclist,Northbound,Straight Through,Unknown,8,Not Applicable,750,Crossing Roadway – Vehicle Not Turning,0,Not a Cyclist,
39,390989,0,1,5,Pedestrian,62,Male,None Noted,None Noted,None Noted,760,Pedestrian Failed to Yield,0,Not a Cyclist,At Intersection,Not a Cyclist,Crosswalk Area,Not a Cyclist,Not Applicable,Not a Cyclist,Eastbound,Straight Through,Unknown,8,Not Applicable,750,Crossing Roadway – Vehicle Not Turning,0,Not a Cyclist,
39,390404,0,1,5,Pedestrian,54,Male,Yes,None Noted,None Noted,760,Pedestrian Failed to Yield,0,Not a Cyclist,At Intersection,Not a Cyclist,Crosswalk Area,Not a Cyclist,Not Applicable,Not a Cyclist,Westbound,Straight Through,Unknown,8,Not Applicable,750,Crossing Roadway – Vehicle Not Turning,0,Not a Cyclist,
35,350145,0,1,5,Pedestrian,52,Male,None Noted,None Noted,None Noted,760,Pedestrian Failed to Yield,0,Not a Cyclist,At Intersection,Not a Cyclist,Crosswalk Area,Not a Cyclist,Not Applicable,Not a Cyclist,Northbound,Straight Through,Unknown,8,Not Applicable,750,Crossing Roadway – Vehicle Not Turning,0,Not a Cyclist,
35,350145,0,2,5,Pedestrian,59,Male,None Noted,None Noted,None Noted,760,Pedestrian Failed to Yield,0,Not a Cyclist,At Intersection,Not a Cyclist,Crosswalk Area,Not a Cyclist,Not Applicable,Not a Cyclist,Northbound,Straight Through,Unknown,8,Not Applicable,750,Crossing Roadway – Vehicle Not Turning,0,Not a Cyclist,
39,390200,0,1,5,Pedestrian,64,Male,None Noted,None Noted,None Noted,760,Pedestrian Failed to Yield,0,Not a Cyclist,At Intersection,Not a Cyclist,Intersection Area,Not a Cyclist,Not Applicable,Not a Cyclist,Eastbound,Straight Through,Unknown,8,Not Applicable,750,Crossing Roadway – Vehicle Not Turning,0,Not a Cyclist,
37,370886,0,1,5,Pedestrian,24,Male,None Noted,None Noted,None Noted,760,Pedestrian Failed to Yield,0,Not a Cyclist,At Intersection,Not a Cyclist,Intersection Area,Not a Cyclist,Not Applicable,Not a Cyclist,Unknown Initial Direction of Travel,Not Applicable,Not Applicable,8,Not Applicable,750,Crossing Roadway – Vehicle Not Turning,0,Not a Cyclist,
12,121176,0,1,5,Pedestrian,62,Male,None Noted,None Noted,None Noted,760,Pedestrian Failed to Yield,0,Not a Cyclist,At Intersection,Not a Cyclist,Crosswalk Area,Not a Cyclist,Not Applicable,Not a Cyclist,Northbound,Straight Through,Unknown,8,Not Applicable,750,Crossing Roadway – Vehicle Not Turning,0,Not a Cyclist,
47,470163,0,1,5,Pedestrian,56,Female,None Noted,None Noted,None Noted,760,Pedestrian Failed to Yield,0,Not a Cyclist,At Intersection,Not a Cyclist,Intersection Area,Not a Cyclist,Not Applicable,Not a Cyclist,Westbound,Straight Through,Unknown,8,Not Applicable,750,Crossing Roadway – Vehicle Not Turning,0,Not a Cyclist,
4,40157,0,1,5,Pedestrian,24,Female,None Noted,None Noted,None Noted,760,Pedestrian Failed to Yield,0,Not a Cyclist,At Intersection,Not a Cyclist,Intersection Area,Not a Cyclist,Not Applicable,Not a Cyclist,Eastbound,Straight Through,Unknown,8,Not Applicable,750,Crossing Roadway – Vehicle Not Turning,0,Not a Cyclist,
29,290741,0,1,5,Pedestrian,13,Female,None Noted,None Noted,None Noted,760,Pedestrian Failed to Yield,0,Not a Cyclist,At Intersection,Not a Cyclist,Intersection Area,Not a Cyclist,Not Applicable,Not a Cyclist,Eastbound,Straight Through,Unknown,8,Not Applicable,750,Crossing Roadway – Vehicle Not Turning,0,Not a Cyclist,
29,290623,0,1,5,Pedestrian,25,Female,None Noted,None Noted,None Noted,760,Pedestrian Failed to Yield,0,Not a Cyclist,At Intersection,Not a Cyclist,Intersection Area,Not a Cyclist,Not Applicable,Not a Cyclist,Northbound,Straight Through,Unknown,8,Not Applicable,750,Crossing Roadway – Vehicle Not Turning,0,Not a Cyclist,
42,420142,0,1,5,Pedestrian,62,Female,None Noted,None Noted,None Noted,760,Pedestrian Failed to Yield,0,Not a Cyclist,At Intersection,Not a Cyclist,Intersection Area,Not a Cyclist,Not Applicable,Not a Cyclist,Southbound,Straight Through,Unknown,8,Not Applicable,750,Crossing Roadway – Vehicle Not Turning,0,Not a Cyclist,
5,50423,0,1,5,Pedestrian,21,Male,None Noted,None Noted,None Noted,760,Pedestrian Failed to Yield,0,Not a Cyclist,At Intersection,Not a Cyclist,Intersection Area,Not a Cyclist,Not Applicable,Not a Cyclist,Unknown Initial Direction of Travel,Not Applicable,Not Applicable,8,Not Applicable,750,Crossing Roadway – Vehicle Not Turning,0,Not a Cyclist,
5,50020,0,1,5,Pedestrian,38,Male,None Noted,None Noted,None Noted,760,Pedestrian Failed to Yield,0,Not a Cyclist,At Intersection,Not a Cyclist,Intersection Area,Not a Cyclist,Not Applicable,Not a Cyclist,Southbound,Straight Through,Unknown,8,Not Applicable,750,Crossing Roadway – Vehicle Not Turning,0,Not a Cyclist,
42,420453,0,1,6,Bicyclist,56,Male,None Noted,None Noted,None Noted,0,Not a Pedestrian,970,Unknown Approach Paths,Not a Pedestrian,Not At Intersection,Not a Pedestrian,Other,Not a Pedestrian,Unknown,Not a Pedestrian,Not a Pedestrian,Not a Pedestrian,7,Not a Pedestrian,0,Not a Pedestrian,990,Other/Unknown – Insufficient Details,
37,370717,0,1,6,Bicyclist,29,Male,None Noted,None Noted,None Noted,0,Not a Pedestrian,970,Unknown Approach Paths,Not a Pedestrian,Not At Intersection,Not a Pedestrian,Travel Lane,Not a Pedestrian,Facing Traffic,Not a Pedestrian,Not a Pedestrian,Not a Pedestrian,7,Not a Pedestrian,0,Not a Pedestrian,990,Other/Unknown – Insufficient Details,
37,370762,0,1,6,Bicyclist,66,Male,None Noted,None Noted,None Noted,0,Not a Pedestrian,970,Unknown Approach Paths,Not a Pedestrian,Not At Intersection,Not a Pedestrian,Travel Lane,Not a Pedestrian,Facing Traffic,Not a Pedestrian,Not a Pedestrian,Not a Pedestrian,7,Not a Pedestrian,0,Not a Pedestrian,990,Other/Unknown – Insufficient Details,
18,180570,0,1,6,Bicyclist,27,Male,None Noted,None Noted,None Noted,0,Not a Pedestrian,970,Unknown Approach Paths,Not a Pedestrian,Not At Intersection,Not a Pedestrian,Unknown,Not a Pedestrian,Unknown,Not a Pedestrian,Not a Pedestrian,Not a Pedestrian,7,Not a Pedestrian,0,Not a Pedestrian,990,Other/Unknown – Insufficient Details,
35,350245,0,1,6,Bicyclist,38,Male,None Noted,None Noted,None Noted,0,Not a Pedestrian,980,Unknown Location,Not a Pedestrian,Unknown/Insufficient Information,Not a Pedestrian,Unknown,Not a Pedestrian,Unknown,Not a Pedestrian,Not a Pedestrian,Not a Pedestrian,7,Not a Pedestrian,0,Not a Pedestrian,990,Other/Unknown – Insufficient Details,
17,170424,0,1,6,Bicyclist,62,Male,None Noted,None Noted,None Noted,0,Not a Pedestrian,980,Unknown Location,Not a Pedestrian,Unknown/Insufficient Information,Not a Pedestrian,Unknown,Not a Pedestrian,Unknown,Not a Pedestrian,Not a Pedestrian,Not a Pedestrian,7,Not a Pedestrian,0,Not a Pedestrian,990,Other/Unknown – Insufficient Details,
42,420920,0,1,6,Bicyclist,24,Male,None Noted,None Noted,None Noted,0,Not a Pedestrian,970,Unknown Approach Paths,Not a Pedestrian,Not At Intersection,Not a Pedestrian,Unknown,Not a Pedestrian,Unknown,Not a Pedestrian,Not a Pedestrian,Not a Pedestrian,7,Not a Pedestrian,0,Not a Pedestrian,990,Other/Unknown – Insufficient Details,
13,130011,0,1,6,Bicyclist,48,Male,None Noted,None Noted,None Noted,0,Not a Pedestrian,970,Unknown Approach Paths,Not a Pedestrian,At Intersection,Not a Pedestrian,Travel Lane,Not a Pedestrian,With Traffic,Not a Pedestrian,Not a Pedestrian,Not a Pedestrian,7,Not a Pedestrian,0,Not a Pedestrian,990,Other/Unknown – Insufficient Details,
47,470096,0,1,6,Bicyclist,34,Male,None Noted,None Noted,None Noted,0,Not a Pedestrian,970,Unknown Approach Paths,Not a Pedestrian,Not At Intersection,Not a Pedestrian,Travel Lane,Not a Pedestrian,Unknown,Not a Pedestrian,Not a Pedestrian,Not a Pedestrian,7,Not a Pedestrian,0,Not a Pedestrian,990,Other/Unknown – Insufficient Details,
48,480023,0,1,6,Bicyclist,15,Male,None Noted,None Noted,None Noted,0,Not a Pedestrian,970,Unknown Approach Paths,Not a Pedestrian,Not At Intersection,Not a Pedestrian,Travel Lane,Not a Pedestrian,Unknown,Not a Pedestrian,Not a Pedestrian,Not a Pedestrian,7,Not a Pedestrian,0,Not a Pedestrian,990,Other/Unknown – Insufficient Details,
37,370702,0,2,6,Bicyclist,11,Male,None Noted,None Noted,None Noted,0,Not a Pedestrian,970,Unknown Approach Paths,Not a Pedestrian,Not At Intersection,Not a Pedestrian,Bicycle Lane/Paved Shoulder/Parking Lane,Not a Pedestrian,Facing Traffic,Not a Pedestrian,Not a Pedestrian,Not a Pedestrian,7,Not a Pedestrian,0,Not a Pedestrian,990,Other/Unknown – Insufficient Details,
12,120267,0,1,6,Bicyclist,998,Male,None Noted,None Noted,None Noted,0,Not a Pedestrian,970,Unknown Approach Paths,Not a Pedestrian,Not At Intersection,Not a Pedestrian,Travel Lane,Not a Pedestrian,Unknown,Not a Pedestrian,Not a Pedestrian,Not a Pedestrian,7,Not a Pedestrian,0,Not a Pedestrian,990,Other/Unknown – Insufficient Details,
5,50052,0,1,6,Bicyclist,39,Male,None Noted,None Noted,None Noted,0,Not a Pedestrian,970,Unknown Approach Paths,Not a Pedestrian,Not At Intersection,Not a Pedestrian,Travel Lane,Not a Pedestrian,Facing Traffic,Not a Pedestrian,Not a Pedestrian,Not a Pedestrian,7,Not a Pedestrian,0,Not a Pedestrian,990,Other/Unknown – Insufficient Details,
37,370025,0,1,6,Bicyclist,53,Male,None Noted,None Noted,None Noted,0,Not a Pedestrian,970,Unknown Approach Paths,Not a Pedestrian,Not At Intersection,Not a Pedestrian,Travel Lane,Not a Pedestrian,Facing Traffic,Not a Pedestrian,Not a Pedestrian,Not a Pedestrian,7,Not a Pedestrian,0,Not a Pedestrian,990,Other/Unknown – Insufficient Details,
18,180265,0,1,6,Bicyclist,27,Male,None Noted,None Noted,None Noted,0,Not a Pedestrian,970,Unknown Approach Paths,Not a Pedestrian,Not At Intersection,Not a Pedestrian,Travel Lane,Not a Pedestrian,Unknown,Not a Pedestrian,Not a Pedestrian,Not a Pedestrian,7,Not a Pedestrian,0,Not a Pedestrian,990,Other/Unknown – Insufficient Details,
18,180265,0,2,6,Bicyclist,28,Female,None Noted,None Noted,None Noted,0,Not a Pedestrian,970,Unknown Approach Paths,Not a Pedestrian,Not At Intersection,Not a Pedestrian,Travel Lane,Not a Pedestrian,Unknown,Not a Pedestrian,Not a Pedestrian,Not a Pedestrian,7,Not a Pedestrian,0,Not a Pedestrian,990,Other/Unknown – Insufficient Details,
18,180304,0,1,6,Bicyclist,58,Female,None Noted,None Noted,None Noted,0,Not a Pedestrian,970,Unknown Approach Paths,Not a Pedestrian,Not At Intersection,Not a Pedestrian,Travel Lane,Not a Pedestrian,Unknown,Not a Pedestrian,Not a Pedestrian,Not a Pedestrian,7,Not a Pedestrian,0,Not a Pedestrian,990,Other/Unknown – Insufficient Details,
18,180321,0,1,6,Bicyclist,8,Male,None Noted,None Noted,None Noted,0,Not a Pedestrian,700,Play Vehicle-Related,Not a Pedestrian,Not At Intersection,Not a Pedestrian,Sidewalk/Crosswalk/Driveway Access,Not a Pedestrian,Not Applicable,Not a Pedestrian,Not a Pedestrian,Not a Pedestrian,7,Not a Pedestrian,0,Not a Pedestrian,850,Other/Unusual Circumstances,
21,210111,0,1,6,Bicyclist,67,Male,None Noted,None Noted,None Noted,0,Not a Pedestrian,970,Unknown Approach Paths,Not a Pedestrian,Not At Intersection,Not a Pedestrian,Travel Lane,Not a Pedestrian,Unknown,Not a Pedestrian,Not a Pedestrian,Not a Pedestrian,7,Not a Pedestrian,0,Not a Pedestrian,990,Other/Unknown – Insufficient Details,
22,220214,0,1,6,Bicyclist,49,Male,None Noted,None Noted,None Noted,0,Not a Pedestrian,180,Crossing Paths – Intersection – Other/Unknown,Not a Pedestrian,Intersection-Related,Not a Pedestrian,Travel Lane,Not a Pedestrian,Not Applicable,Not a Pedestrian,Not a Pedestrian,Not a Pedestrian,7,Not a Pedestrian,0,Not a Pedestrian,190,Crossing Paths – Other Circumstances,
24,240449,0,1,6,Bicyclist,19,Male,Yes,None Noted,None Noted,0,Not a Pedestrian,180,Crossing Paths – Intersection – Other/Unknown,Not a Pedestrian,Intersection-Related,Not a Pedestrian,Sidewalk/Crosswalk/Driveway Access,Not a Pedestrian,Not Applicable,Not a Pedestrian,Not a Pedestrian,Not a Pedestrian,7,Not a Pedestrian,0,Not a Pedestrian,190,Crossing Paths – Other Circumstances,
48,481381,0,1,6,Bicyclist,62,Male,None Noted,None Noted,None Noted,0,Not a Pedestrian,180,Crossing Paths – Intersection – Other/Unknown,Not a Pedestrian,At Intersection,Not a Pedestrian,Sidewalk/Crosswalk/Driveway Access,Not a Pedestrian,Not Applicable,Not a Pedestrian,Not a Pedestrian,Not a Pedestrian,7,Not a Pedestrian,0,Not a Pedestrian,190,Crossing Paths – Other Circumstances,