state_number,consecutive_number,vehicle_number,person_number,person_type,person_type_name,age,sex,marked_crosswalk_present,sidewalk_present,school_zone,crash_type_pedestrian,crash_type_pedestrian_name,crash_type_bicycle,crash_type_bicycle_name,crash_location_pedestrian,crash_location_bicycle,pedestrian_position,bicyclist_position,pedestrian_initial_direction_of_travel,bicyclist_initial_direction_of_travel,motorist_initial_direction_of_travel,motorist_maneuver,intersection_leg,pedestrian_scenario,pedestrian_scenario_name,crash_group_pedestrian,crash_group_pedestrian_name,crash_group_bicycle,crash_group_bicycle_name
22,220099,0,1,6,Bicyclist,45,Male,None Noted,None Noted,None Noted,0,Not a Pedestrian,155,Bicyclist Ride-Through – Signalized Intersection,Not a Pedestrian,At Intersection,Not a Pedestrian,Travel Lane,Not a Pedestrian,Facing Traffic,Not a Pedestrian,Not a Pedestrian,Not a Pedestrian,7,Not a Pedestrian,0,Not a Pedestrian,158,Bicyclist Failed to Yield – Signalized Intersection,
22,220199,0,1,6,Bicyclist,70,Male,None Noted,None Noted,None Noted,0,Not a Pedestrian,155,Bicyclist Ride-Through – Signalized Intersection,Not a Pedestrian,At Intersection,Not a Pedestrian,Travel Lane,Not a Pedestrian,Facing Traffic,Not a Pedestrian,Not a Pedestrian,Not a Pedestrian,7,Not a Pedestrian,0,Not a Pedestrian,158,Bicyclist Failed to Yield – Signalized Intersection,
53,530019,0,1,6,Bicyclist,53,Male,Yes,None Noted,None Noted,0,Not a Pedestrian,155,Bicyclist Ride-Through – Signalized Intersection,Not a Pedestrian,At Intersection,Not a Pedestrian,Sidewalk/Crosswalk/Driveway Access,Not a Pedestrian,Facing Traffic,Not a Pedestrian,Not a Pedestrian,Not a Pedestrian,7,Not a Pedestrian,0,Not a Pedestrian,158,Bicyclist Failed to Yield – Signalized Intersection,
12,120245,0,1,6,Bicyclist,55,Female,None Noted,None Noted,None Noted,0,Not a Pedestrian,155,Bicyclist Ride-Through – Signalized Intersection,Not a Pedestrian,At Intersection,Not a Pedestrian,Travel Lane,Not a Pedestrian,Facing Traffic,Not a Pedestrian,Not a Pedestrian,Not a Pedestrian,7,Not a Pedestrian,0,Not a Pedestrian,158,Bicyclist Failed to Yield – Signalized Intersection,
35,350008,0,1,6,Bicyclist,30,Male,None Noted,None Noted,None Noted,0,Not a Pedestrian,155,Bicyclist Ride-Through – Signalized Intersection,Not a Pedestrian,At Intersection,Not a Pedestrian,Travel Lane,Not a Pedestrian,Not Applicable,Not a Pedestrian,Not a Pedestrian,Not a Pedestrian,7,Not a Pedestrian,0,Not a Pedestrian,158,Bicyclist Failed to Yield – Signalized Intersection,
12,120331,0,1,6,Bicyclist,56,Male,None Noted,None Noted,None Noted,0,Not a Pedestrian,155,Bicyclist Ride-Through – Signalized Intersection,Not a Pedestrian,At Intersection,Not a Pedestrian,Travel Lane,Not a Pedestrian,With Traffic,Not a Pedestrian,Not a Pedestrian,Not a Pedestrian,7,Not a Pedestrian,0,Not a Pedestrian,158,Bicyclist Failed to Yield – Signalized Intersection,
49,490035,0,1,6,Bicyclist,37,Female,None Noted,None Noted,None Noted,0,Not a Pedestrian,249,Bicyclist Overtaking – Other/Unknown,Not a Pedestrian,Not At Intersection,Not a Pedestrian,Travel Lane,Not a Pedestrian,With Traffic,Not a Pedestrian,Not a Pedestrian,Not a Pedestrian,7,Not a Pedestrian,0,Not a Pedestrian,240,Bicyclist Overtaking Motorist,
12,121100,0,1,6,Bicyclist,25,Male,None Noted,None Noted,None Noted,0,Not a Pedestrian,280,Parallel Paths – Other/Unknown,Not a Pedestrian,Not At Intersection,Not a Pedestrian,Bicycle Lane/Paved Shoulder/Parking Lane,Not a Pedestrian,With Traffic,Not a Pedestrian,Not a Pedestrian,Not a Pedestrian,7,Not a Pedestrian,0,Not a Pedestrian,290,Parallel Paths – Other Circumstances,
12,121149,0,1,6,Bicyclist,5,Female,None Noted,None Noted,None Noted,0,Not a Pedestrian,280,Parallel Paths – Other/Unknown,Not a Pedestrian,Not At Intersection,Not a Pedestrian,Travel Lane,Not a Pedestrian,Facing Traffic,Not a Pedestrian,Not a Pedestrian,Not a Pedestrian,7,Not a Pedestrian,0,Not a Pedestrian,290,Parallel Paths – Other Circumstances,
12,120453,0,1,6,Bicyclist,58,Male,None Noted,None Noted,None Noted,0,Not a Pedestrian,280,Parallel Paths – Other/Unknown,Not a Pedestrian,Intersection-Related,Not a Pedestrian,Travel Lane,Not a Pedestrian,Facing Traffic,Not a Pedestrian,Not a Pedestrian,Not a Pedestrian,7,Not a Pedestrian,0,Not a Pedestrian,290,Parallel Paths – Other Circumstances,
12,120760,0,1,6,Bicyclist,40,Male,None Noted,None Noted,None Noted,0,Not a Pedestrian,280,Parallel Paths – Other/Unknown,Not a Pedestrian,Not At Intersection,Not a Pedestrian,Bicycle Lane/Paved Shoulder/Parking Lane,Not a Pedestrian,Unknown,Not a Pedestrian,Not a Pedestrian,Not a Pedestrian,7,Not a Pedestrian,0,Not a Pedestrian,290,Parallel Paths – Other Circumstances,
12,120760,0,2,6,Bicyclist,49,Male,None Noted,None Noted,None Noted,0,Not a Pedestrian,280,Parallel Paths – Other/Unknown,Not a Pedestrian,Not At Intersection,Not a Pedestrian,Bicycle Lane/Paved Shoulder/Parking Lane,Not a Pedestrian,Unknown,Not a Pedestrian,Not a Pedestrian,Not a Pedestrian,7,Not a Pedestrian,0,Not a Pedestrian,290,Parallel Paths – Other Circumstances,
17,170560,0,1,6,Bicyclist,14,Male,None Noted,None Noted,None Noted,0,Not a Pedestrian,280,Parallel Paths – Other/Unknown,Not a Pedestrian,Not At Intersection,Not a Pedestrian,Travel Lane,Not a Pedestrian,With Traffic,Not a Pedestrian,Not a Pedestrian,Not a Pedestrian,7,Not a Pedestrian,0,Not a Pedestrian,290,Parallel Paths – Other Circumstances,
39,390766,0,3,6,Bicyclist,48,Female,None Noted,None Noted,None Noted,0,Not a Pedestrian,280,Parallel Paths – Other/Unknown,Not a Pedestrian,At Intersection,Not a Pedestrian,Travel Lane,Not a Pedestrian,Facing Traffic,Not a Pedestrian,Not a Pedestrian,Not a Pedestrian,7,Not a Pedestrian,0,Not a Pedestrian,290,Parallel Paths – Other Circumstances,
39,390766,0,4,6,Bicyclist,59,Male,None Noted,None Noted,None Noted,0,Not a Pedestrian,280,Parallel Paths – Other/Unknown,Not a Pedestrian,At Intersection,Not a Pedestrian,Travel Lane,Not a Pedestrian,Facing Traffic,Not a Pedestrian,Not a Pedestrian,Not a Pedestrian,7,Not a Pedestrian,0,Not a Pedestrian,290,Parallel Paths – Other Circumstances,
39,390766,0,5,6,Bicyclist,46,Male,None Noted,None Noted,None Noted,0,Not a Pedestrian,280,Parallel Paths – Other/Unknown,Not a Pedestrian,At Intersection,Not a Pedestrian,Travel Lane,Not a Pedestrian,Facing Traffic,Not a Pedestrian,Not a Pedestrian,Not a Pedestrian,7,Not a Pedestrian,0,Not a Pedestrian,290,Parallel Paths – Other Circumstances,
45,450229,0,1,6,Bicyclist,44,Male,None Noted,None Noted,None Noted,0,Not a Pedestrian,280,Parallel Paths – Other/Unknown,Not a Pedestrian,Not At Intersection,Not a Pedestrian,Travel Lane,Not a Pedestrian,With Traffic,Not a Pedestrian,Not a Pedestrian,Not a Pedestrian,7,Not a Pedestrian,0,Not a Pedestrian,290,Parallel Paths – Other Circumstances,
47,470665,0,1,6,Bicyclist,26,Male,None Noted,None Noted,None Noted,0,Not a Pedestrian,280,Parallel Paths – Other/Unknown,Not a Pedestrian,Not At Intersection,Not a Pedestrian,Bicycle Lane/Paved Shoulder/Parking Lane,Not a Pedestrian,With Traffic,Not a Pedestrian,Not a Pedestrian,Not a Pedestrian,7,Not a Pedestrian,0,Not a Pedestrian,290,Parallel Paths – Other Circumstances,
12,120961,0,1,6,Bicyclist,36,Male,None Noted,None Noted,None Noted,0,Not a Pedestrian,280,Parallel Paths – Other/Unknown,Not a Pedestrian,Not At Intersection,Not a Pedestrian,Travel Lane,Not a Pedestrian,With Traffic,Not a Pedestrian,Not a Pedestrian,Not a Pedestrian,7,Not a Pedestrian,0,Not a Pedestrian,290,Parallel Paths – Other Circumstances,
34,340357,0,1,6,Bicyclist,48,Male,None Noted,None Noted,None Noted,0,Not a Pedestrian,112,Motorist Turning Error – Right Turn,Not a Pedestrian,At Intersection,Not a Pedestrian,Travel Lane,Not a Pedestrian,With Traffic,Not a Pedestrian,Not a Pedestrian,Not a Pedestrian,7,Not a Pedestrian,0,Not a Pedestrian,110,Loss of Control/Turning Error,
13,131092,0,1,6,Bicyclist,62,Male,None Noted,None Noted,None Noted,0,Not a Pedestrian,112,Motorist Turning Error – Right Turn,Not a Pedestrian,Not At Intersection,Not a Pedestrian,Sidewalk/Crosswalk/Driveway Access,Not a Pedestrian,Facing Traffic,Not a Pedestrian,Not a Pedestrian,Not a Pedestrian,7,Not a Pedestrian,0,Not a Pedestrian,110,Loss of Control/Turning Error,
32,320182,0,1,6,Bicyclist,19,Male,None Noted,None Noted,None Noted,0,Not a Pedestrian,122,Bicyclist Lost Control – Oversteering  Improper Braking  Speed,Not a Pedestrian,Intersection-Related,Not a Pedestrian,Travel Lane,Not a Pedestrian,With Traffic,Not a Pedestrian,Not a Pedestrian,Not a Pedestrian,7,Not a Pedestrian,0,Not a Pedestrian,110,Loss of Control/Turning Error,
48,482564,0,1,6,Bicyclist,56,Male,None Noted,None Noted,None Noted,0,Not a Pedestrian,116,Bicyclist Turning Error – Other,Not a Pedestrian,Intersection-Related,Not a Pedestrian,Travel Lane,Not a Pedestrian,With Traffic,Not a Pedestrian,Not a Pedestrian,Not a Pedestrian,7,Not a Pedestrian,0,Not a Pedestrian,110,Loss of Control/Turning Error,
25,250252,0,1,6,Bicyclist,53,Male,None Noted,None Noted,None Noted,0,Not a Pedestrian,122,Bicyclist Lost Control – Oversteering  Improper Braking  Speed,Not a Pedestrian,Intersection-Related,Not a Pedestrian,Travel Lane,Not a Pedestrian,With Traffic,Not a Pedestrian,Not a Pedestrian,Not a Pedestrian,7,Not a Pedestrian,0,Not a Pedestrian,110,Loss of Control/Turning Error,
12,120799,0,2,6,Bicyclist,74,Male,None Noted,None Noted,None Noted,0,Not a Pedestrian,219,Motorist Turn/Merge – Other/Unknown,Not a Pedestrian,Intersection-Related,Not a Pedestrian,Bicycle Lane/Paved Shoulder/Parking Lane,Not a Pedestrian,With Traffic,Not a Pedestrian,Not a Pedestrian,Not a Pedestrian,7,Not a Pedestrian,0,Not a Pedestrian,290,Parallel Paths – Other Circumstances,
12,120083,0,1,6,Bicyclist,45,Male,None Noted,None Noted,None Noted,0,Not a Pedestrian,280,Parallel Paths – Other/Unknown,Not a Pedestrian,Not At Intersection,Not a Pedestrian,Other,Not a Pedestrian,With Traffic,Not a Pedestrian,Not a Pedestrian,Not a Pedestrian,7,Not a Pedestrian,0,Not a Pedestrian,290,Parallel Paths – Other Circumstances,
12,120137,0,1,6,Bicyclist,53,Male,None Noted,None Noted,None Noted,0,Not a Pedestrian,280,Parallel Paths – Other/Unknown,Not a Pedestrian,Not At Intersection,Not a Pedestrian,Travel Lane,Not a Pedestrian,With Traffic,Not a Pedestrian,Not a Pedestrian,Not a Pedestrian,7,Not a Pedestrian,0,Not a Pedestrian,290,Parallel Paths – Other Circumstances,
12,120289,0,1,6,Bicyclist,45,Female,None Noted,None Noted,None Noted,0,Not a Pedestrian,280,Parallel Paths – Other/Unknown,Not a Pedestrian,Intersection-Related,Not a Pedestrian,Travel Lane,Not a Pedestrian,With Traffic,Not a Pedestrian,Not a Pedestrian,Not a Pedestrian,7,Not a Pedestrian,0,Not a Pedestrian,290,Parallel Paths – Other Circumstances,
13,130414,0,4,6,Bicyclist,15,Male,None Noted,None Noted,None Noted,0,Not a Pedestrian,280,Parallel Paths – Other/Unknown,Not a Pedestrian,At Intersection,Not a Pedestrian,Travel Lane,Not a Pedestrian,With Traffic,Not a Pedestrian,Not a Pedestrian,Not a Pedestrian,7,Not a Pedestrian,0,Not a Pedestrian,290,Parallel Paths – Other Circumstances,
42,420927,0,1,6,Bicyclist,51,Male,None Noted,None Noted,None Noted,0,Not a Pedestrian,280,Parallel Paths – Other/Unknown,Not a Pedestrian,Not At Intersection,Not a Pedestrian,Bicycle Lane/Paved Shoulder/Parking Lane,Not a Pedestrian,With Traffic,Not a Pedestrian,Not a Pedestrian,Not a Pedestrian,7,Not a Pedestrian,0,Not a Pedestrian,290,Parallel Paths – Other Circumstances,
47,470219,0,1,6,Bicyclist,18,Male,None Noted,None Noted,None Noted,0,Not a Pedestrian,280,Parallel Paths – Other/Unknown,Not a Pedestrian,Not At Intersection,Not a Pedestrian,Travel Lane,Not a Pedestrian,Facing Traffic,Not a Pedestrian,Not a Pedestrian,Not a Pedestrian,7,Not a Pedestrian,0,Not a Pedestrian,290,Parallel Paths – Other Circumstances,
12,121946,0,1,6,Bicyclist,42,Male,None Noted,None Noted,None Noted,0,Not a Pedestrian,219,Motorist Turn/Merge – Other/Unknown,Not a Pedestrian,Not At Intersection,Not a Pedestrian,Bicycle Lane/Paved Shoulder/Parking Lane,Not a Pedestrian,With Traffic,Not a Pedestrian,Not a Pedestrian,Not a Pedestrian,7,Not a Pedestrian,0,Not a Pedestrian,290,Parallel Paths – Other Circumstances,
12,120799,0,1,6,Bicyclist,69,Female,None Noted,None Noted,None Noted,0,Not a Pedestrian,219,Motorist Turn/Merge – Other/Unknown,Not a Pedestrian,Intersection-Related,Not a Pedestrian,Bicycle Lane/Paved Shoulder/Parking Lane,Not a Pedestrian,With Traffic,Not a Pedestrian,Not a Pedestrian,Not a Pedestrian,7,Not a Pedestrian,0,Not a Pedestrian,290,Parallel Paths – Other Circumstances,
47,470256,0,1,6,Bicyclist,9,Male,None Noted,None Noted,None Noted,0,Not a Pedestrian,122,Bicyclist Lost Control – Oversteering  Improper Braking  Speed,Not a Pedestrian,At Intersection,Not a Pedestrian,Travel Lane,Not a Pedestrian,With Traffic,Not a Pedestrian,Not a Pedestrian,Not a Pedestrian,7,Not a Pedestrian,0,Not a Pedestrian,110,Loss of Control/Turning Error,
12,122786,0,1,6,Bicyclist,27,Male,None Noted,None Noted,None Noted,0,Not a Pedestrian,219,Motorist Turn/Merge – Other/Unknown,Not a Pedestrian,Not At Intersection,Not a Pedestrian,Bicycle Lane/Paved Shoulder/Parking Lane,Not a Pedestrian,With Traffic,Not a Pedestrian,Not a Pedestrian,Not a Pedestrian,7,Not a Pedestrian,0,Not a Pedestrian,290,Parallel Paths – Other Circumstances,
31,310067,0,1,6,Bicyclist,58,Male,None Noted,None Noted,None Noted,0,Not a Pedestrian,280,Parallel Paths – Other/Unknown,Not a Pedestrian,Not At Intersection,Not a Pedestrian,Travel Lane,Not a Pedestrian,With Traffic,Not a Pedestrian,Not a Pedestrian,Not a Pedestrian,7,Not a Pedestrian,0,Not a Pedestrian,290,Parallel Paths – Other Circumstances,
13,130414,0,3,6,Bicyclist,45,Male,None Noted,None Noted,None Noted,0,Not a Pedestrian,280,Parallel Paths – Other/Unknown,Not a Pedestrian,At Intersection,Not a Pedestrian,Travel Lane,Not a Pedestrian,With Traffic,Not a Pedestrian,Not a Pedestrian,Not a Pedestrian,7,Not a Pedestrian,0,Not a Pedestrian,290,Parallel Paths – Other Circumstances,
18,180541,0,1,6,Bicyclist,20,Female,None Noted,None Noted,None Noted,0,Not a Pedestrian,280,Parallel Paths – Other/Unknown,Not a Pedestrian,Not At Intersection,Not a Pedestrian,Travel Lane,Not a Pedestrian,With Traffic,Not a Pedestrian,Not a Pedestrian,Not a Pedestrian,7,Not a Pedestrian,0,Not a Pedestrian,290,Parallel Paths – Other Circumstances,
18,180541,0,2,6,Bicyclist,22,Male,None Noted,None Noted,None Noted,0,Not a Pedestrian,280,Parallel Paths – Other/Unknown,Not a Pedestrian,Not At Intersection,Not a Pedestrian,Travel Lane,Not a Pedestrian,With Traffic,Not a Pedestrian,Not a Pedestrian,Not a Pedestrian,7,Not a Pedestrian,0,Not a Pedestrian,290,Parallel Paths – Other Circumstances,
18,180679,0,1,6,Bicyclist,22,Female,None Noted,None Noted,None Noted,0,Not a Pedestrian,280,Parallel Paths – Other/Unknown,Not a Pedestrian,Intersection-Related,Not a Pedestrian,Travel Lane,Not a Pedestrian,With Traffic,Not a Pedestrian,Not a Pedestrian,Not a Pedestrian,7,Not a Pedestrian,0,Not a Pedestrian,290,Parallel Paths – Other Circumstances,
18,180679,0,2,6,Bicyclist,22,Female,None Noted,None Noted,None Noted,0,Not a Pedestrian,280,Parallel Paths – Other/Unknown,Not a Pedestrian,Intersection-Related,Not a Pedestrian,Travel Lane,Not a Pedestrian,With Traffic,Not a Pedestrian,Not a Pedestrian,Not a Pedestrian,7,Not a Pedestrian,0,Not a Pedestrian,290,Parallel Paths – Other Circumstances,
27,270271,0,1,6,Bicyclist,44,Male,None Noted,None Noted,None Noted,0,Not a Pedestrian,280,Parallel Paths – Other/Unknown,Not a Pedestrian,Not At Intersection,Not a Pedestrian,Bicycle Lane/Paved Shoulder/Parking Lane,Not a Pedestrian,Unknown,Not a Pedestrian,Not a Pedestrian,Not a Pedestrian,7,Not a Pedestrian,0,Not a Pedestrian,290,Parallel Paths – Other Circumstances,
12,120889,0,1,6,Bicyclist,23,Male,None Noted,None Noted,None Noted,0,Not a Pedestrian,280,Parallel Paths – Other/Unknown,Not a Pedestrian,Not At Intersection,Not a Pedestrian,Travel Lane,Not a Pedestrian,With Traffic,Not a Pedestrian,Not a Pedestrian,Not a Pedestrian,7,Not a Pedestrian,0,Not a Pedestrian,290,Parallel Paths – Other Circumstances,
22,220681,0,1,6,Bicyclist,20,Male,None Noted,None Noted,None Noted,0,Not a Pedestrian,129,Bicyclist Lost Control – Other/Unknown,Not a Pedestrian,Not At Intersection,Not a Pedestrian,Travel Lane,Not a Pedestrian,With Traffic,Not a Pedestrian,Not a Pedestrian,Not a Pedestrian,7,Not a Pedestrian,0,Not a Pedestrian,110,Loss of Control/Turning Error,
41,410160,0,1,6,Bicyclist,37,Male,None Noted,None Noted,None Noted,0,Not a Pedestrian,129,Bicyclist Lost Control – Other/Unknown,Not a Pedestrian,Not At Intersection,Not a Pedestrian,Travel Lane,Not a Pedestrian,With Traffic,Not a Pedestrian,Not a Pedestrian,Not a Pedestrian,7,Not a Pedestrian,0,Not a Pedestrian,110,Loss of Control/Turning Error,
12,121124,0,1,6,Bicyclist,42,Male,None Noted,None Noted,None Noted,0,Not a Pedestrian,129,Bicyclist Lost Control – Other/Unknown,Not a Pedestrian,At Intersection,Not a Pedestrian,Travel Lane,Not a Pedestrian,With Traffic,Not a Pedestrian,Not a Pedestrian,Not a Pedestrian,7,Not a Pedestrian,0,Not a Pedestrian,110,Loss of Control/Turning Error,
22,220545,0,1,6,Bicyclist,18,Male,None Noted,None Noted,None Noted,0,Not a Pedestrian,121,Bicyclist Lost Control – Mechanical Problems,Not a Pedestrian,Not At Intersection,Not a Pedestrian,Travel Lane,Not a Pedestrian,With Traffic,Not a Pedestrian,Not a Pedestrian,Not a Pedestrian,7,Not a Pedestrian,0,Not a Pedestrian,110,Loss of Control/Turning Error,
24,240388,0,1,6,Bicyclist,4,Male,None Noted,None Noted,None Noted,0,Not a Pedestrian,910,Non-Trafficway,Not a Pedestrian,Non-Trafficway Location,Not a Pedestrian,Non-Trafficway – Parking Lot/Other,Not a Pedestrian,Not Applicable,Not a Pedestrian,Not a Pedestrian,Not a Pedestrian,7,Not a Pedestrian,0,Not a Pedestrian,910,Non-Trafficway,
29,290202,0,1,6,Bicyclist,52,Male,None Noted,None Noted,None Noted,0,Not a Pedestrian,221,Bicyclist Left Turn – Same Direction,Not a Pedestrian,At Intersection,Not a Pedestrian,Travel Lane,Not a Pedestrian,With Traffic,Not a Pedestrian,Not a Pedestrian,Not a Pedestrian,7,Not a Pedestrian,0,Not a Pedestrian,220,Bicyclist Left Turn/Merge,
35,350047,0,1,6,Bicyclist,82,Male,None Noted,None Noted,None Noted,0,Not a Pedestrian,221,Bicyclist Left Turn – Same Direction,Not a Pedestrian,At Intersection,Not a Pedestrian,Travel Lane,Not a Pedestrian,With Traffic,Not a Pedestrian,Not a Pedestrian,Not a Pedestrian,7,Not a Pedestrian,0,Not a Pedestrian,220,Bicyclist Left Turn/Merge,
36,360339,0,1,6,Bicyclist,42,Male,None Noted,None Noted,None Noted,0,Not a Pedestrian,221,Bicyclist Left Turn – Same Direction,Not a Pedestrian,Not At Intersection,Not a Pedestrian,Travel Lane,Not a Pedestrian,With Traffic,Not a Pedestrian,Not a Pedestrian,Not a Pedestrian,7,Not a Pedestrian,0,Not a Pedestrian,220,Bicyclist Left Turn/Merge,
36,360478,0,1,6,Bicyclist,12,Male,None Noted,None Noted,None Noted,0,Not a Pedestrian,221,Bicyclist Left Turn – Same Direction,Not a Pedestrian,Not At Intersection,Not a Pedestrian,Travel Lane,Not a Pedestrian,With Traffic,Not a Pedestrian,Not a Pedestrian,Not a Pedestrian,7,Not a Pedestrian,0,Not a Pedestrian,220,Bicyclist Left Turn/Merge,
22,220630,0,1,6,Bicyclist,21,Male,None Noted,None Noted,None Noted,0,Not a Pedestrian,221,Bicyclist Left Turn – Same Direction,Not a Pedestrian,Not At Intersection,Not a Pedestrian,Travel Lane,Not a Pedestrian,With Traffic,Not a Pedestrian,Not a Pedestrian,Not a Pedestrian,7,Not a Pedestrian,0,Not a Pedestrian,220,Bicyclist Left Turn/Merge,
21,210123,0,1,6,Bicyclist,20,Female,None Noted,None Noted,None Noted,0,Not a Pedestrian,221,Bicyclist Left Turn – Same Direction,Not a Pedestrian,Not At Intersection,Not a Pedestrian,Travel Lane,Not a Pedestrian,With Traffic,Not a Pedestrian,Not a Pedestrian,Not a Pedestrian,7,Not a Pedestrian,0,Not a Pedestrian,220,Bicyclist Left Turn/Merge,
22,220270,0,1,6,Bicyclist,55,Male,None Noted,None Noted,None Noted,0,Not a Pedestrian,221,Bicyclist Left Turn – Same Direction,Not a Pedestrian,Not At Intersection,Not a Pedestrian,Travel Lane,Not a Pedestrian,With Traffic,Not a Pedestrian,Not a Pedestrian,Not a Pedestrian,7,Not a Pedestrian,0,Not a Pedestrian,220,Bicyclist Left Turn/Merge,
26,260581,0,1,6,Bicyclist,28,Male,None Noted,None Noted,None Noted,0,Not a Pedestrian,221,Bicyclist Left Turn – Same Direction,Not a Pedestrian,Not At Intersection,Not a Pedestrian,Travel Lane,Not a Pedestrian,With Traffic,Not a Pedestrian,Not a Pedestrian,Not a Pedestrian,7,Not a Pedestrian,0,Not a Pedestrian,220,Bicyclist Left Turn/Merge,
12,121495,0,1,6,Bicyclist,86,Male,None Noted,None Noted,None Noted,0,Not a Pedestrian,221,Bicyclist Left Turn – Same Direction,Not a Pedestrian,Not At Intersection,Not a Pedestrian,Travel Lane,Not a Pedestrian,With Traffic,Not a Pedestrian,Not a Pedestrian,Not a Pedestrian,7,Not a Pedestrian,0,Not a Pedestrian,220,Bicyclist Left Turn/Merge,
26,260511,0,1,6,Bicyclist,53,Female,None Noted,None Noted,None Noted,0,Not a Pedestrian,221,Bicyclist Left Turn – Same Direction,Not a Pedestrian,Intersection-Related,Not a Pedestrian,Travel Lane,Not a Pedestrian,With Traffic,Not a Pedestrian,Not a Pedestrian,Not a Pedestrian,7,Not a Pedestrian,0,Not a Pedestrian,220,Bicyclist Left Turn/Merge,
36,360568,0,1,6,Bicyclist,77,Male,None Noted,None Noted,None Noted,0,Not a Pedestrian,111,Motorist Turning Error – Left Turn,Not a Pedestrian,At Intersection,Not a Pedestrian,Travel Lane,Not a Pedestrian,Facing Traffic,Not a Pedestrian,Not a Pedestrian,Not a Pedestrian,7,Not a Pedestrian,0,Not a Pedestrian,110,Loss of Control/Turning Error,
18,180530,0,1,6,Bicyclist,45,Female,Unknown,None Noted,None Noted,0,Not a Pedestrian,111,Motorist Turning Error – Left Turn,Not a Pedestrian,At Intersection,Not a Pedestrian,Sidewalk/Crosswalk/Driveway Access,Not a Pedestrian,With Traffic,Not a Pedestrian,Not a Pedestrian,Not a Pedestrian,7,Not a Pedestrian,0,Not a Pedestrian,110,Loss of Control/Turning Error,
29,290075,0,1,6,Bicyclist,40,Male,None Noted,None Noted,None Noted,0,Not a Pedestrian,123,Bicyclist Lost Control – Alcohol/Drug Impairment,Not a Pedestrian,At Intersection,Not a Pedestrian,Sidewalk/Crosswalk/Driveway Access,Not a Pedestrian,Not Applicable,Not a Pedestrian,Not a Pedestrian,Not a Pedestrian,7,Not a Pedestrian,0,Not a Pedestrian,110,Loss of Control/Turning Error,
12,121712,0,1,6,Bicyclist,40,Male,None Noted,None Noted,None Noted,0,Not a Pedestrian,123,Bicyclist Lost Control – Alcohol/Drug Impairment,Not a Pedestrian,Not At Intersection,Not a Pedestrian,Travel Lane,Not a Pedestrian,With Traffic,Not a Pedestrian,Not a Pedestrian,Not a Pedestrian,7,Not a Pedestrian,0,Not a Pedestrian,110,Loss of Control/Turning Error,
41,410032,0,1,6,Bicyclist,60,Male,None Noted,None Noted,None Noted,0,Not a Pedestrian,132,Motorist Lost Control – Oversteering  Improper Braking  Speed,Not a Pedestrian,Not At Intersection,Not a Pedestrian,Bicycle Lane/Paved Shoulder/Parking Lane,Not a Pedestrian,With Traffic,Not a Pedestrian,Not a Pedestrian,Not a Pedestrian,7,Not a Pedestrian,0,Not a Pedestrian,110,Loss of Control/Turning Error,
12,122272,0,1,6,Bicyclist,41,Male,None Noted,None Noted,None Noted,0,Not a Pedestrian,250,Wrong-Way/Wrong-Side – Bicyclist,Not a Pedestrian,Not At Intersection,Not a Pedestrian,Travel Lane,Not a Pedestrian,Facing Traffic,Not a Pedestrian,Not a Pedestrian,Not a Pedestrian,7,Not a Pedestrian,0,Not a Pedestrian,258,Wrong-Way/Wrong-Side,
50,500032,0,1,6,Bicyclist,54,Male,None Noted,None Noted,None Noted,0,Not a Pedestrian,139,Motorist Lost Control – Other/Unknown,Not a Pedestrian,Not At Intersection,Not a Pedestrian,Bicycle Lane/Paved Shoulder/Parking Lane,Not a Pedestrian,With Traffic,Not a Pedestrian,Not a Pedestrian,Not a Pedestrian,7,Not a Pedestrian,0,Not a Pedestrian,110,Loss of Control/Turning Error,
1,10268,0,2,6,Bicyclist,50,Female,None Noted,None Noted,None Noted,0,Not a Pedestrian,139,Motorist Lost Control – Other/Unknown,Not a Pedestrian,Not At Intersection,Not a Pedestrian,Bicycle Lane/Paved Shoulder/Parking Lane,Not a Pedestrian,With Traffic,Not a Pedestrian,Not a Pedestrian,Not a Pedestrian,7,Not a Pedestrian,0,Not a Pedestrian,110,Loss of Control/Turning Error,
8,80228,0,1,6,Bicyclist,57,Male,None Noted,None Noted,None Noted,0,Not a Pedestrian,139,Motorist Lost Control – Other/Unknown,Not a Pedestrian,Not At Intersection,Not a Pedestrian,Bicycle Lane/Paved Shoulder/Parking Lane,Not a Pedestrian,With Traffic,Not a Pedestrian,Not a Pedestrian,Not a Pedestrian,7,Not a Pedestrian,0,Not a Pedestrian,110,Loss of Control/Turning Error,
1,10268,0,1,6,Bicyclist,73,Male,None Noted,None Noted,None Noted,0,Not a Pedestrian,139,Motorist Lost Control – Other/Unknown,Not a Pedestrian,Not At Intersection,Not a Pedestrian,Bicycle Lane/Paved Shoulder/Parking Lane,Not a Pedestrian,With Traffic,Not a Pedestrian,Not a Pedestrian,Not a Pedestrian,7,Not a Pedestrian,0,Not a Pedestrian,110,Loss of Control/Turning Error,
22,220389,0,1,6,Bicyclist,11,Male,None Noted,None Noted,None Noted,0,Not a Pedestrian,129,Bicyclist Lost Control – Other/Unknown,Not a Pedestrian,Not At Intersection,Not a Pedestrian,Travel Lane,Not a Pedestrian,With Traffic,Not a Pedestrian,Not a Pedestrian,Not a Pedestrian,7,Not a Pedestrian,0,Not a Pedestrian,110,Loss of Control/Turning Error,
34,340324,0,1,6,Bicyclist,50,Female,None Noted,None Noted,Unknown,0,Not a Pedestrian,232,Motorist Overtaking – Misjudged Space,Not a Pedestrian,At Intersection,Not a Pedestrian,Travel Lane,Not a Pedestrian,With Traffic,Not a Pedestrian,Not a Pedestrian,Not a Pedestrian,7,Not a Pedestrian,0,Not a Pedestrian,230,Motorist Overtaking Bicyclist,
37,370376,0,1,6,Bicyclist,49,Male,None Noted,None Noted,None Noted,0,Not a Pedestrian,232,Motorist Overtaking – Misjudged Space,Not a Pedestrian,Not At Intersection,Not a Pedestrian,Travel Lane,Not a Pedestrian,With Traffic,Not a Pedestrian,Not a Pedestrian,Not a Pedestrian,7,Not a Pedestrian,0,Not a Pedestrian,230,Motorist Overtaking Bicyclist,
36,360648,0,1,6,Bicyclist,27,Female,None Noted,None Noted,None Noted,0,Not a Pedestrian,235,Motorist Overtaking – Bicyclist Swerved,Not a Pedestrian,Not At Intersection,Not a Pedestrian,Travel Lane,Not a Pedestrian,With Traffic,Not a Pedestrian,Not a Pedestrian,Not a Pedestrian,7,Not a Pedestrian,0,Not a Pedestrian,230,Motorist Overtaking Bicyclist,
20,200134,0,1,6,Bicyclist,60,Female,None Noted,None Noted,None Noted,0,Not a Pedestrian,235,Motorist Overtaking – Bicyclist Swerved,Not a Pedestrian,Not At Intersection,Not a Pedestrian,Travel Lane,Not a Pedestrian,With Traffic,Not a Pedestrian,Not a Pedestrian,Not a Pedestrian,7,Not a Pedestrian,0,Not a Pedestrian,230,Motorist Overtaking Bicyclist,