state_number,consecutive_number,vehicle_number,person_number,person_type,person_type_name,age,sex,marked_crosswalk_present,sidewalk_present,school_zone,crash_type_pedestrian,crash_type_pedestrian_name,crash_type_bicycle,crash_type_bicycle_name,crash_location_pedestrian,crash_location_bicycle,pedestrian_position,bicyclist_position,pedestrian_initial_direction_of_travel,bicyclist_initial_direction_of_travel,motorist_initial_direction_of_travel,motorist_maneuver,intersection_leg,pedestrian_scenario,pedestrian_scenario_name,crash_group_pedestrian,crash_group_pedestrian_name,crash_group_bicycle,crash_group_bicycle_name
48,481224,0,1,6,Bicyclist,16,Male,None Noted,None Noted,None Noted,0,Not a Pedestrian,235,Motorist Overtaking – Bicyclist Swerved,Not a Pedestrian,Not At Intersection,Not a Pedestrian,Travel Lane,Not a Pedestrian,With Traffic,Not a Pedestrian,Not a Pedestrian,Not a Pedestrian,7,Not a Pedestrian,0,Not a Pedestrian,230,Motorist Overtaking Bicyclist,
39,390847,0,1,6,Bicyclist,67,Male,None Noted,None Noted,None Noted,0,Not a Pedestrian,235,Motorist Overtaking – Bicyclist Swerved,Not a Pedestrian,Not At Intersection,Not a Pedestrian,Travel Lane,Not a Pedestrian,With Traffic,Not a Pedestrian,Not a Pedestrian,Not a Pedestrian,7,Not a Pedestrian,0,Not a Pedestrian,230,Motorist Overtaking Bicyclist,
40,400541,0,1,6,Bicyclist,69,Male,None Noted,None Noted,None Noted,0,Not a Pedestrian,235,Motorist Overtaking – Bicyclist Swerved,Not a Pedestrian,Not At Intersection,Not a Pedestrian,Travel Lane,Not a Pedestrian,With Traffic,Not a Pedestrian,Not a Pedestrian,Not a Pedestrian,7,Not a Pedestrian,0,Not a Pedestrian,230,Motorist Overtaking Bicyclist,
4,40225,0,1,6,Bicyclist,51,Male,None Noted,None Noted,None Noted,0,Not a Pedestrian,235,Motorist Overtaking – Bicyclist Swerved,Not a Pedestrian,Not At Intersection,Not a Pedestrian,Travel Lane,Not a Pedestrian,With Traffic,Not a Pedestrian,Not a Pedestrian,Not a Pedestrian,7,Not a Pedestrian,0,Not a Pedestrian,230,Motorist Overtaking Bicyclist,
48,481118,0,1,6,Bicyclist,15,Male,None Noted,None Noted,None Noted,0,Not a Pedestrian,231,Motorist Overtaking – Undetected Bicyclist,Not a Pedestrian,Not At Intersection,Not a Pedestrian,Travel Lane,Not a Pedestrian,With Traffic,Not a Pedestrian,Not a Pedestrian,Not a Pedestrian,7,Not a Pedestrian,0,Not a Pedestrian,230,Motorist Overtaking Bicyclist,
51,510632,0,1,6,Bicyclist,33,Male,None Noted,None Noted,None Noted,0,Not a Pedestrian,231,Motorist Overtaking – Undetected Bicyclist,Not a Pedestrian,Not At Intersection,Not a Pedestrian,Travel Lane,Not a Pedestrian,With Traffic,Not a Pedestrian,Not a Pedestrian,Not a Pedestrian,7,Not a Pedestrian,0,Not a Pedestrian,230,Motorist Overtaking Bicyclist,
51,510569,0,1,6,Bicyclist,38,Male,None Noted,None Noted,None Noted,0,Not a Pedestrian,231,Motorist Overtaking – Undetected Bicyclist,Not a Pedestrian,Not At Intersection,Not a Pedestrian,Travel Lane,Not a Pedestrian,With Traffic,Not a Pedestrian,Not a Pedestrian,Not a Pedestrian,7,Not a Pedestrian,0,Not a Pedestrian,230,Motorist Overtaking Bicyclist,
51,510530,0,1,6,Bicyclist,66,Male,None Noted,None Noted,None Noted,0,Not a Pedestrian,231,Motorist Overtaking – Undetected Bicyclist,Not a Pedestrian,Not At Intersection,Not a Pedestrian,Travel Lane,Not a Pedestrian,With Traffic,Not a Pedestrian,Not a Pedestrian,Not a Pedestrian,7,Not a Pedestrian,0,Not a Pedestrian,230,Motorist Overtaking Bicyclist,
50,500006,0,1,6,Bicyclist,47,Male,None Noted,None Noted,None Noted,0,Not a Pedestrian,231,Motorist Overtaking – Undetected Bicyclist,Not a Pedestrian,Not At Intersection,Not a Pedestrian,Bicycle Lane/Paved Shoulder/Parking Lane,Not a Pedestrian,With Traffic,Not a Pedestrian,Not a Pedestrian,Not a Pedestrian,7,Not a Pedestrian,0,Not a Pedestrian,230,Motorist Overtaking Bicyclist,
55,550375,0,1,6,Bicyclist,51,Male,None Noted,None Noted,None Noted,0,Not a Pedestrian,231,Motorist Overtaking – Undetected Bicyclist,Not a Pedestrian,Not At Intersection,Not a Pedestrian,Travel Lane,Not a Pedestrian,With Traffic,Not a Pedestrian,Not a Pedestrian,Not a Pedestrian,7,Not a Pedestrian,0,Not a Pedestrian,230,Motorist Overtaking Bicyclist,
55,550349,0,1,6,Bicyclist,41,Male,None Noted,None Noted,None Noted,0,Not a Pedestrian,231,Motorist Overtaking – Undetected Bicyclist,Not a Pedestrian,Not At Intersection,Not a Pedestrian,Travel Lane,Not a Pedestrian,With Traffic,Not a Pedestrian,Not a Pedestrian,Not a Pedestrian,7,Not a Pedestrian,0,Not a Pedestrian,230,Motorist Overtaking Bicyclist,
55,550193,0,2,6,Bicyclist,45,Male,None Noted,None Noted,None Noted,0,Not a Pedestrian,231,Motorist Overtaking – Undetected Bicyclist,Not a Pedestrian,Not At Intersection,Not a Pedestrian,Bicycle Lane/Paved Shoulder/Parking Lane,Not a Pedestrian,With Traffic,Not a Pedestrian,Not a Pedestrian,Not a Pedestrian,7,Not a Pedestrian,0,Not a Pedestrian,230,Motorist Overtaking Bicyclist,
54,540177,0,1,6,Bicyclist,30,Male,None Noted,None Noted,None Noted,0,Not a Pedestrian,231,Motorist Overtaking – Undetected Bicyclist,Not a Pedestrian,Not At Intersection,Not a Pedestrian,Travel Lane,Not a Pedestrian,With Traffic,Not a Pedestrian,Not a Pedestrian,Not a Pedestrian,7,Not a Pedestrian,0,Not a Pedestrian,230,Motorist Overtaking Bicyclist,
55,550193,0,1,6,Bicyclist,54,Male,None Noted,None Noted,None Noted,0,Not a Pedestrian,231,Motorist Overtaking – Undetected Bicyclist,Not a Pedestrian,Not At Intersection,Not a Pedestrian,Bicycle Lane/Paved Shoulder/Parking Lane,Not a Pedestrian,With Traffic,Not a Pedestrian,Not a Pedestrian,Not a Pedestrian,7,Not a Pedestrian,0,Not a Pedestrian,230,Motorist Overtaking Bicyclist,
12,122496,0,1,6,Bicyclist,49,Male,None Noted,None Noted,None Noted,0,Not a Pedestrian,231,Motorist Overtaking – Undetected Bicyclist,Not a Pedestrian,Not At Intersection,Not a Pedestrian,Other,Not a Pedestrian,Facing Traffic,Not a Pedestrian,Not a Pedestrian,Not a Pedestrian,7,Not a Pedestrian,0,Not a Pedestrian,230,Motorist Overtaking Bicyclist,
13,130684,0,1,6,Bicyclist,34,Male,None Noted,None Noted,None Noted,0,Not a Pedestrian,231,Motorist Overtaking – Undetected Bicyclist,Not a Pedestrian,Intersection-Related,Not a Pedestrian,Travel Lane,Not a Pedestrian,With Traffic,Not a Pedestrian,Not a Pedestrian,Not a Pedestrian,7,Not a Pedestrian,0,Not a Pedestrian,230,Motorist Overtaking Bicyclist,
13,130447,0,1,6,Bicyclist,68,Male,None Noted,None Noted,None Noted,0,Not a Pedestrian,231,Motorist Overtaking – Undetected Bicyclist,Not a Pedestrian,Not At Intersection,Not a Pedestrian,Bicycle Lane/Paved Shoulder/Parking Lane,Not a Pedestrian,With Traffic,Not a Pedestrian,Not a Pedestrian,Not a Pedestrian,7,Not a Pedestrian,0,Not a Pedestrian,230,Motorist Overtaking Bicyclist,
13,130046,0,1,6,Bicyclist,64,Male,None Noted,None Noted,None Noted,0,Not a Pedestrian,231,Motorist Overtaking – Undetected Bicyclist,Not a Pedestrian,Not At Intersection,Not a Pedestrian,Travel Lane,Not a Pedestrian,With Traffic,Not a Pedestrian,Not a Pedestrian,Not a Pedestrian,7,Not a Pedestrian,0,Not a Pedestrian,230,Motorist Overtaking Bicyclist,
48,481313,0,1,6,Bicyclist,66,Male,None Noted,None Noted,None Noted,0,Not a Pedestrian,231,Motorist Overtaking – Undetected Bicyclist,Not a Pedestrian,Not At Intersection,Not a Pedestrian,Travel Lane,Not a Pedestrian,With Traffic,Not a Pedestrian,Not a Pedestrian,Not a Pedestrian,7,Not a Pedestrian,0,Not a Pedestrian,230,Motorist Overtaking Bicyclist,
39,390212,0,2,6,Bicyclist,42,Female,None Noted,None Noted,None Noted,0,Not a Pedestrian,232,Motorist Overtaking – Misjudged Space,Not a Pedestrian,Not At Intersection,Not a Pedestrian,Bicycle Lane/Paved Shoulder/Parking Lane,Not a Pedestrian,With Traffic,Not a Pedestrian,Not a Pedestrian,Not a Pedestrian,7,Not a Pedestrian,0,Not a Pedestrian,230,Motorist Overtaking Bicyclist,
39,390212,0,1,6,Bicyclist,36,Male,None Noted,None Noted,None Noted,0,Not a Pedestrian,232,Motorist Overtaking – Misjudged Space,Not a Pedestrian,Not At Intersection,Not a Pedestrian,Bicycle Lane/Paved Shoulder/Parking Lane,Not a Pedestrian,With Traffic,Not a Pedestrian,Not a Pedestrian,Not a Pedestrian,7,Not a Pedestrian,0,Not a Pedestrian,230,Motorist Overtaking Bicyclist,
37,370859,0,1,6,Bicyclist,25,Female,None Noted,None Noted,None Noted,0,Not a Pedestrian,232,Motorist Overtaking – Misjudged Space,Not a Pedestrian,Not At Intersection,Not a Pedestrian,Travel Lane,Not a Pedestrian,With Traffic,Not a Pedestrian,Not a Pedestrian,Not a Pedestrian,7,Not a Pedestrian,0,Not a Pedestrian,230,Motorist Overtaking Bicyclist,
39,390827,0,1,6,Bicyclist,70,Male,None Noted,None Noted,None Noted,0,Not a Pedestrian,232,Motorist Overtaking – Misjudged Space,Not a Pedestrian,Not At Intersection,Not a Pedestrian,Bicycle Lane/Paved Shoulder/Parking Lane,Not a Pedestrian,With Traffic,Not a Pedestrian,Not a Pedestrian,Not a Pedestrian,7,Not a Pedestrian,0,Not a Pedestrian,230,Motorist Overtaking Bicyclist,
51,510265,0,1,6,Bicyclist,18,Female,None Noted,None Noted,None Noted,0,Not a Pedestrian,232,Motorist Overtaking – Misjudged Space,Not a Pedestrian,Not At Intersection,Not a Pedestrian,Travel Lane,Not a Pedestrian,With Traffic,Not a Pedestrian,Not a Pedestrian,Not a Pedestrian,7,Not a Pedestrian,0,Not a Pedestrian,230,Motorist Overtaking Bicyclist,
51,510062,0,1,6,Bicyclist,31,Female,None Noted,None Noted,None Noted,0,Not a Pedestrian,232,Motorist Overtaking – Misjudged Space,Not a Pedestrian,Not At Intersection,Not a Pedestrian,Travel Lane,Not a Pedestrian,With Traffic,Not a Pedestrian,Not a Pedestrian,Not a Pedestrian,7,Not a Pedestrian,0,Not a Pedestrian,230,Motorist Overtaking Bicyclist,
55,550321,0,1,6,Bicyclist,50,Male,None Noted,None Noted,None Noted,0,Not a Pedestrian,232,Motorist Overtaking – Misjudged Space,Not a Pedestrian,Not At Intersection,Not a Pedestrian,Travel Lane,Not a Pedestrian,With Traffic,Not a Pedestrian,Not a Pedestrian,Not a Pedestrian,7,Not a Pedestrian,0,Not a Pedestrian,230,Motorist Overtaking Bicyclist,
26,260557,0,1,6,Bicyclist,71,Female,None Noted,None Noted,None Noted,0,Not a Pedestrian,232,Motorist Overtaking – Misjudged Space,Not a Pedestrian,Not At Intersection,Not a Pedestrian,Travel Lane,Not a Pedestrian,With Traffic,Not a Pedestrian,Not a Pedestrian,Not a Pedestrian,7,Not a Pedestrian,0,Not a Pedestrian,230,Motorist Overtaking Bicyclist,
26,260437,0,1,6,Bicyclist,64,Male,None Noted,None Noted,None Noted,0,Not a Pedestrian,232,Motorist Overtaking – Misjudged Space,Not a Pedestrian,Not At Intersection,Not a Pedestrian,Travel Lane,Not a Pedestrian,With Traffic,Not a Pedestrian,Not a Pedestrian,Not a Pedestrian,7,Not a Pedestrian,0,Not a Pedestrian,230,Motorist Overtaking Bicyclist,
36,360225,0,1,6,Bicyclist,62,Male,None Noted,None Noted,None Noted,0,Not a Pedestrian,232,Motorist Overtaking – Misjudged Space,Not a Pedestrian,Not At Intersection,Not a Pedestrian,Bicycle Lane/Paved Shoulder/Parking Lane,Not a Pedestrian,With Traffic,Not a Pedestrian,Not a Pedestrian,Not a Pedestrian,7,Not a Pedestrian,0,Not a Pedestrian,230,Motorist Overtaking Bicyclist,
17,170447,0,1,6,Bicyclist,37,Male,None Noted,None Noted,None Noted,0,Not a Pedestrian,239,Motorist Overtaking – Other/Unknown,Not a Pedestrian,Not At Intersection,Not a Pedestrian,Travel Lane,Not a Pedestrian,With Traffic,Not a Pedestrian,Not a Pedestrian,Not a Pedestrian,7,Not a Pedestrian,0,Not a Pedestrian,230,Motorist Overtaking Bicyclist,
17,170260,0,1,6,Bicyclist,65,Female,None Noted,None Noted,None Noted,0,Not a Pedestrian,239,Motorist Overtaking – Other/Unknown,Not a Pedestrian,Not At Intersection,Not a Pedestrian,Bicycle Lane/Paved Shoulder/Parking Lane,Not a Pedestrian,With Traffic,Not a Pedestrian,Not a Pedestrian,Not a Pedestrian,7,Not a Pedestrian,0,Not a Pedestrian,230,Motorist Overtaking Bicyclist,
39,390934,0,1,6,Bicyclist,58,Male,None Noted,None Noted,None Noted,0,Not a Pedestrian,239,Motorist Overtaking – Other/Unknown,Not a Pedestrian,At Intersection,Not a Pedestrian,Travel Lane,Not a Pedestrian,With Traffic,Not a Pedestrian,Not a Pedestrian,Not a Pedestrian,7,Not a Pedestrian,0,Not a Pedestrian,230,Motorist Overtaking Bicyclist,
24,240371,0,2,7,Other Cyclist,59,Female,None Noted,None Noted,None Noted,0,Not a Pedestrian,239,Motorist Overtaking – Other/Unknown,Not a Pedestrian,Not At Intersection,Not a Pedestrian,Travel Lane,Not a Pedestrian,With Traffic,Not a Pedestrian,Not a Pedestrian,Not a Pedestrian,7,Not a Pedestrian,0,Not a Pedestrian,230,Motorist Overtaking Bicyclist,
12,122481,0,1,6,Bicyclist,36,Female,None Noted,None Noted,None Noted,0,Not a Pedestrian,239,Motorist Overtaking – Other/Unknown,Not a Pedestrian,Not At Intersection,Not a Pedestrian,Travel Lane,Not a Pedestrian,With Traffic,Not a Pedestrian,Not a Pedestrian,Not a Pedestrian,7,Not a Pedestrian,0,Not a Pedestrian,230,Motorist Overtaking Bicyclist,
13,130603,0,1,6,Bicyclist,62,Male,None Noted,None Noted,None Noted,0,Not a Pedestrian,239,Motorist Overtaking – Other/Unknown,Not a Pedestrian,Not At Intersection,Not a Pedestrian,Travel Lane,Not a Pedestrian,With Traffic,Not a Pedestrian,Not a Pedestrian,Not a Pedestrian,7,Not a Pedestrian,0,Not a Pedestrian,230,Motorist Overtaking Bicyclist,
12,121748,0,1,6,Bicyclist,50,Male,None Noted,None Noted,None Noted,0,Not a Pedestrian,239,Motorist Overtaking – Other/Unknown,Not a Pedestrian,Not At Intersection,Not a Pedestrian,Travel Lane,Not a Pedestrian,With Traffic,Not a Pedestrian,Not a Pedestrian,Not a Pedestrian,7,Not a Pedestrian,0,Not a Pedestrian,230,Motorist Overtaking Bicyclist,
13,130282,0,1,6,Bicyclist,28,Male,None Noted,None Noted,None Noted,0,Not a Pedestrian,239,Motorist Overtaking – Other/Unknown,Not a Pedestrian,Not At Intersection,Not a Pedestrian,Travel Lane,Not a Pedestrian,With Traffic,Not a Pedestrian,Not a Pedestrian,Not a Pedestrian,7,Not a Pedestrian,0,Not a Pedestrian,230,Motorist Overtaking Bicyclist,
12,122802,0,1,6,Bicyclist,69,Male,None Noted,None Noted,None Noted,0,Not a Pedestrian,239,Motorist Overtaking – Other/Unknown,Not a Pedestrian,Not At Intersection,Not a Pedestrian,Travel Lane,Not a Pedestrian,With Traffic,Not a Pedestrian,Not a Pedestrian,Not a Pedestrian,7,Not a Pedestrian,0,Not a Pedestrian,230,Motorist Overtaking Bicyclist,
12,122766,0,1,6,Bicyclist,57,Male,None Noted,None Noted,None Noted,0,Not a Pedestrian,239,Motorist Overtaking – Other/Unknown,Not a Pedestrian,Intersection-Related,Not a Pedestrian,Travel Lane,Not a Pedestrian,With Traffic,Not a Pedestrian,Not a Pedestrian,Not a Pedestrian,7,Not a Pedestrian,0,Not a Pedestrian,230,Motorist Overtaking Bicyclist,
12,122753,0,1,6,Bicyclist,50,Male,None Noted,None Noted,None Noted,0,Not a Pedestrian,239,Motorist Overtaking – Other/Unknown,Not a Pedestrian,Not At Intersection,Not a Pedestrian,Travel Lane,Not a Pedestrian,With Traffic,Not a Pedestrian,Not a Pedestrian,Not a Pedestrian,7,Not a Pedestrian,0,Not a Pedestrian,230,Motorist Overtaking Bicyclist,
12,121106,0,1,6,Bicyclist,45,Male,None Noted,None Noted,None Noted,0,Not a Pedestrian,239,Motorist Overtaking – Other/Unknown,Not a Pedestrian,Not At Intersection,Not a Pedestrian,Bicycle Lane/Paved Shoulder/Parking Lane,Not a Pedestrian,With Traffic,Not a Pedestrian,Not a Pedestrian,Not a Pedestrian,7,Not a Pedestrian,0,Not a Pedestrian,230,Motorist Overtaking Bicyclist,
19,190187,0,1,6,Bicyclist,54,Male,None Noted,None Noted,None Noted,0,Not a Pedestrian,239,Motorist Overtaking – Other/Unknown,Not a Pedestrian,Not At Intersection,Not a Pedestrian,Travel Lane,Not a Pedestrian,With Traffic,Not a Pedestrian,Not a Pedestrian,Not a Pedestrian,7,Not a Pedestrian,0,Not a Pedestrian,230,Motorist Overtaking Bicyclist,
48,481867,0,1,6,Bicyclist,56,Female,None Noted,None Noted,None Noted,0,Not a Pedestrian,239,Motorist Overtaking – Other/Unknown,Not a Pedestrian,Not At Intersection,Not a Pedestrian,Travel Lane,Not a Pedestrian,With Traffic,Not a Pedestrian,Not a Pedestrian,Not a Pedestrian,7,Not a Pedestrian,0,Not a Pedestrian,230,Motorist Overtaking Bicyclist,
48,481708,0,1,6,Bicyclist,13,Male,None Noted,None Noted,None Noted,0,Not a Pedestrian,239,Motorist Overtaking – Other/Unknown,Not a Pedestrian,Not At Intersection,Not a Pedestrian,Travel Lane,Not a Pedestrian,With Traffic,Not a Pedestrian,Not a Pedestrian,Not a Pedestrian,7,Not a Pedestrian,0,Not a Pedestrian,230,Motorist Overtaking Bicyclist,
48,482508,0,1,6,Bicyclist,38,Male,None Noted,None Noted,None Noted,0,Not a Pedestrian,239,Motorist Overtaking – Other/Unknown,Not a Pedestrian,Not At Intersection,Not a Pedestrian,Bicycle Lane/Paved Shoulder/Parking Lane,Not a Pedestrian,With Traffic,Not a Pedestrian,Not a Pedestrian,Not a Pedestrian,7,Not a Pedestrian,0,Not a Pedestrian,230,Motorist Overtaking Bicyclist,
26,260173,0,1,6,Bicyclist,30,Male,None Noted,None Noted,None Noted,0,Not a Pedestrian,239,Motorist Overtaking – Other/Unknown,Not a Pedestrian,Not At Intersection,Not a Pedestrian,Travel Lane,Not a Pedestrian,With Traffic,Not a Pedestrian,Not a Pedestrian,Not a Pedestrian,7,Not a Pedestrian,0,Not a Pedestrian,230,Motorist Overtaking Bicyclist,
25,250249,0,1,6,Bicyclist,67,Male,None Noted,None Noted,None Noted,0,Not a Pedestrian,239,Motorist Overtaking – Other/Unknown,Not a Pedestrian,Intersection-Related,Not a Pedestrian,Bicycle Lane/Paved Shoulder/Parking Lane,Not a Pedestrian,With Traffic,Not a Pedestrian,Not a Pedestrian,Not a Pedestrian,7,Not a Pedestrian,0,Not a Pedestrian,230,Motorist Overtaking Bicyclist,
27,270189,0,1,6,Bicyclist,62,Male,None Noted,None Noted,None Noted,0,Not a Pedestrian,239,Motorist Overtaking – Other/Unknown,Not a Pedestrian,Not At Intersection,Not a Pedestrian,Travel Lane,Not a Pedestrian,With Traffic,Not a Pedestrian,Not a Pedestrian,Not a Pedestrian,7,Not a Pedestrian,0,Not a Pedestrian,230,Motorist Overtaking Bicyclist,
48,482020,0,1,6,Bicyclist,16,Male,None Noted,None Noted,None Noted,0,Not a Pedestrian,239,Motorist Overtaking – Other/Unknown,Not a Pedestrian,Not At Intersection,Not a Pedestrian,Travel Lane,Not a Pedestrian,With Traffic,Not a Pedestrian,Not a Pedestrian,Not a Pedestrian,7,Not a Pedestrian,0,Not a Pedestrian,230,Motorist Overtaking Bicyclist,
5,50029,0,2,6,Bicyclist,29,Male,None Noted,None Noted,None Noted,0,Not a Pedestrian,239,Motorist Overtaking – Other/Unknown,Not a Pedestrian,Not At Intersection,Not a Pedestrian,Travel Lane,Not a Pedestrian,With Traffic,Not a Pedestrian,Not a Pedestrian,Not a Pedestrian,7,Not a Pedestrian,0,Not a Pedestrian,230,Motorist Overtaking Bicyclist,
48,481265,0,1,6,Bicyclist,47,Male,None Noted,None Noted,None Noted,0,Not a Pedestrian,231,Motorist Overtaking – Undetected Bicyclist,Not a Pedestrian,Not At Intersection,Not a Pedestrian,Travel Lane,Not a Pedestrian,With Traffic,Not a Pedestrian,Not a Pedestrian,Not a Pedestrian,7,Not a Pedestrian,0,Not a Pedestrian,230,Motorist Overtaking Bicyclist,
48,481201,0,1,6,Bicyclist,57,Male,None Noted,None Noted,None Noted,0,Not a Pedestrian,231,Motorist Overtaking – Undetected Bicyclist,Not a Pedestrian,Not At Intersection,Not a Pedestrian,Travel Lane,Not a Pedestrian,With Traffic,Not a Pedestrian,Not a Pedestrian,Not a Pedestrian,7,Not a Pedestrian,0,Not a Pedestrian,230,Motorist Overtaking Bicyclist,
48,483210,0,1,6,Bicyclist,37,Male,None Noted,None Noted,None Noted,0,Not a Pedestrian,231,Motorist Overtaking – Undetected Bicyclist,Not a Pedestrian,Not At Intersection,Not a Pedestrian,Bicycle Lane/Paved Shoulder/Parking Lane,Not a Pedestrian,With Traffic,Not a Pedestrian,Not a Pedestrian,Not a Pedestrian,7,Not a Pedestrian,0,Not a Pedestrian,230,Motorist Overtaking Bicyclist,
18,180408,0,1,6,Bicyclist,52,Male,None Noted,None Noted,None Noted,0,Not a Pedestrian,232,Motorist Overtaking – Misjudged Space,Not a Pedestrian,Not At Intersection,Not a Pedestrian,Travel Lane,Not a Pedestrian,With Traffic,Not a Pedestrian,Not a Pedestrian,Not a Pedestrian,7,Not a Pedestrian,0,Not a Pedestrian,230,Motorist Overtaking Bicyclist,
13,130437,0,1,6,Bicyclist,64,Male,None Noted,None Noted,None Noted,0,Not a Pedestrian,232,Motorist Overtaking – Misjudged Space,Not a Pedestrian,Not At Intersection,Not a Pedestrian,Travel Lane,Not a Pedestrian,With Traffic,Not a Pedestrian,Not a Pedestrian,Not a Pedestrian,7,Not a Pedestrian,0,Not a Pedestrian,230,Motorist Overtaking Bicyclist,
19,190141,0,1,6,Bicyclist,20,Female,None Noted,None Noted,None Noted,0,Not a Pedestrian,232,Motorist Overtaking – Misjudged Space,Not a Pedestrian,Not At Intersection,Not a Pedestrian,Travel Lane,Not a Pedestrian,With Traffic,Not a Pedestrian,Not a Pedestrian,Not a Pedestrian,7,Not a Pedestrian,0,Not a Pedestrian,230,Motorist Overtaking Bicyclist,
4,40369,0,2,6,Bicyclist,40,Male,None Noted,None Noted,None Noted,0,Not a Pedestrian,232,Motorist Overtaking – Misjudged Space,Not a Pedestrian,Not At Intersection,Not a Pedestrian,Bicycle Lane/Paved Shoulder/Parking Lane,Not a Pedestrian,With Traffic,Not a Pedestrian,Not a Pedestrian,Not a Pedestrian,7,Not a Pedestrian,0,Not a Pedestrian,230,Motorist Overtaking Bicyclist,
4,40369,0,1,6,Bicyclist,39,Male,None Noted,None Noted,None Noted,0,Not a Pedestrian,232,Motorist Overtaking – Misjudged Space,Not a Pedestrian,Not At Intersection,Not a Pedestrian,Bicycle Lane/Paved Shoulder/Parking Lane,Not a Pedestrian,With Traffic,Not a Pedestrian,Not a Pedestrian,Not a Pedestrian,7,Not a Pedestrian,0,Not a Pedestrian,230,Motorist Overtaking Bicyclist,
4,40320,0,1,6,Bicyclist,43,Male,None Noted,None Noted,None Noted,0,Not a Pedestrian,232,Motorist Overtaking – Misjudged Space,Not a Pedestrian,Not At Intersection,Not a Pedestrian,Bicycle Lane/Paved Shoulder/Parking Lane,Not a Pedestrian,With Traffic,Not a Pedestrian,Not a Pedestrian,Not a Pedestrian,7,Not a Pedestrian,0,Not a Pedestrian,230,Motorist Overtaking Bicyclist,
8,80358,0,1,6,Bicyclist,47,Male,None Noted,None Noted,None Noted,0,Not a Pedestrian,231,Motorist Overtaking – Undetected Bicyclist,Not a Pedestrian,Not At Intersection,Not a Pedestrian,Travel Lane,Not a Pedestrian,With Traffic,Not a Pedestrian,Not a Pedestrian,Not a Pedestrian,7,Not a Pedestrian,0,Not a Pedestrian,230,Motorist Overtaking Bicyclist,
8,80224,0,1,6,Bicyclist,59,Male,None Noted,None Noted,None Noted,0,Not a Pedestrian,232,Motorist Overtaking – Misjudged Space,Not a Pedestrian,Not At Intersection,Not a Pedestrian,Travel Lane,Not a Pedestrian,With Traffic,Not a Pedestrian,Not a Pedestrian,Not a Pedestrian,7,Not a Pedestrian,0,Not a Pedestrian,230,Motorist Overtaking Bicyclist,
12,122740,0,1,6,Bicyclist,47,Male,None Noted,None Noted,None Noted,0,Not a Pedestrian,239,Motorist Overtaking – Other/Unknown,Not a Pedestrian,Not At Intersection,Not a Pedestrian,Bicycle Lane/Paved Shoulder/Parking Lane,Not a Pedestrian,With Traffic,Not a Pedestrian,Not a Pedestrian,Not a Pedestrian,7,Not a Pedestrian,0,Not a Pedestrian,230,Motorist Overtaking Bicyclist,
12,121444,0,1,6,Bicyclist,17,Male,None Noted,None Noted,None Noted,0,Not a Pedestrian,239,Motorist Overtaking – Other/Unknown,Not a Pedestrian,Not At Intersection,Not a Pedestrian,Travel Lane,Not a Pedestrian,With Traffic,Not a Pedestrian,Not a Pedestrian,Not a Pedestrian,7,Not a Pedestrian,0,Not a Pedestrian,230,Motorist Overtaking Bicyclist,
12,120535,0,1,6,Bicyclist,46,Male,None Noted,None Noted,None Noted,0,Not a Pedestrian,239,Motorist Overtaking – Other/Unknown,Not a Pedestrian,Not At Intersection,Not a Pedestrian,Travel Lane,Not a Pedestrian,With Traffic,Not a Pedestrian,Not a Pedestrian,Not a Pedestrian,7,Not a Pedestrian,0,Not a Pedestrian,230,Motorist Overtaking Bicyclist,
12,120498,0,1,6,Bicyclist,27,Male,None Noted,None Noted,None Noted,0,Not a Pedestrian,239,Motorist Overtaking – Other/Unknown,Not a Pedestrian,Not At Intersection,Not a Pedestrian,Bicycle Lane/Paved Shoulder/Parking Lane,Not a Pedestrian,With Traffic,Not a Pedestrian,Not a Pedestrian,Not a Pedestrian,7,Not a Pedestrian,0,Not a Pedestrian,230,Motorist Overtaking Bicyclist,
12,120293,0,1,6,Bicyclist,44,Male,None Noted,None Noted,None Noted,0,Not a Pedestrian,239,Motorist Overtaking – Other/Unknown,Not a Pedestrian,Not At Intersection,Not a Pedestrian,Bicycle Lane/Paved Shoulder/Parking Lane,Not a Pedestrian,With Traffic,Not a Pedestrian,Not a Pedestrian,Not a Pedestrian,7,Not a Pedestrian,0,Not a Pedestrian,230,Motorist Overtaking Bicyclist,
12,121296,0,1,6,Bicyclist,29,Male,None Noted,None Noted,None Noted,0,Not a Pedestrian,239,Motorist Overtaking – Other/Unknown,Not a Pedestrian,Not At Intersection,Not a Pedestrian,Bicycle Lane/Paved Shoulder/Parking Lane,Not a Pedestrian,With Traffic,Not a Pedestrian,Not a Pedestrian,Not a Pedestrian,7,Not a Pedestrian,0,Not a Pedestrian,230,Motorist Overtaking Bicyclist,
12,120921,0,1,6,Bicyclist,33,Male,None Noted,None Noted,None Noted,0,Not a Pedestrian,239,Motorist Overtaking – Other/Unknown,Not a Pedestrian,Not At Intersection,Not a Pedestrian,Travel Lane,Not a Pedestrian,With Traffic,Not a Pedestrian,Not a Pedestrian,Not a Pedestrian,7,Not a Pedestrian,0,Not a Pedestrian,230,Motorist Overtaking Bicyclist,
12,120749,0,1,6,Bicyclist,57,Male,None Noted,None Noted,None Noted,0,Not a Pedestrian,250,Wrong-Way/Wrong-Side – Bicyclist,Not a Pedestrian,Not At Intersection,Not a Pedestrian,Travel Lane,Not a Pedestrian,Facing Traffic,Not a Pedestrian,Not a Pedestrian,Not a Pedestrian,7,Not a Pedestrian,0,Not a Pedestrian,258,Wrong-Way/Wrong-Side,
39,390620,0,1,6,Bicyclist,14,Female,None Noted,None Noted,None Noted,0,Not a Pedestrian,250,Wrong-Way/Wrong-Side – Bicyclist,Not a Pedestrian,Not At Intersection,Not a Pedestrian,Travel Lane,Not a Pedestrian,Facing Traffic,Not a Pedestrian,Not a Pedestrian,Not a Pedestrian,7,Not a Pedestrian,0,Not a Pedestrian,258,Wrong-Way/Wrong-Side,
12,120088,0,1,6,Bicyclist,49,Male,None Noted,None Noted,None Noted,0,Not a Pedestrian,250,Wrong-Way/Wrong-Side – Bicyclist,Not a Pedestrian,Not At Intersection,Not a Pedestrian,Travel Lane,Not a Pedestrian,Facing Traffic,Not a Pedestrian,Not a Pedestrian,Not a Pedestrian,7,Not a Pedestrian,0,Not a Pedestrian,258,Wrong-Way/Wrong-Side,
27,270256,0,1,6,Bicyclist,21,Male,None Noted,None Noted,None Noted,0,Not a Pedestrian,250,Wrong-Way/Wrong-Side – Bicyclist,Not a Pedestrian,Not At Intersection,Not a Pedestrian,Travel Lane,Not a Pedestrian,Facing Traffic,Not a Pedestrian,Not a Pedestrian,Not a Pedestrian,7,Not a Pedestrian,0,Not a Pedestrian,258,Wrong-Way/Wrong-Side,
12,122360,0,1,6,Bicyclist,43,Male,None Noted,None Noted,None Noted,0,Not a Pedestrian,250,Wrong-Way/Wrong-Side – Bicyclist,Not a Pedestrian,Not At Intersection,Not a Pedestrian,Travel Lane,Not a Pedestrian,Facing Traffic,Not a Pedestrian,Not a Pedestrian,Not a Pedestrian,7,Not a Pedestrian,0,Not a Pedestrian,258,Wrong-Way/Wrong-Side,