state_number,consecutive_number,vehicle_number,person_number,person_type,person_type_name,age,sex,marked_crosswalk_present,sidewalk_present,school_zone,crash_type_pedestrian,crash_type_pedestrian_name,crash_type_bicycle,crash_type_bicycle_name,crash_location_pedestrian,crash_location_bicycle,pedestrian_position,bicyclist_position,pedestrian_initial_direction_of_travel,bicyclist_initial_direction_of_travel,motorist_initial_direction_of_travel,motorist_maneuver,intersection_leg,pedestrian_scenario,pedestrian_scenario_name,crash_group_pedestrian,crash_group_pedestrian_name,crash_group_bicycle,crash_group_bicycle_name
27,270247,0,1,6,Bicyclist,51,Male,None Noted,None Noted,None Noted,0,Not a Pedestrian,231,Motorist Overtaking – Undetected Bicyclist,Not a Pedestrian,Not At Intersection,Not a Pedestrian,Travel Lane,Not a Pedestrian,With Traffic,Not a Pedestrian,Not a Pedestrian,Not a Pedestrian,7,Not a Pedestrian,0,Not a Pedestrian,230,Motorist Overtaking Bicyclist,
12,121983,0,1,6,Bicyclist,54,Male,None Noted,None Noted,None Noted,0,Not a Pedestrian,318,Bicyclist Ride-Out – Other Midblock,Not a Pedestrian,Not At Intersection,Not a Pedestrian,Travel Lane,Not a Pedestrian,Not Applicable,Not a Pedestrian,Not a Pedestrian,Not a Pedestrian,7,Not a Pedestrian,0,Not a Pedestrian,310,Bicyclist Failed to Yield – Midblock,
12,121341,0,1,6,Bicyclist,48,Female,None Noted,None Noted,None Noted,0,Not a Pedestrian,318,Bicyclist Ride-Out – Other Midblock,Not a Pedestrian,Not At Intersection,Not a Pedestrian,Travel Lane,Not a Pedestrian,Facing Traffic,Not a Pedestrian,Not a Pedestrian,Not a Pedestrian,7,Not a Pedestrian,0,Not a Pedestrian,310,Bicyclist Failed to Yield – Midblock,
26,260772,0,1,6,Bicyclist,42,Male,None Noted,None Noted,None Noted,0,Not a Pedestrian,312,Bicyclist Ride-Out – Commercial Driveway,Not a Pedestrian,Not At Intersection,Not a Pedestrian,Travel Lane,Not a Pedestrian,Not Applicable,Not a Pedestrian,Not a Pedestrian,Not a Pedestrian,7,Not a Pedestrian,0,Not a Pedestrian,310,Bicyclist Failed to Yield – Midblock,
28,280203,0,1,6,Bicyclist,79,Male,None Noted,None Noted,None Noted,0,Not a Pedestrian,312,Bicyclist Ride-Out – Commercial Driveway,Not a Pedestrian,Not At Intersection,Not a Pedestrian,Travel Lane,Not a Pedestrian,Not Applicable,Not a Pedestrian,Not a Pedestrian,Not a Pedestrian,7,Not a Pedestrian,0,Not a Pedestrian,310,Bicyclist Failed to Yield – Midblock,
12,122245,0,1,6,Bicyclist,69,Male,None Noted,None Noted,None Noted,0,Not a Pedestrian,313,Bicyclist Ride-Out – Driveway  Unknown Type,Not a Pedestrian,Not At Intersection,Not a Pedestrian,Travel Lane,Not a Pedestrian,Not Applicable,Not a Pedestrian,Not a Pedestrian,Not a Pedestrian,7,Not a Pedestrian,0,Not a Pedestrian,310,Bicyclist Failed to Yield – Midblock,
12,121239,0,1,6,Bicyclist,24,Male,None Noted,None Noted,None Noted,0,Not a Pedestrian,311,Bicyclist Ride-Out – Residential Driveway,Not a Pedestrian,Not At Intersection,Not a Pedestrian,Travel Lane,Not a Pedestrian,Not Applicable,Not a Pedestrian,Not a Pedestrian,Not a Pedestrian,7,Not a Pedestrian,0,Not a Pedestrian,310,Bicyclist Failed to Yield – Midblock,
18,180381,0,1,6,Bicyclist,46,Male,None Noted,None Noted,None Noted,0,Not a Pedestrian,311,Bicyclist Ride-Out – Residential Driveway,Not a Pedestrian,Not At Intersection,Not a Pedestrian,Travel Lane,Not a Pedestrian,Unknown,Not a Pedestrian,Not a Pedestrian,Not a Pedestrian,7,Not a Pedestrian,0,Not a Pedestrian,310,Bicyclist Failed to Yield – Midblock,
13,130463,0,1,6,Bicyclist,56,Male,None Noted,None Noted,None Noted,0,Not a Pedestrian,311,Bicyclist Ride-Out – Residential Driveway,Not a Pedestrian,Not At Intersection,Not a Pedestrian,Travel Lane,Not a Pedestrian,Facing Traffic,Not a Pedestrian,Not a Pedestrian,Not a Pedestrian,7,Not a Pedestrian,0,Not a Pedestrian,310,Bicyclist Failed to Yield – Midblock,
12,121197,0,1,6,Bicyclist,16,Male,None Noted,None Noted,None Noted,0,Not a Pedestrian,318,Bicyclist Ride-Out – Other Midblock,Not a Pedestrian,Not At Intersection,Not a Pedestrian,Travel Lane,Not a Pedestrian,Not Applicable,Not a Pedestrian,Not a Pedestrian,Not a Pedestrian,7,Not a Pedestrian,0,Not a Pedestrian,310,Bicyclist Failed to Yield – Midblock,
12,121532,0,1,6,Bicyclist,37,Female,None Noted,None Noted,None Noted,0,Not a Pedestrian,318,Bicyclist Ride-Out – Other Midblock,Not a Pedestrian,Not At Intersection,Not a Pedestrian,Unknown,Not a Pedestrian,Unknown,Not a Pedestrian,Not a Pedestrian,Not a Pedestrian,7,Not a Pedestrian,0,Not a Pedestrian,310,Bicyclist Failed to Yield – Midblock,
12,121339,0,1,6,Bicyclist,43,Male,None Noted,None Noted,None Noted,0,Not a Pedestrian,318,Bicyclist Ride-Out – Other Midblock,Not a Pedestrian,Not At Intersection,Not a Pedestrian,Travel Lane,Not a Pedestrian,Not Applicable,Not a Pedestrian,Not a Pedestrian,Not a Pedestrian,7,Not a Pedestrian,0,Not a Pedestrian,310,Bicyclist Failed to Yield – Midblock,
12,122253,0,1,6,Bicyclist,15,Male,None Noted,None Noted,None Noted,0,Not a Pedestrian,318,Bicyclist Ride-Out – Other Midblock,Not a Pedestrian,Not At Intersection,Not a Pedestrian,Travel Lane,Not a Pedestrian,With Traffic,Not a Pedestrian,Not a Pedestrian,Not a Pedestrian,7,Not a Pedestrian,0,Not a Pedestrian,310,Bicyclist Failed to Yield – Midblock,
12,120640,0,1,6,Bicyclist,56,Male,None Noted,None Noted,None Noted,0,Not a Pedestrian,318,Bicyclist Ride-Out – Other Midblock,Not a Pedestrian,Not At Intersection,Not a Pedestrian,Travel Lane,Not a Pedestrian,Not Applicable,Not a Pedestrian,Not a Pedestrian,Not a Pedestrian,7,Not a Pedestrian,0,Not a Pedestrian,310,Bicyclist Failed to Yield – Midblock,
12,120441,0,1,6,Bicyclist,56,Male,None Noted,None Noted,None Noted,0,Not a Pedestrian,318,Bicyclist Ride-Out – Other Midblock,Not a Pedestrian,Not At Intersection,Not a Pedestrian,Travel Lane,Not a Pedestrian,Not Applicable,Not a Pedestrian,Not a Pedestrian,Not a Pedestrian,7,Not a Pedestrian,0,Not a Pedestrian,310,Bicyclist Failed to Yield – Midblock,
12,120566,0,1,6,Bicyclist,998,Male,None Noted,None Noted,None Noted,0,Not a Pedestrian,318,Bicyclist Ride-Out – Other Midblock,Not a Pedestrian,Not At Intersection,Not a Pedestrian,Travel Lane,Not a Pedestrian,With Traffic,Not a Pedestrian,Not a Pedestrian,Not a Pedestrian,7,Not a Pedestrian,0,Not a Pedestrian,310,Bicyclist Failed to Yield – Midblock,
12,122771,0,1,6,Bicyclist,48,Male,None Noted,None Noted,None Noted,0,Not a Pedestrian,318,Bicyclist Ride-Out – Other Midblock,Not a Pedestrian,Not At Intersection,Not a Pedestrian,Travel Lane,Not a Pedestrian,Not Applicable,Not a Pedestrian,Not a Pedestrian,Not a Pedestrian,7,Not a Pedestrian,0,Not a Pedestrian,310,Bicyclist Failed to Yield – Midblock,
12,121182,0,1,6,Bicyclist,19,Female,None Noted,None Noted,None Noted,0,Not a Pedestrian,318,Bicyclist Ride-Out – Other Midblock,Not a Pedestrian,Not At Intersection,Not a Pedestrian,Travel Lane,Not a Pedestrian,With Traffic,Not a Pedestrian,Not a Pedestrian,Not a Pedestrian,7,Not a Pedestrian,0,Not a Pedestrian,310,Bicyclist Failed to Yield – Midblock,
12,121112,0,1,6,Bicyclist,19,Male,None Noted,None Noted,None Noted,0,Not a Pedestrian,318,Bicyclist Ride-Out – Other Midblock,Not a Pedestrian,Not At Intersection,Not a Pedestrian,Travel Lane,Not a Pedestrian,Not Applicable,Not a Pedestrian,Not a Pedestrian,Not a Pedestrian,7,Not a Pedestrian,0,Not a Pedestrian,310,Bicyclist Failed to Yield – Midblock,
12,121029,0,1,6,Bicyclist,998,Unknown,None Noted,None Noted,None Noted,0,Not a Pedestrian,318,Bicyclist Ride-Out – Other Midblock,Not a Pedestrian,Not At Intersection,Not a Pedestrian,Travel Lane,Not a Pedestrian,Not Applicable,Not a Pedestrian,Not a Pedestrian,Not a Pedestrian,7,Not a Pedestrian,0,Not a Pedestrian,310,Bicyclist Failed to Yield – Midblock,
12,120824,0,1,6,Bicyclist,57,Male,None Noted,None Noted,None Noted,0,Not a Pedestrian,318,Bicyclist Ride-Out – Other Midblock,Not a Pedestrian,Not At Intersection,Not a Pedestrian,Travel Lane,Not a Pedestrian,Unknown,Not a Pedestrian,Not a Pedestrian,Not a Pedestrian,7,Not a Pedestrian,0,Not a Pedestrian,310,Bicyclist Failed to Yield – Midblock,
17,170566,0,1,6,Bicyclist,66,Female,None Noted,None Noted,None Noted,0,Not a Pedestrian,318,Bicyclist Ride-Out – Other Midblock,Not a Pedestrian,Not At Intersection,Not a Pedestrian,Travel Lane,Not a Pedestrian,Not Applicable,Not a Pedestrian,Not a Pedestrian,Not a Pedestrian,7,Not a Pedestrian,0,Not a Pedestrian,310,Bicyclist Failed to Yield – Midblock,
29,290023,0,1,6,Bicyclist,14,Male,None Noted,None Noted,None Noted,0,Not a Pedestrian,319,Bicyclist Ride-Out – Unknown,Not a Pedestrian,Not At Intersection,Not a Pedestrian,Travel Lane,Not a Pedestrian,Not Applicable,Not a Pedestrian,Not a Pedestrian,Not a Pedestrian,7,Not a Pedestrian,0,Not a Pedestrian,310,Bicyclist Failed to Yield – Midblock,
31,310085,0,1,6,Bicyclist,44,Male,None Noted,None Noted,None Noted,0,Not a Pedestrian,211,Motorist Left Turn – Same Direction,Not a Pedestrian,Intersection-Related,Not a Pedestrian,Bicycle Lane/Paved Shoulder/Parking Lane,Not a Pedestrian,With Traffic,Not a Pedestrian,Not a Pedestrian,Not a Pedestrian,7,Not a Pedestrian,0,Not a Pedestrian,210,Motorist Left Turn/Merge,
26,260048,0,1,6,Bicyclist,22,Male,None Noted,None Noted,None Noted,0,Not a Pedestrian,319,Bicyclist Ride-Out – Unknown,Not a Pedestrian,Not At Intersection,Not a Pedestrian,Travel Lane,Not a Pedestrian,Not Applicable,Not a Pedestrian,Not a Pedestrian,Not a Pedestrian,7,Not a Pedestrian,0,Not a Pedestrian,310,Bicyclist Failed to Yield – Midblock,
37,370444,0,1,6,Bicyclist,9,Male,None Noted,None Noted,None Noted,0,Not a Pedestrian,311,Bicyclist Ride-Out – Residential Driveway,Not a Pedestrian,Not At Intersection,Not a Pedestrian,Travel Lane,Not a Pedestrian,Unknown,Not a Pedestrian,Not a Pedestrian,Not a Pedestrian,7,Not a Pedestrian,0,Not a Pedestrian,310,Bicyclist Failed to Yield – Midblock,
12,122725,0,1,6,Bicyclist,52,Male,None Noted,None Noted,None Noted,0,Not a Pedestrian,319,Bicyclist Ride-Out – Unknown,Not a Pedestrian,Not At Intersection,Not a Pedestrian,Travel Lane,Not a Pedestrian,Not Applicable,Not a Pedestrian,Not a Pedestrian,Not a Pedestrian,7,Not a Pedestrian,0,Not a Pedestrian,310,Bicyclist Failed to Yield – Midblock,
12,122492,0,1,6,Bicyclist,32,Male,None Noted,None Noted,None Noted,0,Not a Pedestrian,319,Bicyclist Ride-Out – Unknown,Not a Pedestrian,Not At Intersection,Not a Pedestrian,Travel Lane,Not a Pedestrian,Not Applicable,Not a Pedestrian,Not a Pedestrian,Not a Pedestrian,7,Not a Pedestrian,0,Not a Pedestrian,310,Bicyclist Failed to Yield – Midblock,
39,390466,0,1,6,Bicyclist,12,Male,None Noted,None Noted,None Noted,0,Not a Pedestrian,319,Bicyclist Ride-Out – Unknown,Not a Pedestrian,Not At Intersection,Not a Pedestrian,Travel Lane,Not a Pedestrian,Not Applicable,Not a Pedestrian,Not a Pedestrian,Not a Pedestrian,7,Not a Pedestrian,0,Not a Pedestrian,310,Bicyclist Failed to Yield – Midblock,
39,390364,0,1,6,Bicyclist,9,Male,None Noted,None Noted,None Noted,0,Not a Pedestrian,311,Bicyclist Ride-Out – Residential Driveway,Not a Pedestrian,Not At Intersection,Not a Pedestrian,Sidewalk/Crosswalk/Driveway Access,Not a Pedestrian,Not Applicable,Not a Pedestrian,Not a Pedestrian,Not a Pedestrian,7,Not a Pedestrian,0,Not a Pedestrian,310,Bicyclist Failed to Yield – Midblock,
26,260525,0,1,6,Bicyclist,54,Male,None Noted,None Noted,None Noted,0,Not a Pedestrian,319,Bicyclist Ride-Out – Unknown,Not a Pedestrian,Not At Intersection,Not a Pedestrian,Travel Lane,Not a Pedestrian,Unknown,Not a Pedestrian,Not a Pedestrian,Not a Pedestrian,7,Not a Pedestrian,0,Not a Pedestrian,310,Bicyclist Failed to Yield – Midblock,
12,121622,0,1,6,Bicyclist,57,Male,None Noted,None Noted,None Noted,0,Not a Pedestrian,318,Bicyclist Ride-Out – Other Midblock,Not a Pedestrian,Not At Intersection,Not a Pedestrian,Travel Lane,Not a Pedestrian,Not Applicable,Not a Pedestrian,Not a Pedestrian,Not a Pedestrian,7,Not a Pedestrian,0,Not a Pedestrian,310,Bicyclist Failed to Yield – Midblock,
12,122275,0,1,6,Bicyclist,83,Male,None Noted,None Noted,None Noted,0,Not a Pedestrian,318,Bicyclist Ride-Out – Other Midblock,Not a Pedestrian,Not At Intersection,Not a Pedestrian,Travel Lane,Not a Pedestrian,Facing Traffic,Not a Pedestrian,Not a Pedestrian,Not a Pedestrian,7,Not a Pedestrian,0,Not a Pedestrian,310,Bicyclist Failed to Yield – Midblock,
12,122412,0,1,6,Bicyclist,44,Male,None Noted,None Noted,None Noted,0,Not a Pedestrian,318,Bicyclist Ride-Out – Other Midblock,Not a Pedestrian,Not At Intersection,Not a Pedestrian,Travel Lane,Not a Pedestrian,Not Applicable,Not a Pedestrian,Not a Pedestrian,Not a Pedestrian,7,Not a Pedestrian,0,Not a Pedestrian,310,Bicyclist Failed to Yield – Midblock,
48,480279,0,1,6,Bicyclist,66,Male,None Noted,None Noted,None Noted,0,Not a Pedestrian,312,Bicyclist Ride-Out – Commercial Driveway,Not a Pedestrian,Not At Intersection,Not a Pedestrian,Travel Lane,Not a Pedestrian,Unknown,Not a Pedestrian,Not a Pedestrian,Not a Pedestrian,7,Not a Pedestrian,0,Not a Pedestrian,310,Bicyclist Failed to Yield – Midblock,
12,121390,0,2,6,Bicyclist,998,Male,None Noted,None Noted,Yes,0,Not a Pedestrian,312,Bicyclist Ride-Out – Commercial Driveway,Not a Pedestrian,Not At Intersection,Not a Pedestrian,Travel Lane,Not a Pedestrian,Not Applicable,Not a Pedestrian,Not a Pedestrian,Not a Pedestrian,7,Not a Pedestrian,0,Not a Pedestrian,310,Bicyclist Failed to Yield – Midblock,
12,121390,0,1,6,Bicyclist,998,Male,None Noted,None Noted,Yes,0,Not a Pedestrian,312,Bicyclist Ride-Out – Commercial Driveway,Not a Pedestrian,Not At Intersection,Not a Pedestrian,Travel Lane,Not a Pedestrian,Not Applicable,Not a Pedestrian,Not a Pedestrian,Not a Pedestrian,7,Not a Pedestrian,0,Not a Pedestrian,310,Bicyclist Failed to Yield – Midblock,
12,122232,0,1,6,Bicyclist,27,Male,None Noted,None Noted,None Noted,0,Not a Pedestrian,312,Bicyclist Ride-Out – Commercial Driveway,Not a Pedestrian,Not At Intersection,Not a Pedestrian,Travel Lane,Not a Pedestrian,Not Applicable,Not a Pedestrian,Not a Pedestrian,Not a Pedestrian,7,Not a Pedestrian,0,Not a Pedestrian,310,Bicyclist Failed to Yield – Midblock,
13,130701,0,1,6,Bicyclist,23,Male,None Noted,None Noted,None Noted,0,Not a Pedestrian,312,Bicyclist Ride-Out – Commercial Driveway,Not a Pedestrian,Not At Intersection,Not a Pedestrian,Travel Lane,Not a Pedestrian,Not Applicable,Not a Pedestrian,Not a Pedestrian,Not a Pedestrian,7,Not a Pedestrian,0,Not a Pedestrian,310,Bicyclist Failed to Yield – Midblock,
12,122669,0,1,6,Bicyclist,33,Male,None Noted,None Noted,None Noted,0,Not a Pedestrian,223,Bicyclist Right Turn – Same Direction,Not a Pedestrian,Not At Intersection,Not a Pedestrian,Travel Lane,Not a Pedestrian,With Traffic,Not a Pedestrian,Not a Pedestrian,Not a Pedestrian,7,Not a Pedestrian,0,Not a Pedestrian,225,Bicyclist Right Turn/Merge,
34,340061,0,1,6,Bicyclist,43,Male,None Noted,None Noted,None Noted,0,Not a Pedestrian,223,Bicyclist Right Turn – Same Direction,Not a Pedestrian,Not At Intersection,Not a Pedestrian,Travel Lane,Not a Pedestrian,With Traffic,Not a Pedestrian,Not a Pedestrian,Not a Pedestrian,7,Not a Pedestrian,0,Not a Pedestrian,225,Bicyclist Right Turn/Merge,
36,360745,0,1,6,Bicyclist,77,Male,None Noted,None Noted,None Noted,0,Not a Pedestrian,223,Bicyclist Right Turn – Same Direction,Not a Pedestrian,Not At Intersection,Not a Pedestrian,Travel Lane,Not a Pedestrian,Facing Traffic,Not a Pedestrian,Not a Pedestrian,Not a Pedestrian,7,Not a Pedestrian,0,Not a Pedestrian,225,Bicyclist Right Turn/Merge,
12,122307,0,1,6,Bicyclist,33,Male,None Noted,None Noted,None Noted,0,Not a Pedestrian,223,Bicyclist Right Turn – Same Direction,Not a Pedestrian,Not At Intersection,Not a Pedestrian,Travel Lane,Not a Pedestrian,Facing Traffic,Not a Pedestrian,Not a Pedestrian,Not a Pedestrian,7,Not a Pedestrian,0,Not a Pedestrian,225,Bicyclist Right Turn/Merge,
12,121179,0,1,6,Bicyclist,59,Male,None Noted,None Noted,None Noted,0,Not a Pedestrian,223,Bicyclist Right Turn – Same Direction,Not a Pedestrian,Not At Intersection,Not a Pedestrian,Travel Lane,Not a Pedestrian,With Traffic,Not a Pedestrian,Not a Pedestrian,Not a Pedestrian,7,Not a Pedestrian,0,Not a Pedestrian,225,Bicyclist Right Turn/Merge,
12,120434,0,1,6,Bicyclist,66,Male,None Noted,None Noted,None Noted,0,Not a Pedestrian,223,Bicyclist Right Turn – Same Direction,Not a Pedestrian,Not At Intersection,Not a Pedestrian,Travel Lane,Not a Pedestrian,With Traffic,Not a Pedestrian,Not a Pedestrian,Not a Pedestrian,7,Not a Pedestrian,0,Not a Pedestrian,225,Bicyclist Right Turn/Merge,
12,121448,0,1,6,Bicyclist,21,Male,None Noted,None Noted,None Noted,0,Not a Pedestrian,223,Bicyclist Right Turn – Same Direction,Not a Pedestrian,Not At Intersection,Not a Pedestrian,Travel Lane,Not a Pedestrian,With Traffic,Not a Pedestrian,Not a Pedestrian,Not a Pedestrian,7,Not a Pedestrian,0,Not a Pedestrian,225,Bicyclist Right Turn/Merge,
12,121448,0,2,6,Bicyclist,12,Male,None Noted,None Noted,None Noted,0,Not a Pedestrian,223,Bicyclist Right Turn – Same Direction,Not a Pedestrian,Not At Intersection,Not a Pedestrian,Travel Lane,Not a Pedestrian,With Traffic,Not a Pedestrian,Not a Pedestrian,Not a Pedestrian,7,Not a Pedestrian,0,Not a Pedestrian,225,Bicyclist Right Turn/Merge,
12,121687,0,1,6,Bicyclist,58,Male,None Noted,None Noted,None Noted,0,Not a Pedestrian,223,Bicyclist Right Turn – Same Direction,Not a Pedestrian,Intersection-Related,Not a Pedestrian,Travel Lane,Not a Pedestrian,With Traffic,Not a Pedestrian,Not a Pedestrian,Not a Pedestrian,7,Not a Pedestrian,0,Not a Pedestrian,225,Bicyclist Right Turn/Merge,
47,470598,0,1,6,Bicyclist,65,Female,None Noted,None Noted,None Noted,0,Not a Pedestrian,224,Bicyclist Right Turn – Opposite Direction,Not a Pedestrian,Not At Intersection,Not a Pedestrian,Travel Lane,Not a Pedestrian,With Traffic,Not a Pedestrian,Not a Pedestrian,Not a Pedestrian,7,Not a Pedestrian,0,Not a Pedestrian,225,Bicyclist Right Turn/Merge,
12,122663,0,1,6,Bicyclist,17,Male,None Noted,None Noted,None Noted,0,Not a Pedestrian,224,Bicyclist Right Turn – Opposite Direction,Not a Pedestrian,Not At Intersection,Not a Pedestrian,Travel Lane,Not a Pedestrian,Facing Traffic,Not a Pedestrian,Not a Pedestrian,Not a Pedestrian,7,Not a Pedestrian,0,Not a Pedestrian,225,Bicyclist Right Turn/Merge,
22,220316,0,1,6,Bicyclist,17,Male,None Noted,None Noted,None Noted,0,Not a Pedestrian,144,Bicyclist Ride-Through – Sign-Controlled Intersection,Not a Pedestrian,At Intersection,Not a Pedestrian,Travel Lane,Not a Pedestrian,Unknown,Not a Pedestrian,Not a Pedestrian,Not a Pedestrian,7,Not a Pedestrian,0,Not a Pedestrian,145,Bicyclist Failed to Yield – Sign-Controlled Intersection,
22,220405,0,1,6,Bicyclist,60,Female,None Noted,None Noted,None Noted,0,Not a Pedestrian,144,Bicyclist Ride-Through – Sign-Controlled Intersection,Not a Pedestrian,At Intersection,Not a Pedestrian,Travel Lane,Not a Pedestrian,With Traffic,Not a Pedestrian,Not a Pedestrian,Not a Pedestrian,7,Not a Pedestrian,0,Not a Pedestrian,145,Bicyclist Failed to Yield – Sign-Controlled Intersection,
8,80040,0,1,6,Bicyclist,28,Male,None Noted,None Noted,None Noted,0,Not a Pedestrian,318,Bicyclist Ride-Out – Other Midblock,Not a Pedestrian,Not At Intersection,Not a Pedestrian,Travel Lane,Not a Pedestrian,Not Applicable,Not a Pedestrian,Not a Pedestrian,Not a Pedestrian,7,Not a Pedestrian,0,Not a Pedestrian,310,Bicyclist Failed to Yield – Midblock,
41,410308,0,1,6,Bicyclist,54,Female,None Noted,None Noted,None Noted,0,Not a Pedestrian,318,Bicyclist Ride-Out – Other Midblock,Not a Pedestrian,Not At Intersection,Not a Pedestrian,Travel Lane,Not a Pedestrian,Not Applicable,Not a Pedestrian,Not a Pedestrian,Not a Pedestrian,7,Not a Pedestrian,0,Not a Pedestrian,310,Bicyclist Failed to Yield – Midblock,
39,390936,0,1,6,Bicyclist,39,Male,None Noted,None Noted,None Noted,0,Not a Pedestrian,318,Bicyclist Ride-Out – Other Midblock,Not a Pedestrian,Not At Intersection,Not a Pedestrian,Travel Lane,Not a Pedestrian,Not Applicable,Not a Pedestrian,Not a Pedestrian,Not a Pedestrian,7,Not a Pedestrian,0,Not a Pedestrian,310,Bicyclist Failed to Yield – Midblock,
39,390791,0,1,6,Bicyclist,55,Male,None Noted,None Noted,None Noted,0,Not a Pedestrian,318,Bicyclist Ride-Out – Other Midblock,Not a Pedestrian,Not At Intersection,Not a Pedestrian,Travel Lane,Not a Pedestrian,Facing Traffic,Not a Pedestrian,Not a Pedestrian,Not a Pedestrian,7,Not a Pedestrian,0,Not a Pedestrian,310,Bicyclist Failed to Yield – Midblock,
48,482772,0,1,6,Bicyclist,30,Male,None Noted,None Noted,None Noted,0,Not a Pedestrian,318,Bicyclist Ride-Out – Other Midblock,Not a Pedestrian,Not At Intersection,Not a Pedestrian,Travel Lane,Not a Pedestrian,Not Applicable,Not a Pedestrian,Not a Pedestrian,Not a Pedestrian,7,Not a Pedestrian,0,Not a Pedestrian,310,Bicyclist Failed to Yield – Midblock,
36,360804,0,1,6,Bicyclist,51,Male,None Noted,None Noted,None Noted,0,Not a Pedestrian,318,Bicyclist Ride-Out – Other Midblock,Not a Pedestrian,Not At Intersection,Not a Pedestrian,Travel Lane,Not a Pedestrian,Facing Traffic,Not a Pedestrian,Not a Pedestrian,Not a Pedestrian,7,Not a Pedestrian,0,Not a Pedestrian,310,Bicyclist Failed to Yield – Midblock,
12,122547,0,1,6,Bicyclist,64,Male,None Noted,None Noted,None Noted,0,Not a Pedestrian,318,Bicyclist Ride-Out – Other Midblock,Not a Pedestrian,Not At Intersection,Not a Pedestrian,Travel Lane,Not a Pedestrian,Not Applicable,Not a Pedestrian,Not a Pedestrian,Not a Pedestrian,7,Not a Pedestrian,0,Not a Pedestrian,310,Bicyclist Failed to Yield – Midblock,
12,121535,0,1,6,Bicyclist,43,Male,None Noted,None Noted,None Noted,0,Not a Pedestrian,318,Bicyclist Ride-Out – Other Midblock,Not a Pedestrian,Not At Intersection,Not a Pedestrian,Travel Lane,Not a Pedestrian,Not Applicable,Not a Pedestrian,Not a Pedestrian,Not a Pedestrian,7,Not a Pedestrian,0,Not a Pedestrian,310,Bicyclist Failed to Yield – Midblock,
4,40237,0,1,6,Bicyclist,76,Male,None Noted,None Noted,None Noted,0,Not a Pedestrian,213,Motorist Right Turn – Same Direction,Not a Pedestrian,At Intersection,Not a Pedestrian,Travel Lane,Not a Pedestrian,With Traffic,Not a Pedestrian,Not a Pedestrian,Not a Pedestrian,7,Not a Pedestrian,0,Not a Pedestrian,215,Motorist Right Turn/Merge,
8,80210,0,1,6,Bicyclist,64,Male,None Noted,None Noted,None Noted,0,Not a Pedestrian,213,Motorist Right Turn – Same Direction,Not a Pedestrian,At Intersection,Not a Pedestrian,Travel Lane,Not a Pedestrian,With Traffic,Not a Pedestrian,Not a Pedestrian,Not a Pedestrian,7,Not a Pedestrian,0,Not a Pedestrian,215,Motorist Right Turn/Merge,
1,10597,0,1,6,Bicyclist,67,Female,None Noted,None Noted,None Noted,0,Not a Pedestrian,231,Motorist Overtaking – Undetected Bicyclist,Not a Pedestrian,At Intersection,Not a Pedestrian,Travel Lane,Not a Pedestrian,With Traffic,Not a Pedestrian,Not a Pedestrian,Not a Pedestrian,7,Not a Pedestrian,0,Not a Pedestrian,230,Motorist Overtaking Bicyclist,
40,400356,0,1,6,Bicyclist,53,Male,None Noted,None Noted,None Noted,0,Not a Pedestrian,239,Motorist Overtaking – Other/Unknown,Not a Pedestrian,Not At Intersection,Not a Pedestrian,Travel Lane,Not a Pedestrian,With Traffic,Not a Pedestrian,Not a Pedestrian,Not a Pedestrian,7,Not a Pedestrian,0,Not a Pedestrian,230,Motorist Overtaking Bicyclist,
40,400314,0,1,6,Bicyclist,52,Male,None Noted,None Noted,None Noted,0,Not a Pedestrian,239,Motorist Overtaking – Other/Unknown,Not a Pedestrian,Not At Intersection,Not a Pedestrian,Travel Lane,Not a Pedestrian,With Traffic,Not a Pedestrian,Not a Pedestrian,Not a Pedestrian,7,Not a Pedestrian,0,Not a Pedestrian,230,Motorist Overtaking Bicyclist,
55,550410,0,1,6,Bicyclist,68,Female,None Noted,None Noted,None Noted,0,Not a Pedestrian,239,Motorist Overtaking – Other/Unknown,Not a Pedestrian,Not At Intersection,Not a Pedestrian,Travel Lane,Not a Pedestrian,With Traffic,Not a Pedestrian,Not a Pedestrian,Not a Pedestrian,7,Not a Pedestrian,0,Not a Pedestrian,230,Motorist Overtaking Bicyclist,
55,550388,0,1,6,Bicyclist,22,Male,None Noted,None Noted,None Noted,0,Not a Pedestrian,239,Motorist Overtaking – Other/Unknown,Not a Pedestrian,Not At Intersection,Not a Pedestrian,Travel Lane,Not a Pedestrian,With Traffic,Not a Pedestrian,Not a Pedestrian,Not a Pedestrian,7,Not a Pedestrian,0,Not a Pedestrian,230,Motorist Overtaking Bicyclist,
55,550337,0,1,6,Bicyclist,32,Male,None Noted,None Noted,None Noted,0,Not a Pedestrian,239,Motorist Overtaking – Other/Unknown,Not a Pedestrian,Not At Intersection,Not a Pedestrian,Travel Lane,Not a Pedestrian,With Traffic,Not a Pedestrian,Not a Pedestrian,Not a Pedestrian,7,Not a Pedestrian,0,Not a Pedestrian,230,Motorist Overtaking Bicyclist,
55,550314,0,1,6,Bicyclist,43,Male,None Noted,None Noted,None Noted,0,Not a Pedestrian,239,Motorist Overtaking – Other/Unknown,Not a Pedestrian,Not At Intersection,Not a Pedestrian,Travel Lane,Not a Pedestrian,With Traffic,Not a Pedestrian,Not a Pedestrian,Not a Pedestrian,7,Not a Pedestrian,0,Not a Pedestrian,230,Motorist Overtaking Bicyclist,
53,530302,0,1,6,Bicyclist,38,Female,None Noted,None Noted,None Noted,0,Not a Pedestrian,239,Motorist Overtaking – Other/Unknown,Not a Pedestrian,Not At Intersection,Not a Pedestrian,Bicycle Lane/Paved Shoulder/Parking Lane,Not a Pedestrian,With Traffic,Not a Pedestrian,Not a Pedestrian,Not a Pedestrian,7,Not a Pedestrian,0,Not a Pedestrian,230,Motorist Overtaking Bicyclist,
37,370484,0,1,6,Bicyclist,25,Male,None Noted,None Noted,None Noted,0,Not a Pedestrian,231,Motorist Overtaking – Undetected Bicyclist,Not a Pedestrian,Not At Intersection,Not a Pedestrian,Travel Lane,Not a Pedestrian,With Traffic,Not a Pedestrian,Not a Pedestrian,Not a Pedestrian,7,Not a Pedestrian,0,Not a Pedestrian,230,Motorist Overtaking Bicyclist,
48,482727,0,1,6,Bicyclist,59,Male,None Noted,None Noted,None Noted,0,Not a Pedestrian,231,Motorist Overtaking – Undetected Bicyclist,Not a Pedestrian,Not At Intersection,Not a Pedestrian,Travel Lane,Not a Pedestrian,With Traffic,Not a Pedestrian,Not a Pedestrian,Not a Pedestrian,7,Not a Pedestrian,0,Not a Pedestrian,230,Motorist Overtaking Bicyclist,
4,40417,0,1,6,Bicyclist,46,Female,None Noted,None Noted,None Noted,0,Not a Pedestrian,231,Motorist Overtaking – Undetected Bicyclist,Not a Pedestrian,Not At Intersection,Not a Pedestrian,Travel Lane,Not a Pedestrian,With Traffic,Not a Pedestrian,Not a Pedestrian,Not a Pedestrian,7,Not a Pedestrian,0,Not a Pedestrian,230,Motorist Overtaking Bicyclist,
4,40018,0,1,6,Bicyclist,23,Female,None Noted,None Noted,None Noted,0,Not a Pedestrian,231,Motorist Overtaking – Undetected Bicyclist,Not a Pedestrian,Not At Intersection,Not a Pedestrian,Travel Lane,Not a Pedestrian,With Traffic,Not a Pedestrian,Not a Pedestrian,Not a Pedestrian,7,Not a Pedestrian,0,Not a Pedestrian,230,Motorist Overtaking Bicyclist,