state_number,consecutive_number,vehicle_number,person_number,person_type,person_type_name,age,sex,marked_crosswalk_present,sidewalk_present,school_zone,crash_type_pedestrian,crash_type_pedestrian_name,crash_type_bicycle,crash_type_bicycle_name,crash_location_pedestrian,crash_location_bicycle,pedestrian_position,bicyclist_position,pedestrian_initial_direction_of_travel,bicyclist_initial_direction_of_travel,motorist_initial_direction_of_travel,motorist_maneuver,intersection_leg,pedestrian_scenario,pedestrian_scenario_name,crash_group_pedestrian,crash_group_pedestrian_name,crash_group_bicycle,crash_group_bicycle_name
1,10738,0,1,6,Bicyclist,36,Male,None Noted,None Noted,None Noted,0,Not a Pedestrian,231,Motorist Overtaking – Undetected Bicyclist,Not a Pedestrian,Not At Intersection,Not a Pedestrian,Travel Lane,Not a Pedestrian,With Traffic,Not a Pedestrian,Not a Pedestrian,Not a Pedestrian,7,Not a Pedestrian,0,Not a Pedestrian,230,Motorist Overtaking Bicyclist,
37,370904,0,1,6,Bicyclist,44,Female,None Noted,None Noted,None Noted,0,Not a Pedestrian,239,Motorist Overtaking – Other/Unknown,Not a Pedestrian,Not At Intersection,Not a Pedestrian,Travel Lane,Not a Pedestrian,With Traffic,Not a Pedestrian,Not a Pedestrian,Not a Pedestrian,7,Not a Pedestrian,0,Not a Pedestrian,230,Motorist Overtaking Bicyclist,
26,260548,0,1,6,Bicyclist,74,Male,None Noted,None Noted,None Noted,0,Not a Pedestrian,239,Motorist Overtaking – Other/Unknown,Not a Pedestrian,Not At Intersection,Not a Pedestrian,Travel Lane,Not a Pedestrian,With Traffic,Not a Pedestrian,Not a Pedestrian,Not a Pedestrian,7,Not a Pedestrian,0,Not a Pedestrian,230,Motorist Overtaking Bicyclist,
1,10291,0,1,6,Bicyclist,25,Female,None Noted,None Noted,None Noted,0,Not a Pedestrian,231,Motorist Overtaking – Undetected Bicyclist,Not a Pedestrian,Not At Intersection,Not a Pedestrian,Travel Lane,Not a Pedestrian,With Traffic,Not a Pedestrian,Not a Pedestrian,Not a Pedestrian,7,Not a Pedestrian,0,Not a Pedestrian,230,Motorist Overtaking Bicyclist,
4,40425,0,2,6,Bicyclist,63,Male,None Noted,None Noted,None Noted,0,Not a Pedestrian,231,Motorist Overtaking – Undetected Bicyclist,Not a Pedestrian,Not At Intersection,Not a Pedestrian,Travel Lane,Not a Pedestrian,With Traffic,Not a Pedestrian,Not a Pedestrian,Not a Pedestrian,7,Not a Pedestrian,0,Not a Pedestrian,230,Motorist Overtaking Bicyclist,
4,40747,0,1,6,Bicyclist,34,Male,None Noted,None Noted,None Noted,0,Not a Pedestrian,231,Motorist Overtaking – Undetected Bicyclist,Not a Pedestrian,Not At Intersection,Not a Pedestrian,Travel Lane,Not a Pedestrian,With Traffic,Not a Pedestrian,Not a Pedestrian,Not a Pedestrian,7,Not a Pedestrian,0,Not a Pedestrian,230,Motorist Overtaking Bicyclist,
4,40701,0,1,6,Bicyclist,48,Female,None Noted,None Noted,None Noted,0,Not a Pedestrian,231,Motorist Overtaking – Undetected Bicyclist,Not a Pedestrian,Not At Intersection,Not a Pedestrian,Travel Lane,Not a Pedestrian,With Traffic,Not a Pedestrian,Not a Pedestrian,Not a Pedestrian,7,Not a Pedestrian,0,Not a Pedestrian,230,Motorist Overtaking Bicyclist,
37,371078,0,1,6,Bicyclist,55,Male,None Noted,None Noted,None Noted,0,Not a Pedestrian,231,Motorist Overtaking – Undetected Bicyclist,Not a Pedestrian,Not At Intersection,Not a Pedestrian,Travel Lane,Not a Pedestrian,With Traffic,Not a Pedestrian,Not a Pedestrian,Not a Pedestrian,7,Not a Pedestrian,0,Not a Pedestrian,230,Motorist Overtaking Bicyclist,
8,80390,0,1,6,Bicyclist,53,Male,None Noted,None Noted,None Noted,0,Not a Pedestrian,231,Motorist Overtaking – Undetected Bicyclist,Not a Pedestrian,Not At Intersection,Not a Pedestrian,Travel Lane,Not a Pedestrian,With Traffic,Not a Pedestrian,Not a Pedestrian,Not a Pedestrian,7,Not a Pedestrian,0,Not a Pedestrian,230,Motorist Overtaking Bicyclist,
4,40425,0,1,6,Bicyclist,60,Female,None Noted,None Noted,None Noted,0,Not a Pedestrian,231,Motorist Overtaking – Undetected Bicyclist,Not a Pedestrian,Not At Intersection,Not a Pedestrian,Travel Lane,Not a Pedestrian,With Traffic,Not a Pedestrian,Not a Pedestrian,Not a Pedestrian,7,Not a Pedestrian,0,Not a Pedestrian,230,Motorist Overtaking Bicyclist,
41,410325,0,2,6,Bicyclist,60,Male,None Noted,None Noted,None Noted,0,Not a Pedestrian,231,Motorist Overtaking – Undetected Bicyclist,Not a Pedestrian,Not At Intersection,Not a Pedestrian,Travel Lane,Not a Pedestrian,With Traffic,Not a Pedestrian,Not a Pedestrian,Not a Pedestrian,7,Not a Pedestrian,0,Not a Pedestrian,230,Motorist Overtaking Bicyclist,
1,10618,0,1,6,Bicyclist,36,Male,None Noted,None Noted,None Noted,0,Not a Pedestrian,239,Motorist Overtaking – Other/Unknown,Not a Pedestrian,Not At Intersection,Not a Pedestrian,Travel Lane,Not a Pedestrian,With Traffic,Not a Pedestrian,Not a Pedestrian,Not a Pedestrian,7,Not a Pedestrian,0,Not a Pedestrian,230,Motorist Overtaking Bicyclist,
1,10476,0,3,6,Bicyclist,52,Male,None Noted,None Noted,None Noted,0,Not a Pedestrian,239,Motorist Overtaking – Other/Unknown,Not a Pedestrian,Not At Intersection,Not a Pedestrian,Bicycle Lane/Paved Shoulder/Parking Lane,Not a Pedestrian,With Traffic,Not a Pedestrian,Not a Pedestrian,Not a Pedestrian,7,Not a Pedestrian,0,Not a Pedestrian,230,Motorist Overtaking Bicyclist,
1,10476,0,2,6,Bicyclist,52,Female,None Noted,None Noted,None Noted,0,Not a Pedestrian,239,Motorist Overtaking – Other/Unknown,Not a Pedestrian,Not At Intersection,Not a Pedestrian,Bicycle Lane/Paved Shoulder/Parking Lane,Not a Pedestrian,With Traffic,Not a Pedestrian,Not a Pedestrian,Not a Pedestrian,7,Not a Pedestrian,0,Not a Pedestrian,230,Motorist Overtaking Bicyclist,
1,10476,0,1,6,Bicyclist,57,Male,None Noted,None Noted,None Noted,0,Not a Pedestrian,239,Motorist Overtaking – Other/Unknown,Not a Pedestrian,Not At Intersection,Not a Pedestrian,Bicycle Lane/Paved Shoulder/Parking Lane,Not a Pedestrian,With Traffic,Not a Pedestrian,Not a Pedestrian,Not a Pedestrian,7,Not a Pedestrian,0,Not a Pedestrian,230,Motorist Overtaking Bicyclist,
48,480050,0,1,6,Bicyclist,29,Male,None Noted,None Noted,None Noted,0,Not a Pedestrian,239,Motorist Overtaking – Other/Unknown,Not a Pedestrian,Not At Intersection,Not a Pedestrian,Travel Lane,Not a Pedestrian,With Traffic,Not a Pedestrian,Not a Pedestrian,Not a Pedestrian,7,Not a Pedestrian,0,Not a Pedestrian,230,Motorist Overtaking Bicyclist,
47,470698,0,1,6,Bicyclist,37,Male,None Noted,None Noted,None Noted,0,Not a Pedestrian,231,Motorist Overtaking – Undetected Bicyclist,Not a Pedestrian,Not At Intersection,Not a Pedestrian,Travel Lane,Not a Pedestrian,With Traffic,Not a Pedestrian,Not a Pedestrian,Not a Pedestrian,7,Not a Pedestrian,0,Not a Pedestrian,230,Motorist Overtaking Bicyclist,
10,100120,0,1,6,Bicyclist,20,Male,None Noted,None Noted,None Noted,0,Not a Pedestrian,239,Motorist Overtaking – Other/Unknown,Not a Pedestrian,Not At Intersection,Not a Pedestrian,Travel Lane,Not a Pedestrian,With Traffic,Not a Pedestrian,Not a Pedestrian,Not a Pedestrian,7,Not a Pedestrian,0,Not a Pedestrian,230,Motorist Overtaking Bicyclist,
42,421081,0,1,6,Bicyclist,34,Female,None Noted,None Noted,None Noted,0,Not a Pedestrian,239,Motorist Overtaking – Other/Unknown,Not a Pedestrian,Not At Intersection,Not a Pedestrian,Travel Lane,Not a Pedestrian,With Traffic,Not a Pedestrian,Not a Pedestrian,Not a Pedestrian,7,Not a Pedestrian,0,Not a Pedestrian,230,Motorist Overtaking Bicyclist,
42,420747,0,1,6,Bicyclist,64,Male,None Noted,None Noted,None Noted,0,Not a Pedestrian,239,Motorist Overtaking – Other/Unknown,Not a Pedestrian,Not At Intersection,Not a Pedestrian,Bicycle Lane/Paved Shoulder/Parking Lane,Not a Pedestrian,With Traffic,Not a Pedestrian,Not a Pedestrian,Not a Pedestrian,7,Not a Pedestrian,0,Not a Pedestrian,230,Motorist Overtaking Bicyclist,
15,150016,0,1,6,Bicyclist,63,Male,None Noted,None Noted,None Noted,0,Not a Pedestrian,239,Motorist Overtaking – Other/Unknown,Not a Pedestrian,Not At Intersection,Not a Pedestrian,Travel Lane,Not a Pedestrian,With Traffic,Not a Pedestrian,Not a Pedestrian,Not a Pedestrian,7,Not a Pedestrian,0,Not a Pedestrian,230,Motorist Overtaking Bicyclist,
12,122632,0,1,6,Bicyclist,53,Female,None Noted,None Noted,None Noted,0,Not a Pedestrian,239,Motorist Overtaking – Other/Unknown,Not a Pedestrian,Not At Intersection,Not a Pedestrian,Bicycle Lane/Paved Shoulder/Parking Lane,Not a Pedestrian,With Traffic,Not a Pedestrian,Not a Pedestrian,Not a Pedestrian,7,Not a Pedestrian,0,Not a Pedestrian,230,Motorist Overtaking Bicyclist,
1,10365,0,1,6,Bicyclist,42,Male,None Noted,None Noted,None Noted,0,Not a Pedestrian,231,Motorist Overtaking – Undetected Bicyclist,Not a Pedestrian,Not At Intersection,Not a Pedestrian,Travel Lane,Not a Pedestrian,With Traffic,Not a Pedestrian,Not a Pedestrian,Not a Pedestrian,7,Not a Pedestrian,0,Not a Pedestrian,230,Motorist Overtaking Bicyclist,
45,450116,0,1,6,Bicyclist,30,Male,None Noted,None Noted,None Noted,0,Not a Pedestrian,239,Motorist Overtaking – Other/Unknown,Not a Pedestrian,Not At Intersection,Not a Pedestrian,Travel Lane,Not a Pedestrian,With Traffic,Not a Pedestrian,Not a Pedestrian,Not a Pedestrian,7,Not a Pedestrian,0,Not a Pedestrian,230,Motorist Overtaking Bicyclist,
45,450838,0,1,6,Bicyclist,44,Male,None Noted,None Noted,None Noted,0,Not a Pedestrian,239,Motorist Overtaking – Other/Unknown,Not a Pedestrian,Not At Intersection,Not a Pedestrian,Travel Lane,Not a Pedestrian,With Traffic,Not a Pedestrian,Not a Pedestrian,Not a Pedestrian,7,Not a Pedestrian,0,Not a Pedestrian,230,Motorist Overtaking Bicyclist,
39,390079,0,1,6,Bicyclist,52,Male,None Noted,None Noted,None Noted,0,Not a Pedestrian,239,Motorist Overtaking – Other/Unknown,Not a Pedestrian,Not At Intersection,Not a Pedestrian,Travel Lane,Not a Pedestrian,With Traffic,Not a Pedestrian,Not a Pedestrian,Not a Pedestrian,7,Not a Pedestrian,0,Not a Pedestrian,230,Motorist Overtaking Bicyclist,
37,371248,0,1,6,Bicyclist,55,Male,None Noted,None Noted,None Noted,0,Not a Pedestrian,239,Motorist Overtaking – Other/Unknown,Not a Pedestrian,Not At Intersection,Not a Pedestrian,Travel Lane,Not a Pedestrian,With Traffic,Not a Pedestrian,Not a Pedestrian,Not a Pedestrian,7,Not a Pedestrian,0,Not a Pedestrian,230,Motorist Overtaking Bicyclist,
37,370965,0,1,6,Bicyclist,60,Male,None Noted,None Noted,None Noted,0,Not a Pedestrian,239,Motorist Overtaking – Other/Unknown,Not a Pedestrian,Not At Intersection,Not a Pedestrian,Travel Lane,Not a Pedestrian,With Traffic,Not a Pedestrian,Not a Pedestrian,Not a Pedestrian,7,Not a Pedestrian,0,Not a Pedestrian,230,Motorist Overtaking Bicyclist,
34,340484,0,1,6,Bicyclist,37,Male,None Noted,None Noted,None Noted,0,Not a Pedestrian,211,Motorist Left Turn – Same Direction,Not a Pedestrian,Intersection-Related,Not a Pedestrian,Sidewalk/Crosswalk/Driveway Access,Not a Pedestrian,With Traffic,Not a Pedestrian,Not a Pedestrian,Not a Pedestrian,7,Not a Pedestrian,0,Not a Pedestrian,210,Motorist Left Turn/Merge,
13,131038,0,1,6,Bicyclist,55,Female,None Noted,None Noted,None Noted,0,Not a Pedestrian,212,Motorist Left Turn – Opposite Direction,Not a Pedestrian,At Intersection,Not a Pedestrian,Travel Lane,Not a Pedestrian,Facing Traffic,Not a Pedestrian,Not a Pedestrian,Not a Pedestrian,7,Not a Pedestrian,0,Not a Pedestrian,210,Motorist Left Turn/Merge,
18,180777,0,1,6,Bicyclist,63,Male,None Noted,None Noted,None Noted,0,Not a Pedestrian,212,Motorist Left Turn – Opposite Direction,Not a Pedestrian,At Intersection,Not a Pedestrian,Sidewalk/Crosswalk/Driveway Access,Not a Pedestrian,Facing Traffic,Not a Pedestrian,Not a Pedestrian,Not a Pedestrian,7,Not a Pedestrian,0,Not a Pedestrian,210,Motorist Left Turn/Merge,
40,400553,0,1,6,Bicyclist,39,Male,None Noted,None Noted,None Noted,0,Not a Pedestrian,231,Motorist Overtaking – Undetected Bicyclist,Not a Pedestrian,Not At Intersection,Not a Pedestrian,Travel Lane,Not a Pedestrian,With Traffic,Not a Pedestrian,Not a Pedestrian,Not a Pedestrian,7,Not a Pedestrian,0,Not a Pedestrian,230,Motorist Overtaking Bicyclist,
48,480814,0,1,6,Bicyclist,53,Male,None Noted,None Noted,None Noted,0,Not a Pedestrian,212,Motorist Left Turn – Opposite Direction,Not a Pedestrian,At Intersection,Not a Pedestrian,Travel Lane,Not a Pedestrian,With Traffic,Not a Pedestrian,Not a Pedestrian,Not a Pedestrian,7,Not a Pedestrian,0,Not a Pedestrian,210,Motorist Left Turn/Merge,
26,260556,0,1,6,Bicyclist,68,Male,None Noted,None Noted,None Noted,0,Not a Pedestrian,212,Motorist Left Turn – Opposite Direction,Not a Pedestrian,At Intersection,Not a Pedestrian,Travel Lane,Not a Pedestrian,With Traffic,Not a Pedestrian,Not a Pedestrian,Not a Pedestrian,7,Not a Pedestrian,0,Not a Pedestrian,210,Motorist Left Turn/Merge,
12,120558,0,1,6,Bicyclist,76,Male,None Noted,None Noted,None Noted,0,Not a Pedestrian,211,Motorist Left Turn – Same Direction,Not a Pedestrian,At Intersection,Not a Pedestrian,Travel Lane,Not a Pedestrian,Facing Traffic,Not a Pedestrian,Not a Pedestrian,Not a Pedestrian,7,Not a Pedestrian,0,Not a Pedestrian,210,Motorist Left Turn/Merge,
55,550225,0,1,6,Bicyclist,29,Male,None Noted,None Noted,None Noted,0,Not a Pedestrian,211,Motorist Left Turn – Same Direction,Not a Pedestrian,Not At Intersection,Not a Pedestrian,Travel Lane,Not a Pedestrian,With Traffic,Not a Pedestrian,Not a Pedestrian,Not a Pedestrian,7,Not a Pedestrian,0,Not a Pedestrian,210,Motorist Left Turn/Merge,
45,450263,0,1,6,Bicyclist,55,Male,None Noted,None Noted,None Noted,0,Not a Pedestrian,239,Motorist Overtaking – Other/Unknown,Not a Pedestrian,Not At Intersection,Not a Pedestrian,Travel Lane,Not a Pedestrian,With Traffic,Not a Pedestrian,Not a Pedestrian,Not a Pedestrian,7,Not a Pedestrian,0,Not a Pedestrian,230,Motorist Overtaking Bicyclist,
41,410325,0,1,6,Bicyclist,44,Female,None Noted,None Noted,None Noted,0,Not a Pedestrian,231,Motorist Overtaking – Undetected Bicyclist,Not a Pedestrian,Not At Intersection,Not a Pedestrian,Travel Lane,Not a Pedestrian,With Traffic,Not a Pedestrian,Not a Pedestrian,Not a Pedestrian,7,Not a Pedestrian,0,Not a Pedestrian,230,Motorist Overtaking Bicyclist,
47,470323,0,1,6,Bicyclist,40,Female,None Noted,None Noted,None Noted,0,Not a Pedestrian,231,Motorist Overtaking – Undetected Bicyclist,Not a Pedestrian,Not At Intersection,Not a Pedestrian,Travel Lane,Not a Pedestrian,With Traffic,Not a Pedestrian,Not a Pedestrian,Not a Pedestrian,7,Not a Pedestrian,0,Not a Pedestrian,230,Motorist Overtaking Bicyclist,
37,371039,0,1,6,Bicyclist,56,Male,None Noted,None Noted,None Noted,0,Not a Pedestrian,239,Motorist Overtaking – Other/Unknown,Not a Pedestrian,Not At Intersection,Not a Pedestrian,Travel Lane,Not a Pedestrian,With Traffic,Not a Pedestrian,Not a Pedestrian,Not a Pedestrian,7,Not a Pedestrian,0,Not a Pedestrian,230,Motorist Overtaking Bicyclist,
27,270093,0,1,6,Bicyclist,40,Female,None Noted,None Noted,None Noted,0,Not a Pedestrian,239,Motorist Overtaking – Other/Unknown,Not a Pedestrian,Not At Intersection,Not a Pedestrian,Travel Lane,Not a Pedestrian,With Traffic,Not a Pedestrian,Not a Pedestrian,Not a Pedestrian,7,Not a Pedestrian,0,Not a Pedestrian,230,Motorist Overtaking Bicyclist,
19,190209,0,1,6,Bicyclist,41,Male,None Noted,None Noted,None Noted,0,Not a Pedestrian,239,Motorist Overtaking – Other/Unknown,Not a Pedestrian,Intersection-Related,Not a Pedestrian,Travel Lane,Not a Pedestrian,With Traffic,Not a Pedestrian,Not a Pedestrian,Not a Pedestrian,7,Not a Pedestrian,0,Not a Pedestrian,230,Motorist Overtaking Bicyclist,
41,410353,0,1,6,Bicyclist,38,Male,None Noted,None Noted,None Noted,0,Not a Pedestrian,239,Motorist Overtaking – Other/Unknown,Not a Pedestrian,At Intersection,Not a Pedestrian,Bicycle Lane/Paved Shoulder/Parking Lane,Not a Pedestrian,With Traffic,Not a Pedestrian,Not a Pedestrian,Not a Pedestrian,7,Not a Pedestrian,0,Not a Pedestrian,230,Motorist Overtaking Bicyclist,
24,240371,0,1,6,Bicyclist,64,Male,None Noted,None Noted,None Noted,0,Not a Pedestrian,239,Motorist Overtaking – Other/Unknown,Not a Pedestrian,Not At Intersection,Not a Pedestrian,Travel Lane,Not a Pedestrian,With Traffic,Not a Pedestrian,Not a Pedestrian,Not a Pedestrian,7,Not a Pedestrian,0,Not a Pedestrian,230,Motorist Overtaking Bicyclist,
24,240196,0,1,6,Bicyclist,56,Female,None Noted,None Noted,None Noted,0,Not a Pedestrian,239,Motorist Overtaking – Other/Unknown,Not a Pedestrian,Not At Intersection,Not a Pedestrian,Travel Lane,Not a Pedestrian,With Traffic,Not a Pedestrian,Not a Pedestrian,Not a Pedestrian,7,Not a Pedestrian,0,Not a Pedestrian,230,Motorist Overtaking Bicyclist,
22,220663,0,1,6,Bicyclist,45,Male,None Noted,None Noted,None Noted,0,Not a Pedestrian,239,Motorist Overtaking – Other/Unknown,Not a Pedestrian,Not At Intersection,Not a Pedestrian,Bicycle Lane/Paved Shoulder/Parking Lane,Not a Pedestrian,With Traffic,Not a Pedestrian,Not a Pedestrian,Not a Pedestrian,7,Not a Pedestrian,0,Not a Pedestrian,230,Motorist Overtaking Bicyclist,
22,220486,0,1,6,Bicyclist,48,Male,None Noted,None Noted,None Noted,0,Not a Pedestrian,239,Motorist Overtaking – Other/Unknown,Not a Pedestrian,Not At Intersection,Not a Pedestrian,Travel Lane,Not a Pedestrian,With Traffic,Not a Pedestrian,Not a Pedestrian,Not a Pedestrian,7,Not a Pedestrian,0,Not a Pedestrian,230,Motorist Overtaking Bicyclist,
28,280236,0,1,6,Bicyclist,67,Male,None Noted,None Noted,None Noted,0,Not a Pedestrian,239,Motorist Overtaking – Other/Unknown,Not a Pedestrian,Not At Intersection,Not a Pedestrian,Travel Lane,Not a Pedestrian,With Traffic,Not a Pedestrian,Not a Pedestrian,Not a Pedestrian,7,Not a Pedestrian,0,Not a Pedestrian,230,Motorist Overtaking Bicyclist,
28,280231,0,1,6,Bicyclist,18,Male,None Noted,None Noted,None Noted,0,Not a Pedestrian,239,Motorist Overtaking – Other/Unknown,Not a Pedestrian,Not At Intersection,Not a Pedestrian,Other,Not a Pedestrian,With Traffic,Not a Pedestrian,Not a Pedestrian,Not a Pedestrian,7,Not a Pedestrian,0,Not a Pedestrian,230,Motorist Overtaking Bicyclist,
33,330024,0,1,6,Bicyclist,51,Male,None Noted,None Noted,None Noted,0,Not a Pedestrian,239,Motorist Overtaking – Other/Unknown,Not a Pedestrian,Not At Intersection,Not a Pedestrian,Bicycle Lane/Paved Shoulder/Parking Lane,Not a Pedestrian,With Traffic,Not a Pedestrian,Not a Pedestrian,Not a Pedestrian,7,Not a Pedestrian,0,Not a Pedestrian,230,Motorist Overtaking Bicyclist,
55,550079,0,1,6,Bicyclist,22,Male,None Noted,None Noted,None Noted,0,Not a Pedestrian,239,Motorist Overtaking – Other/Unknown,Not a Pedestrian,Not At Intersection,Not a Pedestrian,Travel Lane,Not a Pedestrian,With Traffic,Not a Pedestrian,Not a Pedestrian,Not a Pedestrian,7,Not a Pedestrian,0,Not a Pedestrian,230,Motorist Overtaking Bicyclist,
41,410414,0,1,6,Bicyclist,52,Male,None Noted,None Noted,None Noted,0,Not a Pedestrian,239,Motorist Overtaking – Other/Unknown,Not a Pedestrian,Not At Intersection,Not a Pedestrian,Travel Lane,Not a Pedestrian,With Traffic,Not a Pedestrian,Not a Pedestrian,Not a Pedestrian,7,Not a Pedestrian,0,Not a Pedestrian,230,Motorist Overtaking Bicyclist,
47,470789,0,1,6,Bicyclist,51,Male,None Noted,None Noted,None Noted,0,Not a Pedestrian,239,Motorist Overtaking – Other/Unknown,Not a Pedestrian,Not At Intersection,Not a Pedestrian,Bicycle Lane/Paved Shoulder/Parking Lane,Not a Pedestrian,With Traffic,Not a Pedestrian,Not a Pedestrian,Not a Pedestrian,7,Not a Pedestrian,0,Not a Pedestrian,230,Motorist Overtaking Bicyclist,
45,450113,0,1,6,Bicyclist,59,Male,None Noted,None Noted,None Noted,0,Not a Pedestrian,239,Motorist Overtaking – Other/Unknown,Not a Pedestrian,Not At Intersection,Not a Pedestrian,Bicycle Lane/Paved Shoulder/Parking Lane,Not a Pedestrian,With Traffic,Not a Pedestrian,Not a Pedestrian,Not a Pedestrian,7,Not a Pedestrian,0,Not a Pedestrian,230,Motorist Overtaking Bicyclist,
45,450833,0,1,6,Bicyclist,59,Male,None Noted,None Noted,None Noted,0,Not a Pedestrian,239,Motorist Overtaking – Other/Unknown,Not a Pedestrian,Not At Intersection,Not a Pedestrian,Travel Lane,Not a Pedestrian,With Traffic,Not a Pedestrian,Not a Pedestrian,Not a Pedestrian,7,Not a Pedestrian,0,Not a Pedestrian,230,Motorist Overtaking Bicyclist,
45,450557,0,1,6,Bicyclist,52,Male,None Noted,None Noted,None Noted,0,Not a Pedestrian,239,Motorist Overtaking – Other/Unknown,Not a Pedestrian,Not At Intersection,Not a Pedestrian,Travel Lane,Not a Pedestrian,With Traffic,Not a Pedestrian,Not a Pedestrian,Not a Pedestrian,7,Not a Pedestrian,0,Not a Pedestrian,230,Motorist Overtaking Bicyclist,
45,450511,0,1,6,Bicyclist,16,Male,None Noted,None Noted,None Noted,0,Not a Pedestrian,239,Motorist Overtaking – Other/Unknown,Not a Pedestrian,At Intersection,Not a Pedestrian,Travel Lane,Not a Pedestrian,With Traffic,Not a Pedestrian,Not a Pedestrian,Not a Pedestrian,7,Not a Pedestrian,0,Not a Pedestrian,230,Motorist Overtaking Bicyclist,
45,450173,0,1,6,Bicyclist,55,Male,None Noted,None Noted,None Noted,0,Not a Pedestrian,239,Motorist Overtaking – Other/Unknown,Not a Pedestrian,Not At Intersection,Not a Pedestrian,Travel Lane,Not a Pedestrian,With Traffic,Not a Pedestrian,Not a Pedestrian,Not a Pedestrian,7,Not a Pedestrian,0,Not a Pedestrian,230,Motorist Overtaking Bicyclist,
22,220012,0,1,5,Pedestrian,35,Male,None Noted,None Noted,None Noted,620,Walking in Roadway,0,Not a Cyclist,Not At Intersection,Not a Cyclist,Travel Lane,Not a Cyclist,Not Applicable,Not a Cyclist,Not Applicable,Not Applicable,Not Applicable,8,Not Applicable,600,Pedestrian in Roadway – Circumstances Unknown,0,Not a Cyclist,
25,250206,0,1,5,Pedestrian,45,Female,None Noted,None Noted,Unknown,620,Walking in Roadway,0,Not a Cyclist,Not At Intersection,Not a Cyclist,Travel Lane,Not a Cyclist,Not Applicable,Not a Cyclist,Not Applicable,Not Applicable,Not Applicable,8,Not Applicable,600,Pedestrian in Roadway – Circumstances Unknown,0,Not a Cyclist,
25,250282,0,1,5,Pedestrian,71,Male,None Noted,None Noted,Unknown,620,Walking in Roadway,0,Not a Cyclist,Not At Intersection,Not a Cyclist,Travel Lane,Not a Cyclist,Not Applicable,Not a Cyclist,Not Applicable,Not Applicable,Not Applicable,8,Not Applicable,600,Pedestrian in Roadway – Circumstances Unknown,0,Not a Cyclist,
25,250173,0,1,5,Pedestrian,33,Male,None Noted,None Noted,None Noted,620,Walking in Roadway,0,Not a Cyclist,Not At Intersection,Not a Cyclist,Travel Lane,Not a Cyclist,Not Applicable,Not a Cyclist,Not Applicable,Not Applicable,Not Applicable,8,Not Applicable,600,Pedestrian in Roadway – Circumstances Unknown,0,Not a Cyclist,
12,122028,0,1,5,Pedestrian,998,Male,None Noted,None Noted,None Noted,620,Walking in Roadway,0,Not a Cyclist,Not At Intersection,Not a Cyclist,Travel Lane,Not a Cyclist,Not Applicable,Not a Cyclist,Not Applicable,Not Applicable,Not Applicable,8,Not Applicable,600,Pedestrian in Roadway – Circumstances Unknown,0,Not a Cyclist,
12,121357,0,1,5,Pedestrian,50,Male,None Noted,None Noted,None Noted,620,Walking in Roadway,0,Not a Cyclist,Not At Intersection,Not a Cyclist,Travel Lane,Not a Cyclist,Not Applicable,Not a Cyclist,Not Applicable,Not Applicable,Not Applicable,8,Not Applicable,600,Pedestrian in Roadway – Circumstances Unknown,0,Not a Cyclist,
12,121744,0,1,5,Pedestrian,15,Male,None Noted,None Noted,None Noted,620,Walking in Roadway,0,Not a Cyclist,Not At Intersection,Not a Cyclist,Travel Lane,Not a Cyclist,Not Applicable,Not a Cyclist,Not Applicable,Not Applicable,Not Applicable,8,Not Applicable,600,Pedestrian in Roadway – Circumstances Unknown,0,Not a Cyclist,
26,260802,0,1,5,Pedestrian,54,Female,None Noted,None Noted,None Noted,620,Walking in Roadway,0,Not a Cyclist,Not At Intersection,Not a Cyclist,Travel Lane,Not a Cyclist,Not Applicable,Not a Cyclist,Not Applicable,Not Applicable,Not Applicable,8,Not Applicable,600,Pedestrian in Roadway – Circumstances Unknown,0,Not a Cyclist,
37,370870,0,1,5,Pedestrian,27,Male,None Noted,None Noted,None Noted,620,Walking in Roadway,0,Not a Cyclist,Not At Intersection,Not a Cyclist,Travel Lane,Not a Cyclist,Not Applicable,Not a Cyclist,Not Applicable,Not Applicable,Not Applicable,8,Not Applicable,600,Pedestrian in Roadway – Circumstances Unknown,0,Not a Cyclist,
37,370895,0,1,5,Pedestrian,21,Female,None Noted,None Noted,None Noted,620,Walking in Roadway,0,Not a Cyclist,Not At Intersection,Not a Cyclist,Travel Lane,Not a Cyclist,Not Applicable,Not a Cyclist,Not Applicable,Not Applicable,Not Applicable,8,Not Applicable,600,Pedestrian in Roadway – Circumstances Unknown,0,Not a Cyclist,
12,120600,0,1,5,Pedestrian,26,Female,None Noted,None Noted,None Noted,620,Walking in Roadway,0,Not a Cyclist,Not At Intersection,Not a Cyclist,Travel Lane,Not a Cyclist,Not Applicable,Not a Cyclist,Not Applicable,Not Applicable,Not Applicable,8,Not Applicable,600,Pedestrian in Roadway – Circumstances Unknown,0,Not a Cyclist,
26,260873,0,1,5,Pedestrian,84,Male,None Noted,None Noted,None Noted,620,Walking in Roadway,0,Not a Cyclist,Not At Intersection,Not a Cyclist,Travel Lane,Not a Cyclist,Not Applicable,Not a Cyclist,Not Applicable,Not Applicable,Not Applicable,8,Not Applicable,600,Pedestrian in Roadway – Circumstances Unknown,0,Not a Cyclist,
26,260860,0,1,5,Pedestrian,56,Female,None Noted,None Noted,None Noted,620,Walking in Roadway,0,Not a Cyclist,Not At Intersection,Not a Cyclist,Travel Lane,Not a Cyclist,Not Applicable,Not a Cyclist,Not Applicable,Not Applicable,Not Applicable,8,Not Applicable,600,Pedestrian in Roadway – Circumstances Unknown,0,Not a Cyclist,
25,250122,0,1,5,Pedestrian,42,Male,Yes,None Noted,None Noted,620,Walking in Roadway,0,Not a Cyclist,Not At Intersection,Not a Cyclist,Travel Lane,Not a Cyclist,Not Applicable,Not a Cyclist,Not Applicable,Not Applicable,Not Applicable,8,Not Applicable,600,Pedestrian in Roadway – Circumstances Unknown,0,Not a Cyclist,
37,370038,0,1,5,Pedestrian,22,Male,None Noted,None Noted,None Noted,620,Walking in Roadway,0,Not a Cyclist,Not At Intersection,Not a Cyclist,Travel Lane,Not a Cyclist,Not Applicable,Not a Cyclist,Not Applicable,Not Applicable,Not Applicable,8,Not Applicable,600,Pedestrian in Roadway – Circumstances Unknown,0,Not a Cyclist,
37,371102,0,1,5,Pedestrian,67,Female,None Noted,None Noted,None Noted,620,Walking in Roadway,0,Not a Cyclist,Not At Intersection,Not a Cyclist,Travel Lane,Not a Cyclist,Not Applicable,Not a Cyclist,Not Applicable,Not Applicable,Not Applicable,8,Not Applicable,600,Pedestrian in Roadway – Circumstances Unknown,0,Not a Cyclist,
26,260441,0,1,5,Pedestrian,62,Male,None Noted,None Noted,None Noted,620,Walking in Roadway,0,Not a Cyclist,Not At Intersection,Not a Cyclist,Travel Lane,Not a Cyclist,Not Applicable,Not a Cyclist,Not Applicable,Not Applicable,Not Applicable,8,Not Applicable,600,Pedestrian in Roadway – Circumstances Unknown,0,Not a Cyclist,