state_number,consecutive_number,vehicle_number,person_number,person_type,person_type_name,age,sex,marked_crosswalk_present,sidewalk_present,school_zone,crash_type_pedestrian,crash_type_pedestrian_name,crash_type_bicycle,crash_type_bicycle_name,crash_location_pedestrian,crash_location_bicycle,pedestrian_position,bicyclist_position,pedestrian_initial_direction_of_travel,bicyclist_initial_direction_of_travel,motorist_initial_direction_of_travel,motorist_maneuver,intersection_leg,pedestrian_scenario,pedestrian_scenario_name,crash_group_pedestrian,crash_group_pedestrian_name,crash_group_bicycle,crash_group_bicycle_name
12,120326,0,1,5,Pedestrian,56,Male,None Noted,None Noted,None Noted,610,Standing in Roadway,0,Not a Cyclist,Not At Intersection,Not a Cyclist,Travel Lane,Not a Cyclist,Not Applicable,Not a Cyclist,Not Applicable,Not Applicable,Not Applicable,8,Not Applicable,600,Pedestrian in Roadway – Circumstances Unknown,0,Not a Cyclist,
12,120360,0,1,5,Pedestrian,67,Female,None Noted,None Noted,None Noted,610,Standing in Roadway,0,Not a Cyclist,Not At Intersection,Not a Cyclist,Travel Lane,Not a Cyclist,Not Applicable,Not a Cyclist,Not Applicable,Not Applicable,Not Applicable,8,Not Applicable,600,Pedestrian in Roadway – Circumstances Unknown,0,Not a Cyclist,
26,260560,0,1,5,Pedestrian,30,Male,None Noted,None Noted,None Noted,610,Standing in Roadway,0,Not a Cyclist,Not At Intersection,Not a Cyclist,Travel Lane,Not a Cyclist,Not Applicable,Not a Cyclist,Not Applicable,Not Applicable,Not Applicable,8,Not Applicable,600,Pedestrian in Roadway – Circumstances Unknown,0,Not a Cyclist,
22,220618,0,1,5,Pedestrian,56,Male,None Noted,None Noted,None Noted,610,Standing in Roadway,0,Not a Cyclist,Not At Intersection,Not a Cyclist,Travel Lane,Not a Cyclist,Not Applicable,Not a Cyclist,Not Applicable,Not Applicable,Not Applicable,8,Not Applicable,600,Pedestrian in Roadway – Circumstances Unknown,0,Not a Cyclist,
22,220116,0,1,5,Pedestrian,33,Female,None Noted,None Noted,None Noted,610,Standing in Roadway,0,Not a Cyclist,Not At Intersection,Not a Cyclist,Travel Lane,Not a Cyclist,Not Applicable,Not a Cyclist,Not Applicable,Not Applicable,Not Applicable,8,Not Applicable,600,Pedestrian in Roadway – Circumstances Unknown,0,Not a Cyclist,
24,240324,0,1,5,Pedestrian,34,Male,None Noted,None Noted,None Noted,610,Standing in Roadway,0,Not a Cyclist,Not At Intersection,Not a Cyclist,Travel Lane,Not a Cyclist,Not Applicable,Not a Cyclist,Not Applicable,Not Applicable,Not Applicable,8,Not Applicable,600,Pedestrian in Roadway – Circumstances Unknown,0,Not a Cyclist,
24,240374,0,1,5,Pedestrian,60,Male,None Noted,None Noted,None Noted,610,Standing in Roadway,0,Not a Cyclist,Not At Intersection,Not a Cyclist,Travel Lane,Not a Cyclist,Not Applicable,Not a Cyclist,Not Applicable,Not Applicable,Not Applicable,8,Not Applicable,600,Pedestrian in Roadway – Circumstances Unknown,0,Not a Cyclist,
22,220629,0,1,5,Pedestrian,35,Female,None Noted,None Noted,None Noted,610,Standing in Roadway,0,Not a Cyclist,Not At Intersection,Not a Cyclist,Travel Lane,Not a Cyclist,Not Applicable,Not a Cyclist,Not Applicable,Not Applicable,Not Applicable,8,Not Applicable,600,Pedestrian in Roadway – Circumstances Unknown,0,Not a Cyclist,
26,260864,0,1,5,Pedestrian,1,Male,None Noted,None Noted,None Noted,610,Standing in Roadway,0,Not a Cyclist,Not At Intersection,Not a Cyclist,Travel Lane,Not a Cyclist,Not Applicable,Not a Cyclist,Not Applicable,Not Applicable,Not Applicable,8,Not Applicable,600,Pedestrian in Roadway – Circumstances Unknown,0,Not a Cyclist,
26,260047,0,1,5,Pedestrian,19,Female,None Noted,None Noted,None Noted,610,Standing in Roadway,0,Not a Cyclist,Not At Intersection,Not a Cyclist,Travel Lane,Not a Cyclist,Not Applicable,Not a Cyclist,Not Applicable,Not Applicable,Not Applicable,8,Not Applicable,600,Pedestrian in Roadway – Circumstances Unknown,0,Not a Cyclist,
26,260012,0,1,5,Pedestrian,61,Male,None Noted,None Noted,None Noted,610,Standing in Roadway,0,Not a Cyclist,Not At Intersection,Not a Cyclist,Travel Lane,Not a Cyclist,Not Applicable,Not a Cyclist,Not Applicable,Not Applicable,Not Applicable,8,Not Applicable,600,Pedestrian in Roadway – Circumstances Unknown,0,Not a Cyclist,
37,370072,0,1,5,Pedestrian,52,Male,None Noted,None Noted,None Noted,610,Standing in Roadway,0,Not a Cyclist,Not At Intersection,Not a Cyclist,Travel Lane,Not a Cyclist,Not Applicable,Not a Cyclist,Not Applicable,Not Applicable,Not Applicable,8,Not Applicable,600,Pedestrian in Roadway – Circumstances Unknown,0,Not a Cyclist,
37,370587,0,1,5,Pedestrian,62,Female,None Noted,None Noted,None Noted,610,Standing in Roadway,0,Not a Cyclist,Not At Intersection,Not a Cyclist,Travel Lane,Not a Cyclist,Not Applicable,Not a Cyclist,Not Applicable,Not Applicable,Not Applicable,8,Not Applicable,600,Pedestrian in Roadway – Circumstances Unknown,0,Not a Cyclist,
30,300194,0,1,5,Pedestrian,24,Male,None Noted,None Noted,None Noted,610,Standing in Roadway,0,Not a Cyclist,Not At Intersection,Not a Cyclist,Travel Lane,Not a Cyclist,Not Applicable,Not a Cyclist,Not Applicable,Not Applicable,Not Applicable,8,Not Applicable,600,Pedestrian in Roadway – Circumstances Unknown,0,Not a Cyclist,
4,40284,0,1,5,Pedestrian,47,Male,None Noted,None Noted,None Noted,313,Lying in Roadway,0,Not a Cyclist,Not At Intersection,Not a Cyclist,Travel Lane,Not a Cyclist,Not Applicable,Not a Cyclist,Not Applicable,Not Applicable,Not Applicable,8,Not Applicable,600,Pedestrian in Roadway – Circumstances Unknown,0,Not a Cyclist,
12,121505,0,1,5,Pedestrian,58,Male,None Noted,None Noted,None Noted,610,Standing in Roadway,0,Not a Cyclist,Not At Intersection,Not a Cyclist,Travel Lane,Not a Cyclist,Not Applicable,Not a Cyclist,Not Applicable,Not Applicable,Not Applicable,8,Not Applicable,600,Pedestrian in Roadway – Circumstances Unknown,0,Not a Cyclist,
1,10533,0,1,5,Pedestrian,39,Female,None Noted,None Noted,None Noted,610,Standing in Roadway,0,Not a Cyclist,Not At Intersection,Not a Cyclist,Travel Lane,Not a Cyclist,Not Applicable,Not a Cyclist,Not Applicable,Not Applicable,Not Applicable,8,Not Applicable,600,Pedestrian in Roadway – Circumstances Unknown,0,Not a Cyclist,
1,10224,0,1,5,Pedestrian,48,Female,None Noted,None Noted,None Noted,610,Standing in Roadway,0,Not a Cyclist,Not At Intersection,Not a Cyclist,Travel Lane,Not a Cyclist,Not Applicable,Not a Cyclist,Not Applicable,Not Applicable,Not Applicable,8,Not Applicable,600,Pedestrian in Roadway – Circumstances Unknown,0,Not a Cyclist,
1,10090,0,1,5,Pedestrian,53,Male,None Noted,None Noted,None Noted,610,Standing in Roadway,0,Not a Cyclist,Not At Intersection,Not a Cyclist,Travel Lane,Not a Cyclist,Not Applicable,Not a Cyclist,Not Applicable,Not Applicable,Not Applicable,8,Not Applicable,600,Pedestrian in Roadway – Circumstances Unknown,0,Not a Cyclist,
8,80277,0,1,5,Pedestrian,50,Female,None Noted,None Noted,None Noted,610,Standing in Roadway,0,Not a Cyclist,Not At Intersection,Not a Cyclist,Travel Lane,Not a Cyclist,Not Applicable,Not a Cyclist,Not Applicable,Not Applicable,Not Applicable,8,Not Applicable,600,Pedestrian in Roadway – Circumstances Unknown,0,Not a Cyclist,
37,370679,0,1,5,Pedestrian,34,Male,None Noted,None Noted,None Noted,610,Standing in Roadway,0,Not a Cyclist,Not At Intersection,Not a Cyclist,Travel Lane,Not a Cyclist,Not Applicable,Not a Cyclist,Not Applicable,Not Applicable,Not Applicable,8,Not Applicable,600,Pedestrian in Roadway – Circumstances Unknown,0,Not a Cyclist,
47,470461,0,1,5,Pedestrian,50,Male,None Noted,None Noted,None Noted,610,Standing in Roadway,0,Not a Cyclist,Not At Intersection,Not a Cyclist,Travel Lane,Not a Cyclist,Not Applicable,Not a Cyclist,Not Applicable,Not Applicable,Not Applicable,8,Not Applicable,600,Pedestrian in Roadway – Circumstances Unknown,0,Not a Cyclist,
12,122502,0,1,5,Pedestrian,57,Female,None Noted,None Noted,None Noted,610,Standing in Roadway,0,Not a Cyclist,Not At Intersection,Not a Cyclist,Travel Lane,Not a Cyclist,Not Applicable,Not a Cyclist,Not Applicable,Not Applicable,Not Applicable,8,Not Applicable,600,Pedestrian in Roadway – Circumstances Unknown,0,Not a Cyclist,
30,300158,0,1,5,Pedestrian,32,Female,None Noted,None Noted,None Noted,610,Standing in Roadway,0,Not a Cyclist,Not At Intersection,Not a Cyclist,Travel Lane,Not a Cyclist,Not Applicable,Not a Cyclist,Not Applicable,Not Applicable,Not Applicable,8,Not Applicable,600,Pedestrian in Roadway – Circumstances Unknown,0,Not a Cyclist,
12,120108,0,1,5,Pedestrian,15,Male,None Noted,None Noted,None Noted,313,Lying in Roadway,0,Not a Cyclist,Not At Intersection,Not a Cyclist,Travel Lane,Not a Cyclist,Not Applicable,Not a Cyclist,Not Applicable,Not Applicable,Not Applicable,8,Not Applicable,600,Pedestrian in Roadway – Circumstances Unknown,0,Not a Cyclist,
45,450684,0,1,5,Pedestrian,60,Male,None Noted,None Noted,None Noted,313,Lying in Roadway,0,Not a Cyclist,Not At Intersection,Not a Cyclist,Travel Lane,Not a Cyclist,Not Applicable,Not a Cyclist,Not Applicable,Not Applicable,Not Applicable,8,Not Applicable,600,Pedestrian in Roadway – Circumstances Unknown,0,Not a Cyclist,
45,450395,0,1,5,Pedestrian,21,Male,None Noted,None Noted,None Noted,313,Lying in Roadway,0,Not a Cyclist,Not At Intersection,Not a Cyclist,Travel Lane,Not a Cyclist,Not Applicable,Not a Cyclist,Not Applicable,Not Applicable,Not Applicable,8,Not Applicable,600,Pedestrian in Roadway – Circumstances Unknown,0,Not a Cyclist,
13,130712,0,1,5,Pedestrian,20,Male,None Noted,None Noted,None Noted,313,Lying in Roadway,0,Not a Cyclist,Not At Intersection,Not a Cyclist,Travel Lane,Not a Cyclist,Not Applicable,Not a Cyclist,Not Applicable,Not Applicable,Not Applicable,8,Not Applicable,600,Pedestrian in Roadway – Circumstances Unknown,0,Not a Cyclist,
2,20059,0,1,5,Pedestrian,41,Male,None Noted,None Noted,None Noted,313,Lying in Roadway,0,Not a Cyclist,Not At Intersection,Not a Cyclist,Travel Lane,Not a Cyclist,Not Applicable,Not a Cyclist,Not Applicable,Not Applicable,Not Applicable,8,Not Applicable,600,Pedestrian in Roadway – Circumstances Unknown,0,Not a Cyclist,
47,470434,0,1,5,Pedestrian,28,Male,None Noted,None Noted,None Noted,313,Lying in Roadway,0,Not a Cyclist,Not At Intersection,Not a Cyclist,Travel Lane,Not a Cyclist,Not Applicable,Not a Cyclist,Not Applicable,Not Applicable,Not Applicable,8,Not Applicable,600,Pedestrian in Roadway – Circumstances Unknown,0,Not a Cyclist,
37,370830,0,1,5,Pedestrian,16,Male,None Noted,None Noted,None Noted,313,Lying in Roadway,0,Not a Cyclist,Not At Intersection,Not a Cyclist,Travel Lane,Not a Cyclist,Not Applicable,Not a Cyclist,Not Applicable,Not Applicable,Not Applicable,8,Not Applicable,600,Pedestrian in Roadway – Circumstances Unknown,0,Not a Cyclist,
28,280333,0,1,5,Pedestrian,51,Female,None Noted,None Noted,None Noted,313,Lying in Roadway,0,Not a Cyclist,Not At Intersection,Not a Cyclist,Travel Lane,Not a Cyclist,Not Applicable,Not a Cyclist,Not Applicable,Not Applicable,Not Applicable,8,Not Applicable,600,Pedestrian in Roadway – Circumstances Unknown,0,Not a Cyclist,
28,280330,0,1,5,Pedestrian,43,Male,None Noted,None Noted,None Noted,313,Lying in Roadway,0,Not a Cyclist,Not At Intersection,Not a Cyclist,Travel Lane,Not a Cyclist,Not Applicable,Not a Cyclist,Not Applicable,Not Applicable,Not Applicable,8,Not Applicable,600,Pedestrian in Roadway – Circumstances Unknown,0,Not a Cyclist,
28,280202,0,1,5,Pedestrian,39,Male,None Noted,None Noted,None Noted,313,Lying in Roadway,0,Not a Cyclist,Not At Intersection,Not a Cyclist,Travel Lane,Not a Cyclist,Not Applicable,Not a Cyclist,Not Applicable,Not Applicable,Not Applicable,8,Not Applicable,600,Pedestrian in Roadway – Circumstances Unknown,0,Not a Cyclist,
28,280089,0,1,5,Pedestrian,38,Male,None Noted,None Noted,None Noted,313,Lying in Roadway,0,Not a Cyclist,Not At Intersection,Not a Cyclist,Travel Lane,Not a Cyclist,Not Applicable,Not a Cyclist,Not Applicable,Not Applicable,Not Applicable,8,Not Applicable,600,Pedestrian in Roadway – Circumstances Unknown,0,Not a Cyclist,
39,390114,0,1,5,Pedestrian,19,Male,None Noted,None Noted,None Noted,313,Lying in Roadway,0,Not a Cyclist,Not At Intersection,Not a Cyclist,Travel Lane,Not a Cyclist,Not Applicable,Not a Cyclist,Not Applicable,Not Applicable,Not Applicable,8,Not Applicable,600,Pedestrian in Roadway – Circumstances Unknown,0,Not a Cyclist,
48,480785,0,1,5,Pedestrian,34,Male,None Noted,None Noted,None Noted,313,Lying in Roadway,0,Not a Cyclist,Not At Intersection,Not a Cyclist,Travel Lane,Not a Cyclist,Not Applicable,Not a Cyclist,Not Applicable,Not Applicable,Not Applicable,8,Not Applicable,600,Pedestrian in Roadway – Circumstances Unknown,0,Not a Cyclist,
48,481544,0,1,5,Pedestrian,50,Male,None Noted,None Noted,None Noted,313,Lying in Roadway,0,Not a Cyclist,Not At Intersection,Not a Cyclist,Travel Lane,Not a Cyclist,Not Applicable,Not a Cyclist,Not Applicable,Not Applicable,Not Applicable,8,Not Applicable,600,Pedestrian in Roadway – Circumstances Unknown,0,Not a Cyclist,
1,10131,0,1,5,Pedestrian,36,Male,None Noted,None Noted,None Noted,313,Lying in Roadway,0,Not a Cyclist,Not At Intersection,Not a Cyclist,Travel Lane,Not a Cyclist,Not Applicable,Not a Cyclist,Not Applicable,Not Applicable,Not Applicable,8,Not Applicable,600,Pedestrian in Roadway – Circumstances Unknown,0,Not a Cyclist,
5,50335,0,1,5,Pedestrian,25,Female,None Noted,None Noted,None Noted,313,Lying in Roadway,0,Not a Cyclist,Not At Intersection,Not a Cyclist,Travel Lane,Not a Cyclist,Not Applicable,Not a Cyclist,Not Applicable,Not Applicable,Not Applicable,8,Not Applicable,600,Pedestrian in Roadway – Circumstances Unknown,0,Not a Cyclist,
4,40742,0,1,5,Pedestrian,39,Male,None Noted,None Noted,None Noted,313,Lying in Roadway,0,Not a Cyclist,Not At Intersection,Not a Cyclist,Travel Lane,Not a Cyclist,Not Applicable,Not a Cyclist,Not Applicable,Not Applicable,Not Applicable,8,Not Applicable,600,Pedestrian in Roadway – Circumstances Unknown,0,Not a Cyclist,
46,460107,0,1,5,Pedestrian,22,Female,None Noted,None Noted,None Noted,313,Lying in Roadway,0,Not a Cyclist,Not At Intersection,Not a Cyclist,Travel Lane,Not a Cyclist,Not Applicable,Not a Cyclist,Not Applicable,Not Applicable,Not Applicable,8,Not Applicable,600,Pedestrian in Roadway – Circumstances Unknown,0,Not a Cyclist,
53,530135,0,1,5,Pedestrian,55,Male,None Noted,None Noted,None Noted,313,Lying in Roadway,0,Not a Cyclist,Not At Intersection,Not a Cyclist,Travel Lane,Not a Cyclist,Not Applicable,Not a Cyclist,Not Applicable,Not Applicable,Not Applicable,8,Not Applicable,600,Pedestrian in Roadway – Circumstances Unknown,0,Not a Cyclist,
55,550523,0,1,5,Pedestrian,48,Male,None Noted,None Noted,None Noted,313,Lying in Roadway,0,Not a Cyclist,Not At Intersection,Not a Cyclist,Travel Lane,Not a Cyclist,Not Applicable,Not a Cyclist,Not Applicable,Not Applicable,Not Applicable,8,Not Applicable,600,Pedestrian in Roadway – Circumstances Unknown,0,Not a Cyclist,
48,481439,0,1,5,Pedestrian,55,Male,None Noted,None Noted,None Noted,313,Lying in Roadway,0,Not a Cyclist,Not At Intersection,Not a Cyclist,Travel Lane,Not a Cyclist,Not Applicable,Not a Cyclist,Not Applicable,Not Applicable,Not Applicable,8,Not Applicable,600,Pedestrian in Roadway – Circumstances Unknown,0,Not a Cyclist,
12,120354,0,1,5,Pedestrian,48,Male,None Noted,None Noted,None Noted,610,Standing in Roadway,0,Not a Cyclist,Not At Intersection,Not a Cyclist,Travel Lane,Not a Cyclist,Not Applicable,Not a Cyclist,Not Applicable,Not Applicable,Not Applicable,8,Not Applicable,600,Pedestrian in Roadway – Circumstances Unknown,0,Not a Cyclist,
40,400200,0,1,5,Pedestrian,24,Male,None Noted,None Noted,None Noted,313,Lying in Roadway,0,Not a Cyclist,Not At Intersection,Not a Cyclist,Travel Lane,Not a Cyclist,Not Applicable,Not a Cyclist,Not Applicable,Not Applicable,Not Applicable,8,Not Applicable,600,Pedestrian in Roadway – Circumstances Unknown,0,Not a Cyclist,
55,550032,0,1,5,Pedestrian,61,Male,None Noted,None Noted,None Noted,313,Lying in Roadway,0,Not a Cyclist,Not At Intersection,Not a Cyclist,Travel Lane,Not a Cyclist,Not Applicable,Not a Cyclist,Not Applicable,Not Applicable,Not Applicable,8,Not Applicable,600,Pedestrian in Roadway – Circumstances Unknown,0,Not a Cyclist,
48,482066,0,1,5,Pedestrian,56,Male,None Noted,None Noted,None Noted,313,Lying in Roadway,0,Not a Cyclist,Not At Intersection,Not a Cyclist,Travel Lane,Not a Cyclist,Not Applicable,Not a Cyclist,Not Applicable,Not Applicable,Not Applicable,8,Not Applicable,600,Pedestrian in Roadway – Circumstances Unknown,0,Not a Cyclist,
8,80405,0,1,5,Pedestrian,42,Male,None Noted,None Noted,None Noted,313,Lying in Roadway,0,Not a Cyclist,Not At Intersection,Not a Cyclist,Travel Lane,Not a Cyclist,Not Applicable,Not a Cyclist,Not Applicable,Not Applicable,Not Applicable,8,Not Applicable,600,Pedestrian in Roadway – Circumstances Unknown,0,Not a Cyclist,
8,80405,0,2,5,Pedestrian,40,Female,None Noted,None Noted,None Noted,313,Lying in Roadway,0,Not a Cyclist,Not At Intersection,Not a Cyclist,Travel Lane,Not a Cyclist,Not Applicable,Not a Cyclist,Not Applicable,Not Applicable,Not Applicable,8,Not Applicable,600,Pedestrian in Roadway – Circumstances Unknown,0,Not a Cyclist,
12,120274,0,1,5,Pedestrian,36,Female,None Noted,None Noted,None Noted,313,Lying in Roadway,0,Not a Cyclist,Not At Intersection,Not a Cyclist,Travel Lane,Not a Cyclist,Not Applicable,Not a Cyclist,Not Applicable,Not Applicable,Not Applicable,8,Not Applicable,600,Pedestrian in Roadway – Circumstances Unknown,0,Not a Cyclist,
12,120050,0,1,5,Pedestrian,81,Female,None Noted,None Noted,None Noted,313,Lying in Roadway,0,Not a Cyclist,Not At Intersection,Not a Cyclist,Travel Lane,Not a Cyclist,Not Applicable,Not a Cyclist,Not Applicable,Not Applicable,Not Applicable,8,Not Applicable,600,Pedestrian in Roadway – Circumstances Unknown,0,Not a Cyclist,
12,120397,0,1,5,Pedestrian,41,Male,None Noted,None Noted,None Noted,313,Lying in Roadway,0,Not a Cyclist,Not At Intersection,Not a Cyclist,Travel Lane,Not a Cyclist,Not Applicable,Not a Cyclist,Not Applicable,Not Applicable,Not Applicable,8,Not Applicable,600,Pedestrian in Roadway – Circumstances Unknown,0,Not a Cyclist,
26,260471,0,1,5,Pedestrian,65,Female,None Noted,None Noted,None Noted,610,Standing in Roadway,0,Not a Cyclist,Not At Intersection,Not a Cyclist,Travel Lane,Not a Cyclist,Not Applicable,Not a Cyclist,Not Applicable,Not Applicable,Not Applicable,8,Not Applicable,600,Pedestrian in Roadway – Circumstances Unknown,0,Not a Cyclist,
26,260542,0,1,5,Pedestrian,27,Male,None Noted,None Noted,None Noted,610,Standing in Roadway,0,Not a Cyclist,Not At Intersection,Not a Cyclist,Travel Lane,Not a Cyclist,Not Applicable,Not a Cyclist,Not Applicable,Not Applicable,Not Applicable,8,Not Applicable,600,Pedestrian in Roadway – Circumstances Unknown,0,Not a Cyclist,
36,360736,0,1,5,Pedestrian,55,Male,None Noted,None Noted,None Noted,610,Standing in Roadway,0,Not a Cyclist,Not At Intersection,Not a Cyclist,Travel Lane,Not a Cyclist,Not Applicable,Not a Cyclist,Not Applicable,Not Applicable,Not Applicable,8,Not Applicable,600,Pedestrian in Roadway – Circumstances Unknown,0,Not a Cyclist,
39,390931,0,1,5,Pedestrian,46,Male,None Noted,None Noted,None Noted,610,Standing in Roadway,0,Not a Cyclist,Not At Intersection,Not a Cyclist,Travel Lane,Not a Cyclist,Not Applicable,Not a Cyclist,Not Applicable,Not Applicable,Not Applicable,8,Not Applicable,600,Pedestrian in Roadway – Circumstances Unknown,0,Not a Cyclist,
40,400025,0,1,5,Pedestrian,37,Male,None Noted,None Noted,None Noted,610,Standing in Roadway,0,Not a Cyclist,Not At Intersection,Not a Cyclist,Travel Lane,Not a Cyclist,Not Applicable,Not a Cyclist,Not Applicable,Not Applicable,Not Applicable,8,Not Applicable,600,Pedestrian in Roadway – Circumstances Unknown,0,Not a Cyclist,
48,482709,0,1,5,Pedestrian,25,Male,None Noted,None Noted,None Noted,610,Standing in Roadway,0,Not a Cyclist,Not At Intersection,Not a Cyclist,Travel Lane,Not a Cyclist,Not Applicable,Not a Cyclist,Not Applicable,Not Applicable,Not Applicable,8,Not Applicable,600,Pedestrian in Roadway – Circumstances Unknown,0,Not a Cyclist,
39,390931,0,2,5,Pedestrian,34,Male,None Noted,None Noted,None Noted,610,Standing in Roadway,0,Not a Cyclist,Not At Intersection,Not a Cyclist,Travel Lane,Not a Cyclist,Not Applicable,Not a Cyclist,Not Applicable,Not Applicable,Not Applicable,8,Not Applicable,600,Pedestrian in Roadway – Circumstances Unknown,0,Not a Cyclist,
51,510451,0,1,5,Pedestrian,54,Male,None Noted,None Noted,None Noted,610,Standing in Roadway,0,Not a Cyclist,Not At Intersection,Not a Cyclist,Travel Lane,Not a Cyclist,Not Applicable,Not a Cyclist,Not Applicable,Not Applicable,Not Applicable,8,Not Applicable,600,Pedestrian in Roadway – Circumstances Unknown,0,Not a Cyclist,
45,450331,0,1,5,Pedestrian,26,Female,None Noted,None Noted,None Noted,610,Standing in Roadway,0,Not a Cyclist,Not At Intersection,Not a Cyclist,Travel Lane,Not a Cyclist,Not Applicable,Not a Cyclist,Not Applicable,Not Applicable,Not Applicable,8,Not Applicable,600,Pedestrian in Roadway – Circumstances Unknown,0,Not a Cyclist,
45,450331,0,2,5,Pedestrian,6,Female,None Noted,None Noted,None Noted,610,Standing in Roadway,0,Not a Cyclist,Not At Intersection,Not a Cyclist,Travel Lane,Not a Cyclist,Not Applicable,Not a Cyclist,Not Applicable,Not Applicable,Not Applicable,8,Not Applicable,600,Pedestrian in Roadway – Circumstances Unknown,0,Not a Cyclist,
45,450331,0,3,5,Pedestrian,17,Male,None Noted,None Noted,None Noted,610,Standing in Roadway,0,Not a Cyclist,Not At Intersection,Not a Cyclist,Travel Lane,Not a Cyclist,Not Applicable,Not a Cyclist,Not Applicable,Not Applicable,Not Applicable,8,Not Applicable,600,Pedestrian in Roadway – Circumstances Unknown,0,Not a Cyclist,
45,450039,0,1,5,Pedestrian,31,Male,None Noted,None Noted,None Noted,610,Standing in Roadway,0,Not a Cyclist,Not At Intersection,Not a Cyclist,Travel Lane,Not a Cyclist,Not Applicable,Not a Cyclist,Not Applicable,Not Applicable,Not Applicable,8,Not Applicable,600,Pedestrian in Roadway – Circumstances Unknown,0,Not a Cyclist,
45,450059,0,1,5,Pedestrian,74,Male,None Noted,None Noted,None Noted,610,Standing in Roadway,0,Not a Cyclist,Not At Intersection,Not a Cyclist,Travel Lane,Not a Cyclist,Not Applicable,Not a Cyclist,Not Applicable,Not Applicable,Not Applicable,8,Not Applicable,600,Pedestrian in Roadway – Circumstances Unknown,0,Not a Cyclist,
39,390345,0,1,5,Pedestrian,56,Male,None Noted,None Noted,None Noted,610,Standing in Roadway,0,Not a Cyclist,Not At Intersection,Not a Cyclist,Travel Lane,Not a Cyclist,Not Applicable,Not a Cyclist,Not Applicable,Not Applicable,Not Applicable,8,Not Applicable,600,Pedestrian in Roadway – Circumstances Unknown,0,Not a Cyclist,
45,450248,0,1,5,Pedestrian,33,Female,None Noted,None Noted,None Noted,610,Standing in Roadway,0,Not a Cyclist,Not At Intersection,Not a Cyclist,Travel Lane,Not a Cyclist,Not Applicable,Not a Cyclist,Not Applicable,Not Applicable,Not Applicable,8,Not Applicable,600,Pedestrian in Roadway – Circumstances Unknown,0,Not a Cyclist,
45,450470,0,1,5,Pedestrian,36,Female,None Noted,None Noted,None Noted,610,Standing in Roadway,0,Not a Cyclist,Not At Intersection,Not a Cyclist,Travel Lane,Not a Cyclist,Not Applicable,Not a Cyclist,Not Applicable,Not Applicable,Not Applicable,8,Not Applicable,600,Pedestrian in Roadway – Circumstances Unknown,0,Not a Cyclist,
12,120258,0,1,5,Pedestrian,18,Female,None Noted,None Noted,None Noted,610,Standing in Roadway,0,Not a Cyclist,Not At Intersection,Not a Cyclist,Travel Lane,Not a Cyclist,Not Applicable,Not a Cyclist,Not Applicable,Not Applicable,Not Applicable,8,Not Applicable,600,Pedestrian in Roadway – Circumstances Unknown,0,Not a Cyclist,
12,120832,0,1,5,Pedestrian,44,Female,None Noted,None Noted,None Noted,610,Standing in Roadway,0,Not a Cyclist,Not At Intersection,Not a Cyclist,Travel Lane,Not a Cyclist,Not Applicable,Not a Cyclist,Not Applicable,Not Applicable,Not Applicable,8,Not Applicable,600,Pedestrian in Roadway – Circumstances Unknown,0,Not a Cyclist,
12,121385,0,1,5,Pedestrian,68,Male,None Noted,None Noted,None Noted,610,Standing in Roadway,0,Not a Cyclist,Not At Intersection,Not a Cyclist,Travel Lane,Not a Cyclist,Not Applicable,Not a Cyclist,Not Applicable,Not Applicable,Not Applicable,8,Not Applicable,600,Pedestrian in Roadway – Circumstances Unknown,0,Not a Cyclist,
12,121387,0,1,5,Pedestrian,23,Female,None Noted,None Noted,None Noted,610,Standing in Roadway,0,Not a Cyclist,Not At Intersection,Not a Cyclist,Travel Lane,Not a Cyclist,Not Applicable,Not a Cyclist,Not Applicable,Not Applicable,Not Applicable,8,Not Applicable,600,Pedestrian in Roadway – Circumstances Unknown,0,Not a Cyclist,
12,121575,0,1,5,Pedestrian,46,Female,None Noted,None Noted,None Noted,610,Standing in Roadway,0,Not a Cyclist,Not At Intersection,Not a Cyclist,Travel Lane,Not a Cyclist,Not Applicable,Not a Cyclist,Not Applicable,Not Applicable,Not Applicable,8,Not Applicable,600,Pedestrian in Roadway – Circumstances Unknown,0,Not a Cyclist,
48,482951,0,1,5,Pedestrian,50,Male,None Noted,None Noted,None Noted,610,Standing in Roadway,0,Not a Cyclist,Not At Intersection,Not a Cyclist,Travel Lane,Not a Cyclist,Not Applicable,Not a Cyclist,Not Applicable,Not Applicable,Not Applicable,8,Not Applicable,600,Pedestrian in Roadway – Circumstances Unknown,0,Not a Cyclist,
48,480707,0,1,5,Pedestrian,24,Female,None Noted,None Noted,None Noted,313,Lying in Roadway,0,Not a Cyclist,Not At Intersection,Not a Cyclist,Travel Lane,Not a Cyclist,Not Applicable,Not a Cyclist,Not Applicable,Not Applicable,Not Applicable,8,Not Applicable,600,Pedestrian in Roadway – Circumstances Unknown,0,Not a Cyclist,
51,510111,0,1,5,Pedestrian,54,Male,None Noted,None Noted,None Noted,313,Lying in Roadway,0,Not a Cyclist,Not At Intersection,Not a Cyclist,Travel Lane,Not a Cyclist,Not Applicable,Not a Cyclist,Not Applicable,Not Applicable,Not Applicable,8,Not Applicable,600,Pedestrian in Roadway – Circumstances Unknown,0,Not a Cyclist,
40,400199,0,1,5,Pedestrian,29,Male,None Noted,None Noted,None Noted,313,Lying in Roadway,0,Not a Cyclist,Not At Intersection,Not a Cyclist,Travel Lane,Not a Cyclist,Not Applicable,Not a Cyclist,Not Applicable,Not Applicable,Not Applicable,8,Not Applicable,600,Pedestrian in Roadway – Circumstances Unknown,0,Not a Cyclist,