state_number,consecutive_number,vehicle_number,person_number,person_type,person_type_name,age,sex,marked_crosswalk_present,sidewalk_present,school_zone,crash_type_pedestrian,crash_type_pedestrian_name,crash_type_bicycle,crash_type_bicycle_name,crash_location_pedestrian,crash_location_bicycle,pedestrian_position,bicyclist_position,pedestrian_initial_direction_of_travel,bicyclist_initial_direction_of_travel,motorist_initial_direction_of_travel,motorist_maneuver,intersection_leg,pedestrian_scenario,pedestrian_scenario_name,crash_group_pedestrian,crash_group_pedestrian_name,crash_group_bicycle,crash_group_bicycle_name
37,370629,0,1,5,Pedestrian,28,Female,None Noted,None Noted,None Noted,741,Dash,0,Not a Cyclist,Not At Intersection,Not a Cyclist,Travel Lane,Not a Cyclist,Not Applicable,Not a Cyclist,Not Applicable,Not Applicable,Not Applicable,8,Not Applicable,740,Dash/Dart-Out,0,Not a Cyclist,
21,210019,0,1,5,Pedestrian,57,Female,None Noted,None Noted,None Noted,741,Dash,0,Not a Cyclist,Not At Intersection,Not a Cyclist,Travel Lane,Not a Cyclist,Not Applicable,Not a Cyclist,Not Applicable,Not Applicable,Not Applicable,8,Not Applicable,740,Dash/Dart-Out,0,Not a Cyclist,
21,210068,0,1,5,Pedestrian,53,Male,None Noted,None Noted,None Noted,741,Dash,0,Not a Cyclist,Not At Intersection,Not a Cyclist,Travel Lane,Not a Cyclist,Not Applicable,Not a Cyclist,Not Applicable,Not Applicable,Not Applicable,8,Not Applicable,740,Dash/Dart-Out,0,Not a Cyclist,
21,210500,0,1,5,Pedestrian,44,Female,None Noted,None Noted,None Noted,741,Dash,0,Not a Cyclist,Not At Intersection,Not a Cyclist,Travel Lane,Not a Cyclist,Not Applicable,Not a Cyclist,Not Applicable,Not Applicable,Not Applicable,8,Not Applicable,740,Dash/Dart-Out,0,Not a Cyclist,
21,210192,0,1,5,Pedestrian,47,Male,None Noted,None Noted,None Noted,741,Dash,0,Not a Cyclist,Not At Intersection,Not a Cyclist,Travel Lane,Not a Cyclist,Not Applicable,Not a Cyclist,Not Applicable,Not Applicable,Not Applicable,8,Not Applicable,740,Dash/Dart-Out,0,Not a Cyclist,
22,220433,0,1,5,Pedestrian,27,Male,None Noted,None Noted,None Noted,741,Dash,0,Not a Cyclist,Not At Intersection,Not a Cyclist,Travel Lane,Not a Cyclist,Not Applicable,Not a Cyclist,Not Applicable,Not Applicable,Not Applicable,8,Not Applicable,740,Dash/Dart-Out,0,Not a Cyclist,
37,370986,0,1,5,Pedestrian,2,Male,None Noted,None Noted,None Noted,741,Dash,0,Not a Cyclist,Not At Intersection,Not a Cyclist,Travel Lane,Not a Cyclist,Not Applicable,Not a Cyclist,Not Applicable,Not Applicable,Not Applicable,8,Not Applicable,740,Dash/Dart-Out,0,Not a Cyclist,
13,130842,0,1,5,Pedestrian,71,Male,None Noted,None Noted,None Noted,741,Dash,0,Not a Cyclist,Not At Intersection,Not a Cyclist,Travel Lane,Not a Cyclist,Not Applicable,Not a Cyclist,Not Applicable,Not Applicable,Not Applicable,8,Not Applicable,740,Dash/Dart-Out,0,Not a Cyclist,
13,130581,0,1,5,Pedestrian,2,Female,None Noted,None Noted,None Noted,741,Dash,0,Not a Cyclist,Not At Intersection,Not a Cyclist,Travel Lane,Not a Cyclist,Not Applicable,Not a Cyclist,Not Applicable,Not Applicable,Not Applicable,8,Not Applicable,740,Dash/Dart-Out,0,Not a Cyclist,
12,120200,0,1,5,Pedestrian,28,Male,None Noted,None Noted,None Noted,741,Dash,0,Not a Cyclist,Not At Intersection,Not a Cyclist,Travel Lane,Not a Cyclist,Not Applicable,Not a Cyclist,Not Applicable,Not Applicable,Not Applicable,8,Not Applicable,740,Dash/Dart-Out,0,Not a Cyclist,
12,120058,0,1,5,Pedestrian,28,Male,None Noted,None Noted,None Noted,741,Dash,0,Not a Cyclist,Not At Intersection,Not a Cyclist,Travel Lane,Not a Cyclist,Not Applicable,Not a Cyclist,Not Applicable,Not Applicable,Not Applicable,8,Not Applicable,740,Dash/Dart-Out,0,Not a Cyclist,
1,10414,0,1,5,Pedestrian,33,Male,None Noted,None Noted,None Noted,741,Dash,0,Not a Cyclist,Not At Intersection,Not a Cyclist,Travel Lane,Not a Cyclist,Not Applicable,Not a Cyclist,Not Applicable,Not Applicable,Not Applicable,8,Not Applicable,740,Dash/Dart-Out,0,Not a Cyclist,
13,130012,0,1,5,Pedestrian,62,Male,None Noted,None Noted,None Noted,741,Dash,0,Not a Cyclist,Not At Intersection,Not a Cyclist,Travel Lane,Not a Cyclist,Not Applicable,Not a Cyclist,Not Applicable,Not Applicable,Not Applicable,8,Not Applicable,740,Dash/Dart-Out,0,Not a Cyclist,
13,130016,0,1,5,Pedestrian,74,Female,None Noted,None Noted,None Noted,741,Dash,0,Not a Cyclist,Not At Intersection,Not a Cyclist,Travel Lane,Not a Cyclist,Not Applicable,Not a Cyclist,Not Applicable,Not Applicable,Not Applicable,8,Not Applicable,740,Dash/Dart-Out,0,Not a Cyclist,
13,131127,0,1,5,Pedestrian,19,Female,None Noted,None Noted,None Noted,741,Dash,0,Not a Cyclist,Not At Intersection,Not a Cyclist,Travel Lane,Not a Cyclist,Not Applicable,Not a Cyclist,Not Applicable,Not Applicable,Not Applicable,8,Not Applicable,740,Dash/Dart-Out,0,Not a Cyclist,
13,130188,0,1,5,Pedestrian,27,Male,None Noted,None Noted,None Noted,741,Dash,0,Not a Cyclist,Not At Intersection,Not a Cyclist,Travel Lane,Not a Cyclist,Not Applicable,Not a Cyclist,Not Applicable,Not Applicable,Not Applicable,8,Not Applicable,740,Dash/Dart-Out,0,Not a Cyclist,
4,40363,0,1,5,Pedestrian,46,Male,None Noted,None Noted,None Noted,741,Dash,0,Not a Cyclist,Not At Intersection,Not a Cyclist,Travel Lane,Not a Cyclist,Not Applicable,Not a Cyclist,Not Applicable,Not Applicable,Not Applicable,8,Not Applicable,740,Dash/Dart-Out,0,Not a Cyclist,
13,130873,0,1,5,Pedestrian,5,Female,None Noted,None Noted,None Noted,741,Dash,0,Not a Cyclist,Not At Intersection,Not a Cyclist,Travel Lane,Not a Cyclist,Not Applicable,Not a Cyclist,Not Applicable,Not Applicable,Not Applicable,8,Not Applicable,740,Dash/Dart-Out,0,Not a Cyclist,
13,130501,0,1,5,Pedestrian,50,Male,None Noted,None Noted,None Noted,741,Dash,0,Not a Cyclist,Not At Intersection,Not a Cyclist,Travel Lane,Not a Cyclist,Not Applicable,Not a Cyclist,Not Applicable,Not Applicable,Not Applicable,8,Not Applicable,740,Dash/Dart-Out,0,Not a Cyclist,
36,360013,0,1,5,Pedestrian,6,Male,None Noted,None Noted,None Noted,741,Dash,0,Not a Cyclist,Not At Intersection,Not a Cyclist,Travel Lane,Not a Cyclist,Not Applicable,Not a Cyclist,Not Applicable,Not Applicable,Not Applicable,8,Not Applicable,740,Dash/Dart-Out,0,Not a Cyclist,
18,180162,0,1,5,Pedestrian,1,Female,None Noted,None Noted,None Noted,741,Dash,0,Not a Cyclist,Not At Intersection,Not a Cyclist,Travel Lane,Not a Cyclist,Not Applicable,Not a Cyclist,Not Applicable,Not Applicable,Not Applicable,8,Not Applicable,740,Dash/Dart-Out,0,Not a Cyclist,
36,360646,0,1,5,Pedestrian,77,Male,None Noted,None Noted,None Noted,741,Dash,0,Not a Cyclist,Not At Intersection,Not a Cyclist,Travel Lane,Not a Cyclist,Not Applicable,Not a Cyclist,Not Applicable,Not Applicable,Not Applicable,8,Not Applicable,740,Dash/Dart-Out,0,Not a Cyclist,
36,360995,0,1,5,Pedestrian,65,Male,Yes,None Noted,None Noted,741,Dash,0,Not a Cyclist,Not At Intersection,Not a Cyclist,Travel Lane,Not a Cyclist,Not Applicable,Not a Cyclist,Not Applicable,Not Applicable,Not Applicable,8,Not Applicable,740,Dash/Dart-Out,0,Not a Cyclist,
37,370532,0,1,5,Pedestrian,52,Male,None Noted,None Noted,None Noted,741,Dash,0,Not a Cyclist,Not At Intersection,Not a Cyclist,Travel Lane,Not a Cyclist,Not Applicable,Not a Cyclist,Not Applicable,Not Applicable,Not Applicable,8,Not Applicable,740,Dash/Dart-Out,0,Not a Cyclist,
37,370788,0,1,5,Pedestrian,42,Male,None Noted,None Noted,None Noted,741,Dash,0,Not a Cyclist,Not At Intersection,Not a Cyclist,Travel Lane,Not a Cyclist,Not Applicable,Not a Cyclist,Not Applicable,Not Applicable,Not Applicable,8,Not Applicable,740,Dash/Dart-Out,0,Not a Cyclist,
37,370388,0,1,5,Pedestrian,33,Male,None Noted,None Noted,None Noted,741,Dash,0,Not a Cyclist,Not At Intersection,Not a Cyclist,Travel Lane,Not a Cyclist,Not Applicable,Not a Cyclist,Not Applicable,Not Applicable,Not Applicable,8,Not Applicable,740,Dash/Dart-Out,0,Not a Cyclist,
37,370424,0,1,5,Pedestrian,33,Male,None Noted,None Noted,None Noted,741,Dash,0,Not a Cyclist,Not At Intersection,Not a Cyclist,Travel Lane,Not a Cyclist,Not Applicable,Not a Cyclist,Not Applicable,Not Applicable,Not Applicable,8,Not Applicable,740,Dash/Dart-Out,0,Not a Cyclist,
27,270255,0,1,5,Pedestrian,27,Male,None Noted,None Noted,None Noted,741,Dash,0,Not a Cyclist,Not At Intersection,Not a Cyclist,Travel Lane,Not a Cyclist,Not Applicable,Not a Cyclist,Not Applicable,Not Applicable,Not Applicable,8,Not Applicable,740,Dash/Dart-Out,0,Not a Cyclist,
37,370960,0,1,5,Pedestrian,25,Male,None Noted,None Noted,None Noted,741,Dash,0,Not a Cyclist,Not At Intersection,Not a Cyclist,Travel Lane,Not a Cyclist,Not Applicable,Not a Cyclist,Not Applicable,Not Applicable,Not Applicable,8,Not Applicable,740,Dash/Dart-Out,0,Not a Cyclist,
48,482950,0,1,5,Pedestrian,46,Male,None Noted,None Noted,None Noted,741,Dash,0,Not a Cyclist,Not At Intersection,Not a Cyclist,Travel Lane,Not a Cyclist,Not Applicable,Not a Cyclist,Not Applicable,Not Applicable,Not Applicable,8,Not Applicable,740,Dash/Dart-Out,0,Not a Cyclist,
19,190223,0,1,5,Pedestrian,58,Male,None Noted,None Noted,None Noted,741,Dash,0,Not a Cyclist,Not At Intersection,Not a Cyclist,Travel Lane,Not a Cyclist,Not Applicable,Not a Cyclist,Not Applicable,Not Applicable,Not Applicable,8,Not Applicable,740,Dash/Dart-Out,0,Not a Cyclist,
26,260387,0,1,5,Pedestrian,32,Male,None Noted,None Noted,None Noted,741,Dash,0,Not a Cyclist,Not At Intersection,Not a Cyclist,Travel Lane,Not a Cyclist,Not Applicable,Not a Cyclist,Not Applicable,Not Applicable,Not Applicable,8,Not Applicable,740,Dash/Dart-Out,0,Not a Cyclist,
33,330100,0,1,5,Pedestrian,44,Male,None Noted,None Noted,None Noted,741,Dash,0,Not a Cyclist,Not At Intersection,Not a Cyclist,Travel Lane,Not a Cyclist,Not Applicable,Not a Cyclist,Not Applicable,Not Applicable,Not Applicable,8,Not Applicable,740,Dash/Dart-Out,0,Not a Cyclist,
34,340294,0,1,5,Pedestrian,19,Male,None Noted,None Noted,None Noted,741,Dash,0,Not a Cyclist,Not At Intersection,Not a Cyclist,Travel Lane,Not a Cyclist,Not Applicable,Not a Cyclist,Not Applicable,Not Applicable,Not Applicable,8,Not Applicable,740,Dash/Dart-Out,0,Not a Cyclist,
34,340065,0,1,5,Pedestrian,91,Female,None Noted,None Noted,None Noted,741,Dash,0,Not a Cyclist,Not At Intersection,Not a Cyclist,Travel Lane,Not a Cyclist,Not Applicable,Not a Cyclist,Not Applicable,Not Applicable,Not Applicable,8,Not Applicable,740,Dash/Dart-Out,0,Not a Cyclist,
26,260107,0,1,5,Pedestrian,17,Male,None Noted,None Noted,None Noted,741,Dash,0,Not a Cyclist,Not At Intersection,Not a Cyclist,Travel Lane,Not a Cyclist,Not Applicable,Not a Cyclist,Not Applicable,Not Applicable,Not Applicable,8,Not Applicable,740,Dash/Dart-Out,0,Not a Cyclist,
26,260262,0,1,5,Pedestrian,8,Male,None Noted,None Noted,None Noted,741,Dash,0,Not a Cyclist,Not At Intersection,Not a Cyclist,Travel Lane,Not a Cyclist,Not Applicable,Not a Cyclist,Not Applicable,Not Applicable,Not Applicable,8,Not Applicable,740,Dash/Dart-Out,0,Not a Cyclist,
26,260808,0,1,5,Pedestrian,57,Male,None Noted,None Noted,None Noted,741,Dash,0,Not a Cyclist,Not At Intersection,Not a Cyclist,Travel Lane,Not a Cyclist,Not Applicable,Not a Cyclist,Not Applicable,Not Applicable,Not Applicable,8,Not Applicable,740,Dash/Dart-Out,0,Not a Cyclist,
18,180126,0,1,5,Pedestrian,62,Female,None Noted,None Noted,None Noted,741,Dash,0,Not a Cyclist,Not At Intersection,Not a Cyclist,Travel Lane,Not a Cyclist,Not Applicable,Not a Cyclist,Not Applicable,Not Applicable,Not Applicable,8,Not Applicable,740,Dash/Dart-Out,0,Not a Cyclist,
22,220653,0,1,5,Pedestrian,56,Male,None Noted,None Noted,None Noted,741,Dash,0,Not a Cyclist,Not At Intersection,Not a Cyclist,Travel Lane,Not a Cyclist,Not Applicable,Not a Cyclist,Not Applicable,Not Applicable,Not Applicable,8,Not Applicable,740,Dash/Dart-Out,0,Not a Cyclist,
26,260876,0,2,5,Pedestrian,3,Female,None Noted,None Noted,None Noted,741,Dash,0,Not a Cyclist,Not At Intersection,Not a Cyclist,Travel Lane,Not a Cyclist,Not Applicable,Not a Cyclist,Not Applicable,Not Applicable,Not Applicable,8,Not Applicable,740,Dash/Dart-Out,0,Not a Cyclist,
26,260134,0,1,5,Pedestrian,8,Female,None Noted,None Noted,None Noted,741,Dash,0,Not a Cyclist,Not At Intersection,Not a Cyclist,Travel Lane,Not a Cyclist,Not Applicable,Not a Cyclist,Not Applicable,Not Applicable,Not Applicable,8,Not Applicable,740,Dash/Dart-Out,0,Not a Cyclist,
37,370878,0,1,5,Pedestrian,52,Male,None Noted,None Noted,None Noted,741,Dash,0,Not a Cyclist,Not At Intersection,Not a Cyclist,Travel Lane,Not a Cyclist,Not Applicable,Not a Cyclist,Not Applicable,Not Applicable,Not Applicable,8,Not Applicable,740,Dash/Dart-Out,0,Not a Cyclist,
37,370018,0,1,5,Pedestrian,47,Male,None Noted,None Noted,None Noted,741,Dash,0,Not a Cyclist,Not At Intersection,Not a Cyclist,Travel Lane,Not a Cyclist,Not Applicable,Not a Cyclist,Not Applicable,Not Applicable,Not Applicable,8,Not Applicable,740,Dash/Dart-Out,0,Not a Cyclist,
22,220507,0,1,5,Pedestrian,5,Male,None Noted,None Noted,None Noted,741,Dash,0,Not a Cyclist,Not At Intersection,Not a Cyclist,Travel Lane,Not a Cyclist,Not Applicable,Not a Cyclist,Not Applicable,Not Applicable,Not Applicable,8,Not Applicable,740,Dash/Dart-Out,0,Not a Cyclist,
22,220675,0,1,5,Pedestrian,32,Female,None Noted,None Noted,None Noted,741,Dash,0,Not a Cyclist,Not At Intersection,Not a Cyclist,Travel Lane,Not a Cyclist,Not Applicable,Not a Cyclist,Not Applicable,Not Applicable,Not Applicable,8,Not Applicable,740,Dash/Dart-Out,0,Not a Cyclist,
22,220685,0,1,5,Pedestrian,58,Male,None Noted,None Noted,None Noted,741,Dash,0,Not a Cyclist,Not At Intersection,Not a Cyclist,Travel Lane,Not a Cyclist,Not Applicable,Not a Cyclist,Not Applicable,Not Applicable,Not Applicable,8,Not Applicable,740,Dash/Dart-Out,0,Not a Cyclist,
24,240122,0,1,5,Pedestrian,38,Female,None Noted,None Noted,None Noted,741,Dash,0,Not a Cyclist,Not At Intersection,Not a Cyclist,Travel Lane,Not a Cyclist,Not Applicable,Not a Cyclist,Not Applicable,Not Applicable,Not Applicable,8,Not Applicable,740,Dash/Dart-Out,0,Not a Cyclist,
22,220662,0,1,5,Pedestrian,25,Male,None Noted,None Noted,None Noted,741,Dash,0,Not a Cyclist,Not At Intersection,Not a Cyclist,Travel Lane,Not a Cyclist,Not Applicable,Not a Cyclist,Not Applicable,Not Applicable,Not Applicable,8,Not Applicable,740,Dash/Dart-Out,0,Not a Cyclist,
22,220591,0,1,5,Pedestrian,68,Male,None Noted,None Noted,None Noted,741,Dash,0,Not a Cyclist,Not At Intersection,Not a Cyclist,Travel Lane,Not a Cyclist,Not Applicable,Not a Cyclist,Not Applicable,Not Applicable,Not Applicable,8,Not Applicable,740,Dash/Dart-Out,0,Not a Cyclist,
13,131308,0,1,5,Pedestrian,58,Male,None Noted,None Noted,None Noted,741,Dash,0,Not a Cyclist,Not At Intersection,Not a Cyclist,Travel Lane,Not a Cyclist,Not Applicable,Not a Cyclist,Not Applicable,Not Applicable,Not Applicable,8,Not Applicable,740,Dash/Dart-Out,0,Not a Cyclist,
48,482829,0,1,5,Pedestrian,42,Male,None Noted,None Noted,None Noted,741,Dash,0,Not a Cyclist,Not At Intersection,Not a Cyclist,Travel Lane,Not a Cyclist,Not Applicable,Not a Cyclist,Not Applicable,Not Applicable,Not Applicable,8,Not Applicable,740,Dash/Dart-Out,0,Not a Cyclist,
24,240031,0,1,5,Pedestrian,27,Female,None Noted,None Noted,None Noted,741,Dash,0,Not a Cyclist,Not At Intersection,Not a Cyclist,Travel Lane,Not a Cyclist,Not Applicable,Not a Cyclist,Not Applicable,Not Applicable,Not Applicable,8,Not Applicable,740,Dash/Dart-Out,0,Not a Cyclist,
18,180241,0,1,5,Pedestrian,55,Male,None Noted,None Noted,None Noted,741,Dash,0,Not a Cyclist,Not At Intersection,Not a Cyclist,Travel Lane,Not a Cyclist,Not Applicable,Not a Cyclist,Not Applicable,Not Applicable,Not Applicable,8,Not Applicable,740,Dash/Dart-Out,0,Not a Cyclist,
18,180349,0,1,5,Pedestrian,38,Female,None Noted,None Noted,None Noted,741,Dash,0,Not a Cyclist,Not At Intersection,Not a Cyclist,Travel Lane,Not a Cyclist,Not Applicable,Not a Cyclist,Not Applicable,Not Applicable,Not Applicable,8,Not Applicable,740,Dash/Dart-Out,0,Not a Cyclist,
18,180182,0,1,5,Pedestrian,14,Male,None Noted,None Noted,None Noted,741,Dash,0,Not a Cyclist,Not At Intersection,Not a Cyclist,Travel Lane,Not a Cyclist,Not Applicable,Not a Cyclist,Not Applicable,Not Applicable,Not Applicable,8,Not Applicable,740,Dash/Dart-Out,0,Not a Cyclist,
18,180384,0,1,5,Pedestrian,29,Male,None Noted,None Noted,None Noted,741,Dash,0,Not a Cyclist,Not At Intersection,Not a Cyclist,Travel Lane,Not a Cyclist,Not Applicable,Not a Cyclist,Not Applicable,Not Applicable,Not Applicable,8,Not Applicable,740,Dash/Dart-Out,0,Not a Cyclist,
19,190073,0,1,5,Pedestrian,52,Female,None Noted,None Noted,None Noted,741,Dash,0,Not a Cyclist,Not At Intersection,Not a Cyclist,Travel Lane,Not a Cyclist,Not Applicable,Not a Cyclist,Not Applicable,Not Applicable,Not Applicable,8,Not Applicable,740,Dash/Dart-Out,0,Not a Cyclist,
17,170805,0,1,5,Pedestrian,54,Female,None Noted,None Noted,None Noted,741,Dash,0,Not a Cyclist,Not At Intersection,Not a Cyclist,Travel Lane,Not a Cyclist,Not Applicable,Not a Cyclist,Not Applicable,Not Applicable,Not Applicable,8,Not Applicable,740,Dash/Dart-Out,0,Not a Cyclist,
22,220007,0,1,5,Pedestrian,50,Male,None Noted,None Noted,None Noted,741,Dash,0,Not a Cyclist,Not At Intersection,Not a Cyclist,Travel Lane,Not a Cyclist,Not Applicable,Not a Cyclist,Not Applicable,Not Applicable,Not Applicable,8,Not Applicable,740,Dash/Dart-Out,0,Not a Cyclist,
4,40262,0,1,5,Pedestrian,48,Male,None Noted,None Noted,None Noted,741,Dash,0,Not a Cyclist,Not At Intersection,Not a Cyclist,Travel Lane,Not a Cyclist,Not Applicable,Not a Cyclist,Not Applicable,Not Applicable,Not Applicable,8,Not Applicable,740,Dash/Dart-Out,0,Not a Cyclist,
37,370758,0,1,5,Pedestrian,35,Male,None Noted,None Noted,None Noted,741,Dash,0,Not a Cyclist,Not At Intersection,Not a Cyclist,Travel Lane,Not a Cyclist,Not Applicable,Not a Cyclist,Not Applicable,Not Applicable,Not Applicable,8,Not Applicable,740,Dash/Dart-Out,0,Not a Cyclist,
37,370744,0,1,5,Pedestrian,74,Male,None Noted,None Noted,None Noted,741,Dash,0,Not a Cyclist,Not At Intersection,Not a Cyclist,Travel Lane,Not a Cyclist,Not Applicable,Not a Cyclist,Not Applicable,Not Applicable,Not Applicable,8,Not Applicable,740,Dash/Dart-Out,0,Not a Cyclist,
10,100014,0,1,5,Pedestrian,21,Male,None Noted,None Noted,None Noted,741,Dash,0,Not a Cyclist,Not At Intersection,Not a Cyclist,Travel Lane,Not a Cyclist,Not Applicable,Not a Cyclist,Not Applicable,Not Applicable,Not Applicable,8,Not Applicable,740,Dash/Dart-Out,0,Not a Cyclist,
4,40094,0,1,5,Pedestrian,42,Male,None Noted,None Noted,None Noted,741,Dash,0,Not a Cyclist,Not At Intersection,Not a Cyclist,Travel Lane,Not a Cyclist,Not Applicable,Not a Cyclist,Not Applicable,Not Applicable,Not Applicable,8,Not Applicable,740,Dash/Dart-Out,0,Not a Cyclist,
1,10769,0,1,5,Pedestrian,46,Male,None Noted,None Noted,None Noted,741,Dash,0,Not a Cyclist,Not At Intersection,Not a Cyclist,Travel Lane,Not a Cyclist,Not Applicable,Not a Cyclist,Not Applicable,Not Applicable,Not Applicable,8,Not Applicable,740,Dash/Dart-Out,0,Not a Cyclist,
1,10529,0,1,5,Pedestrian,53,Female,None Noted,None Noted,None Noted,741,Dash,0,Not a Cyclist,Not At Intersection,Not a Cyclist,Travel Lane,Not a Cyclist,Not Applicable,Not a Cyclist,Not Applicable,Not Applicable,Not Applicable,8,Not Applicable,740,Dash/Dart-Out,0,Not a Cyclist,
5,50306,0,1,5,Pedestrian,23,Male,None Noted,None Noted,None Noted,741,Dash,0,Not a Cyclist,Not At Intersection,Not a Cyclist,Travel Lane,Not a Cyclist,Not Applicable,Not a Cyclist,Not Applicable,Not Applicable,Not Applicable,8,Not Applicable,740,Dash/Dart-Out,0,Not a Cyclist,
37,370969,0,1,5,Pedestrian,35,Male,None Noted,None Noted,None Noted,741,Dash,0,Not a Cyclist,Not At Intersection,Not a Cyclist,Travel Lane,Not a Cyclist,Not Applicable,Not a Cyclist,Not Applicable,Not Applicable,Not Applicable,8,Not Applicable,740,Dash/Dart-Out,0,Not a Cyclist,
4,40097,0,1,5,Pedestrian,22,Male,None Noted,None Noted,None Noted,741,Dash,0,Not a Cyclist,Not At Intersection,Not a Cyclist,Travel Lane,Not a Cyclist,Not Applicable,Not a Cyclist,Not Applicable,Not Applicable,Not Applicable,8,Not Applicable,740,Dash/Dart-Out,0,Not a Cyclist,
9,90008,0,1,5,Pedestrian,86,Male,None Noted,None Noted,None Noted,741,Dash,0,Not a Cyclist,Not At Intersection,Not a Cyclist,Travel Lane,Not a Cyclist,Not Applicable,Not a Cyclist,Not Applicable,Not Applicable,Not Applicable,8,Not Applicable,740,Dash/Dart-Out,0,Not a Cyclist,
1,10449,0,1,5,Pedestrian,10,Female,None Noted,None Noted,None Noted,741,Dash,0,Not a Cyclist,Not At Intersection,Not a Cyclist,Travel Lane,Not a Cyclist,Not Applicable,Not a Cyclist,Not Applicable,Not Applicable,Not Applicable,8,Not Applicable,740,Dash/Dart-Out,0,Not a Cyclist,
37,370571,0,1,5,Pedestrian,54,Male,None Noted,None Noted,None Noted,741,Dash,0,Not a Cyclist,Not At Intersection,Not a Cyclist,Travel Lane,Not a Cyclist,Not Applicable,Not a Cyclist,Not Applicable,Not Applicable,Not Applicable,8,Not Applicable,740,Dash/Dart-Out,0,Not a Cyclist,
37,370571,0,2,5,Pedestrian,49,Male,None Noted,None Noted,None Noted,741,Dash,0,Not a Cyclist,Not At Intersection,Not a Cyclist,Travel Lane,Not a Cyclist,Not Applicable,Not a Cyclist,Not Applicable,Not Applicable,Not Applicable,8,Not Applicable,740,Dash/Dart-Out,0,Not a Cyclist,
37,370296,0,1,5,Pedestrian,11,Female,None Noted,None Noted,None Noted,741,Dash,0,Not a Cyclist,Not At Intersection,Not a Cyclist,Travel Lane,Not a Cyclist,Not Applicable,Not a Cyclist,Not Applicable,Not Applicable,Not Applicable,8,Not Applicable,740,Dash/Dart-Out,0,Not a Cyclist,
48,480539,0,1,5,Pedestrian,59,Male,None Noted,None Noted,None Noted,741,Dash,0,Not a Cyclist,Not At Intersection,Not a Cyclist,Travel Lane,Not a Cyclist,Not Applicable,Not a Cyclist,Not Applicable,Not Applicable,Not Applicable,8,Not Applicable,740,Dash/Dart-Out,0,Not a Cyclist,
41,410080,0,1,5,Pedestrian,44,Female,None Noted,None Noted,None Noted,741,Dash,0,Not a Cyclist,Not At Intersection,Not a Cyclist,Travel Lane,Not a Cyclist,Not Applicable,Not a Cyclist,Not Applicable,Not Applicable,Not Applicable,8,Not Applicable,740,Dash/Dart-Out,0,Not a Cyclist,
49,490062,0,1,5,Pedestrian,3,Female,None Noted,None Noted,None Noted,741,Dash,0,Not a Cyclist,Not At Intersection,Not a Cyclist,Travel Lane,Not a Cyclist,Not Applicable,Not a Cyclist,Not Applicable,Not Applicable,Not Applicable,8,Not Applicable,740,Dash/Dart-Out,0,Not a Cyclist,
48,480926,0,1,5,Pedestrian,41,Male,None Noted,None Noted,None Noted,741,Dash,0,Not a Cyclist,Not At Intersection,Not a Cyclist,Travel Lane,Not a Cyclist,Not Applicable,Not a Cyclist,Not Applicable,Not Applicable,Not Applicable,8,Not Applicable,740,Dash/Dart-Out,0,Not a Cyclist,
48,481925,0,1,5,Pedestrian,42,Male,None Noted,None Noted,None Noted,741,Dash,0,Not a Cyclist,Not At Intersection,Not a Cyclist,Travel Lane,Not a Cyclist,Not Applicable,Not a Cyclist,Not Applicable,Not Applicable,Not Applicable,8,Not Applicable,740,Dash/Dart-Out,0,Not a Cyclist,
47,470021,0,1,5,Pedestrian,23,Male,None Noted,None Noted,None Noted,741,Dash,0,Not a Cyclist,Not At Intersection,Not a Cyclist,Travel Lane,Not a Cyclist,Not Applicable,Not a Cyclist,Not Applicable,Not Applicable,Not Applicable,8,Not Applicable,740,Dash/Dart-Out,0,Not a Cyclist,
47,470023,0,1,5,Pedestrian,35,Male,None Noted,None Noted,None Noted,741,Dash,0,Not a Cyclist,Not At Intersection,Not a Cyclist,Travel Lane,Not a Cyclist,Not Applicable,Not a Cyclist,Not Applicable,Not Applicable,Not Applicable,8,Not Applicable,740,Dash/Dart-Out,0,Not a Cyclist,
13,130081,0,1,5,Pedestrian,28,Female,None Noted,None Noted,None Noted,741,Dash,0,Not a Cyclist,Not At Intersection,Not a Cyclist,Travel Lane,Not a Cyclist,Not Applicable,Not a Cyclist,Not Applicable,Not Applicable,Not Applicable,8,Not Applicable,740,Dash/Dart-Out,0,Not a Cyclist,
13,130095,0,1,5,Pedestrian,32,Male,None Noted,None Noted,None Noted,741,Dash,0,Not a Cyclist,Not At Intersection,Not a Cyclist,Travel Lane,Not a Cyclist,Not Applicable,Not a Cyclist,Not Applicable,Not Applicable,Not Applicable,8,Not Applicable,740,Dash/Dart-Out,0,Not a Cyclist,
12,122762,0,1,5,Pedestrian,24,Male,None Noted,None Noted,None Noted,741,Dash,0,Not a Cyclist,Not At Intersection,Not a Cyclist,Travel Lane,Not a Cyclist,Not Applicable,Not a Cyclist,Not Applicable,Not Applicable,Not Applicable,8,Not Applicable,740,Dash/Dart-Out,0,Not a Cyclist,
13,130386,0,1,5,Pedestrian,49,Female,None Noted,None Noted,None Noted,741,Dash,0,Not a Cyclist,Not At Intersection,Not a Cyclist,Travel Lane,Not a Cyclist,Not Applicable,Not a Cyclist,Not Applicable,Not Applicable,Not Applicable,8,Not Applicable,740,Dash/Dart-Out,0,Not a Cyclist,
13,130183,0,1,5,Pedestrian,49,Male,None Noted,None Noted,None Noted,741,Dash,0,Not a Cyclist,Not At Intersection,Not a Cyclist,Travel Lane,Not a Cyclist,Not Applicable,Not a Cyclist,Not Applicable,Not Applicable,Not Applicable,8,Not Applicable,740,Dash/Dart-Out,0,Not a Cyclist,
13,130913,0,1,5,Pedestrian,68,Male,None Noted,None Noted,None Noted,741,Dash,0,Not a Cyclist,Not At Intersection,Not a Cyclist,Travel Lane,Not a Cyclist,Not Applicable,Not a Cyclist,Not Applicable,Not Applicable,Not Applicable,8,Not Applicable,740,Dash/Dart-Out,0,Not a Cyclist,
48,480392,0,1,5,Pedestrian,50,Male,None Noted,None Noted,None Noted,741,Dash,0,Not a Cyclist,Not At Intersection,Not a Cyclist,Travel Lane,Not a Cyclist,Not Applicable,Not a Cyclist,Not Applicable,Not Applicable,Not Applicable,8,Not Applicable,740,Dash/Dart-Out,0,Not a Cyclist,
32,320274,0,1,5,Pedestrian,39,Male,None Noted,None Noted,None Noted,741,Dash,0,Not a Cyclist,Not At Intersection,Not a Cyclist,Travel Lane,Not a Cyclist,Not Applicable,Not a Cyclist,Not Applicable,Not Applicable,Not Applicable,8,Not Applicable,740,Dash/Dart-Out,0,Not a Cyclist,
39,390214,0,1,5,Pedestrian,10,Male,None Noted,None Noted,None Noted,741,Dash,0,Not a Cyclist,Not At Intersection,Not a Cyclist,Travel Lane,Not a Cyclist,Not Applicable,Not a Cyclist,Not Applicable,Not Applicable,Not Applicable,8,Not Applicable,740,Dash/Dart-Out,0,Not a Cyclist,
39,391027,0,1,5,Pedestrian,49,Male,Yes,None Noted,None Noted,741,Dash,0,Not a Cyclist,Not At Intersection,Not a Cyclist,Travel Lane,Not a Cyclist,Not Applicable,Not a Cyclist,Not Applicable,Not Applicable,Not Applicable,8,Not Applicable,740,Dash/Dart-Out,0,Not a Cyclist,
39,390767,0,1,5,Pedestrian,68,Male,None Noted,None Noted,None Noted,741,Dash,0,Not a Cyclist,Not At Intersection,Not a Cyclist,Travel Lane,Not a Cyclist,Not Applicable,Not a Cyclist,Not Applicable,Not Applicable,Not Applicable,8,Not Applicable,740,Dash/Dart-Out,0,Not a Cyclist,