state_number,consecutive_number,vehicle_number,person_number,person_type,person_type_name,age,sex,marked_crosswalk_present,sidewalk_present,school_zone,crash_type_pedestrian,crash_type_pedestrian_name,crash_type_bicycle,crash_type_bicycle_name,crash_location_pedestrian,crash_location_bicycle,pedestrian_position,bicyclist_position,pedestrian_initial_direction_of_travel,bicyclist_initial_direction_of_travel,motorist_initial_direction_of_travel,motorist_maneuver,intersection_leg,pedestrian_scenario,pedestrian_scenario_name,crash_group_pedestrian,crash_group_pedestrian_name,crash_group_bicycle,crash_group_bicycle_name
48,481962,0,1,5,Pedestrian,24,Male,None Noted,None Noted,None Noted,230,Disabled Vehicle-Related,0,Not a Cyclist,Not At Intersection,Not a Cyclist,Travel Lane,Not a Cyclist,Not Applicable,Not a Cyclist,Not Applicable,Not Applicable,Not Applicable,8,Not Applicable,100,Unusual Circumstances,0,Not a Cyclist,
48,482016,0,1,5,Pedestrian,57,Male,None Noted,None Noted,None Noted,230,Disabled Vehicle-Related,0,Not a Cyclist,Not At Intersection,Not a Cyclist,Travel Lane,Not a Cyclist,Not Applicable,Not a Cyclist,Not Applicable,Not Applicable,Not Applicable,8,Not Applicable,100,Unusual Circumstances,0,Not a Cyclist,
48,481936,0,1,5,Pedestrian,21,Male,None Noted,None Noted,None Noted,230,Disabled Vehicle-Related,0,Not a Cyclist,Not At Intersection,Not a Cyclist,Travel Lane,Not a Cyclist,Not Applicable,Not a Cyclist,Not Applicable,Not Applicable,Not Applicable,8,Not Applicable,100,Unusual Circumstances,0,Not a Cyclist,
48,481585,0,1,5,Pedestrian,31,Male,None Noted,None Noted,None Noted,230,Disabled Vehicle-Related,0,Not a Cyclist,Not At Intersection,Not a Cyclist,Travel Lane,Not a Cyclist,Not Applicable,Not a Cyclist,Not Applicable,Not Applicable,Not Applicable,8,Not Applicable,100,Unusual Circumstances,0,Not a Cyclist,
48,481884,0,1,5,Pedestrian,77,Male,None Noted,None Noted,None Noted,230,Disabled Vehicle-Related,0,Not a Cyclist,Not At Intersection,Not a Cyclist,Travel Lane,Not a Cyclist,Not Applicable,Not a Cyclist,Not Applicable,Not Applicable,Not Applicable,8,Not Applicable,100,Unusual Circumstances,0,Not a Cyclist,
56,560031,0,1,5,Pedestrian,34,Male,None Noted,None Noted,None Noted,140,Vehicle-Vehicle/Object,0,Not a Cyclist,Not At Intersection,Not a Cyclist,Other/Unknown,Not a Cyclist,Not Applicable,Not a Cyclist,Not Applicable,Not Applicable,Not Applicable,8,Not Applicable,100,Unusual Circumstances,0,Not a Cyclist,
10,100118,0,1,5,Pedestrian,45,Male,None Noted,None Noted,None Noted,140,Vehicle-Vehicle/Object,0,Not a Cyclist,Not At Intersection,Not a Cyclist,Travel Lane,Not a Cyclist,Not Applicable,Not a Cyclist,Not Applicable,Not Applicable,Not Applicable,8,Not Applicable,100,Unusual Circumstances,0,Not a Cyclist,
34,340070,0,1,5,Pedestrian,38,Male,None Noted,None Noted,None Noted,140,Vehicle-Vehicle/Object,0,Not a Cyclist,Not At Intersection,Not a Cyclist,Paved Shoulder/Bicycle Lane/Parking Lane,Not a Cyclist,Not Applicable,Not a Cyclist,Not Applicable,Not Applicable,Not Applicable,8,Not Applicable,100,Unusual Circumstances,0,Not a Cyclist,
29,290657,0,1,5,Pedestrian,56,Male,None Noted,None Noted,None Noted,140,Vehicle-Vehicle/Object,0,Not a Cyclist,Not At Intersection,Not a Cyclist,Travel Lane,Not a Cyclist,Not Applicable,Not a Cyclist,Not Applicable,Not Applicable,Not Applicable,8,Not Applicable,100,Unusual Circumstances,0,Not a Cyclist,
29,290674,0,1,5,Pedestrian,47,Male,None Noted,None Noted,None Noted,140,Vehicle-Vehicle/Object,0,Not a Cyclist,Not At Intersection,Not a Cyclist,Travel Lane,Not a Cyclist,Not Applicable,Not a Cyclist,Not Applicable,Not Applicable,Not Applicable,8,Not Applicable,100,Unusual Circumstances,0,Not a Cyclist,
48,482596,0,1,5,Pedestrian,55,Male,None Noted,None Noted,None Noted,140,Vehicle-Vehicle/Object,0,Not a Cyclist,Not At Intersection,Not a Cyclist,Paved Shoulder/Bicycle Lane/Parking Lane,Not a Cyclist,Not Applicable,Not a Cyclist,Not Applicable,Not Applicable,Not Applicable,8,Not Applicable,100,Unusual Circumstances,0,Not a Cyclist,
48,481713,0,1,5,Pedestrian,57,Male,None Noted,None Noted,None Noted,140,Vehicle-Vehicle/Object,0,Not a Cyclist,Not At Intersection,Not a Cyclist,Travel Lane,Not a Cyclist,Not Applicable,Not a Cyclist,Not Applicable,Not Applicable,Not Applicable,8,Not Applicable,100,Unusual Circumstances,0,Not a Cyclist,
48,481713,0,2,5,Pedestrian,30,Male,None Noted,None Noted,None Noted,140,Vehicle-Vehicle/Object,0,Not a Cyclist,Not At Intersection,Not a Cyclist,Travel Lane,Not a Cyclist,Not Applicable,Not a Cyclist,Not Applicable,Not Applicable,Not Applicable,8,Not Applicable,100,Unusual Circumstances,0,Not a Cyclist,
48,480224,0,1,5,Pedestrian,999,Male,None Noted,None Noted,None Noted,140,Vehicle-Vehicle/Object,0,Not a Cyclist,Not At Intersection,Not a Cyclist,Travel Lane,Not a Cyclist,Not Applicable,Not a Cyclist,Not Applicable,Not Applicable,Not Applicable,8,Not Applicable,100,Unusual Circumstances,0,Not a Cyclist,
25,250222,0,3,5,Pedestrian,29,Female,None Noted,None Noted,None Noted,140,Vehicle-Vehicle/Object,0,Not a Cyclist,Not At Intersection,Not a Cyclist,Paved Shoulder/Bicycle Lane/Parking Lane,Not a Cyclist,Not Applicable,Not a Cyclist,Not Applicable,Not Applicable,Not Applicable,8,Not Applicable,100,Unusual Circumstances,0,Not a Cyclist,
48,480751,0,1,5,Pedestrian,45,Male,None Noted,None Noted,None Noted,140,Vehicle-Vehicle/Object,0,Not a Cyclist,Not At Intersection,Not a Cyclist,Travel Lane,Not a Cyclist,Not Applicable,Not a Cyclist,Not Applicable,Not Applicable,Not Applicable,8,Not Applicable,100,Unusual Circumstances,0,Not a Cyclist,
48,480751,0,3,5,Pedestrian,30,Female,None Noted,None Noted,None Noted,140,Vehicle-Vehicle/Object,0,Not a Cyclist,Not At Intersection,Not a Cyclist,Travel Lane,Not a Cyclist,Not Applicable,Not a Cyclist,Not Applicable,Not Applicable,Not Applicable,8,Not Applicable,100,Unusual Circumstances,0,Not a Cyclist,
48,480751,0,5,5,Pedestrian,43,Female,None Noted,None Noted,None Noted,140,Vehicle-Vehicle/Object,0,Not a Cyclist,Not At Intersection,Not a Cyclist,Travel Lane,Not a Cyclist,Not Applicable,Not a Cyclist,Not Applicable,Not Applicable,Not Applicable,8,Not Applicable,100,Unusual Circumstances,0,Not a Cyclist,
48,480751,0,7,5,Pedestrian,25,Male,None Noted,None Noted,None Noted,140,Vehicle-Vehicle/Object,0,Not a Cyclist,Not At Intersection,Not a Cyclist,Travel Lane,Not a Cyclist,Not Applicable,Not a Cyclist,Not Applicable,Not Applicable,Not Applicable,8,Not Applicable,100,Unusual Circumstances,0,Not a Cyclist,
30,300136,0,1,5,Pedestrian,50,Male,None Noted,None Noted,None Noted,140,Vehicle-Vehicle/Object,0,Not a Cyclist,Not At Intersection,Not a Cyclist,Travel Lane,Not a Cyclist,Not Applicable,Not a Cyclist,Not Applicable,Not Applicable,Not Applicable,8,Not Applicable,100,Unusual Circumstances,0,Not a Cyclist,
25,250222,0,1,5,Pedestrian,21,Male,None Noted,None Noted,None Noted,140,Vehicle-Vehicle/Object,0,Not a Cyclist,Not At Intersection,Not a Cyclist,Paved Shoulder/Bicycle Lane/Parking Lane,Not a Cyclist,Not Applicable,Not a Cyclist,Not Applicable,Not Applicable,Not Applicable,8,Not Applicable,100,Unusual Circumstances,0,Not a Cyclist,
48,480751,0,9,5,Pedestrian,42,Female,None Noted,None Noted,None Noted,140,Vehicle-Vehicle/Object,0,Not a Cyclist,Not At Intersection,Not a Cyclist,Travel Lane,Not a Cyclist,Not Applicable,Not a Cyclist,Not Applicable,Not Applicable,Not Applicable,8,Not Applicable,100,Unusual Circumstances,0,Not a Cyclist,
25,250222,0,4,5,Pedestrian,33,Male,None Noted,None Noted,None Noted,140,Vehicle-Vehicle/Object,0,Not a Cyclist,Not At Intersection,Not a Cyclist,Paved Shoulder/Bicycle Lane/Parking Lane,Not a Cyclist,Not Applicable,Not a Cyclist,Not Applicable,Not Applicable,Not Applicable,8,Not Applicable,100,Unusual Circumstances,0,Not a Cyclist,
34,340221,0,1,5,Pedestrian,45,Male,None Noted,None Noted,None Noted,140,Vehicle-Vehicle/Object,0,Not a Cyclist,Not At Intersection,Not a Cyclist,Travel Lane,Not a Cyclist,Not Applicable,Not a Cyclist,Not Applicable,Not Applicable,Not Applicable,8,Not Applicable,100,Unusual Circumstances,0,Not a Cyclist,
48,480751,0,8,5,Pedestrian,24,Male,None Noted,None Noted,None Noted,140,Vehicle-Vehicle/Object,0,Not a Cyclist,Not At Intersection,Not a Cyclist,Travel Lane,Not a Cyclist,Not Applicable,Not a Cyclist,Not Applicable,Not Applicable,Not Applicable,8,Not Applicable,100,Unusual Circumstances,0,Not a Cyclist,
28,280491,0,1,5,Pedestrian,23,Female,None Noted,None Noted,None Noted,140,Vehicle-Vehicle/Object,0,Not a Cyclist,Not At Intersection,Not a Cyclist,Travel Lane,Not a Cyclist,Not Applicable,Not a Cyclist,Not Applicable,Not Applicable,Not Applicable,8,Not Applicable,100,Unusual Circumstances,0,Not a Cyclist,
27,270176,0,1,5,Pedestrian,46,Male,None Noted,None Noted,None Noted,140,Vehicle-Vehicle/Object,0,Not a Cyclist,Not At Intersection,Not a Cyclist,Unpaved Right-of-Way,Not a Cyclist,Not Applicable,Not a Cyclist,Not Applicable,Not Applicable,Not Applicable,8,Not Applicable,100,Unusual Circumstances,0,Not a Cyclist,
25,250222,0,2,5,Pedestrian,22,Male,None Noted,None Noted,None Noted,140,Vehicle-Vehicle/Object,0,Not a Cyclist,Not At Intersection,Not a Cyclist,Paved Shoulder/Bicycle Lane/Parking Lane,Not a Cyclist,Not Applicable,Not a Cyclist,Not Applicable,Not Applicable,Not Applicable,8,Not Applicable,100,Unusual Circumstances,0,Not a Cyclist,
48,482777,0,1,5,Pedestrian,32,Male,None Noted,None Noted,None Noted,140,Vehicle-Vehicle/Object,0,Not a Cyclist,Not At Intersection,Not a Cyclist,Paved Shoulder/Bicycle Lane/Parking Lane,Not a Cyclist,Not Applicable,Not a Cyclist,Not Applicable,Not Applicable,Not Applicable,8,Not Applicable,100,Unusual Circumstances,0,Not a Cyclist,
48,482777,0,2,5,Pedestrian,19,Female,None Noted,None Noted,None Noted,140,Vehicle-Vehicle/Object,0,Not a Cyclist,Not At Intersection,Not a Cyclist,Paved Shoulder/Bicycle Lane/Parking Lane,Not a Cyclist,Not Applicable,Not a Cyclist,Not Applicable,Not Applicable,Not Applicable,8,Not Applicable,100,Unusual Circumstances,0,Not a Cyclist,
48,481315,0,1,5,Pedestrian,47,Male,None Noted,None Noted,None Noted,140,Vehicle-Vehicle/Object,0,Not a Cyclist,Not At Intersection,Not a Cyclist,Other/Unknown,Not a Cyclist,Not Applicable,Not a Cyclist,Not Applicable,Not Applicable,Not Applicable,8,Not Applicable,100,Unusual Circumstances,0,Not a Cyclist,
1,10777,0,1,5,Pedestrian,30,Female,None Noted,None Noted,None Noted,140,Vehicle-Vehicle/Object,0,Not a Cyclist,Not At Intersection,Not a Cyclist,Unpaved Right-of-Way,Not a Cyclist,Not Applicable,Not a Cyclist,Not Applicable,Not Applicable,Not Applicable,8,Not Applicable,100,Unusual Circumstances,0,Not a Cyclist,
1,10777,0,2,5,Pedestrian,3,Male,None Noted,None Noted,None Noted,140,Vehicle-Vehicle/Object,0,Not a Cyclist,Not At Intersection,Not a Cyclist,Unpaved Right-of-Way,Not a Cyclist,Not Applicable,Not a Cyclist,Not Applicable,Not Applicable,Not Applicable,8,Not Applicable,100,Unusual Circumstances,0,Not a Cyclist,
9,90114,0,2,5,Pedestrian,73,Male,None Noted,None Noted,None Noted,140,Vehicle-Vehicle/Object,0,Not a Cyclist,Not At Intersection,Not a Cyclist,Travel Lane,Not a Cyclist,Not Applicable,Not a Cyclist,Not Applicable,Not Applicable,Not Applicable,8,Not Applicable,100,Unusual Circumstances,0,Not a Cyclist,
4,40002,0,2,5,Pedestrian,55,Male,None Noted,None Noted,None Noted,140,Vehicle-Vehicle/Object,0,Not a Cyclist,Not At Intersection,Not a Cyclist,Unpaved Right-of-Way,Not a Cyclist,Not Applicable,Not a Cyclist,Not Applicable,Not Applicable,Not Applicable,8,Not Applicable,100,Unusual Circumstances,0,Not a Cyclist,
17,170039,0,1,5,Pedestrian,59,Male,None Noted,None Noted,None Noted,240,Emergency Vehicle-Related,0,Not a Cyclist,Not At Intersection,Not a Cyclist,Paved Shoulder/Bicycle Lane/Parking Lane,Not a Cyclist,Not Applicable,Not a Cyclist,Not Applicable,Not Applicable,Not Applicable,8,Not Applicable,100,Unusual Circumstances,0,Not a Cyclist,
48,480751,0,2,5,Pedestrian,42,Female,None Noted,None Noted,None Noted,140,Vehicle-Vehicle/Object,0,Not a Cyclist,Not At Intersection,Not a Cyclist,Travel Lane,Not a Cyclist,Not Applicable,Not a Cyclist,Not Applicable,Not Applicable,Not Applicable,8,Not Applicable,100,Unusual Circumstances,0,Not a Cyclist,
48,480791,0,1,5,Pedestrian,36,Male,None Noted,None Noted,None Noted,140,Vehicle-Vehicle/Object,0,Not a Cyclist,Not At Intersection,Not a Cyclist,Travel Lane,Not a Cyclist,Not Applicable,Not a Cyclist,Not Applicable,Not Applicable,Not Applicable,8,Not Applicable,100,Unusual Circumstances,0,Not a Cyclist,
48,480990,0,2,5,Pedestrian,43,Male,None Noted,None Noted,None Noted,140,Vehicle-Vehicle/Object,0,Not a Cyclist,Not At Intersection,Not a Cyclist,Travel Lane,Not a Cyclist,Not Applicable,Not a Cyclist,Not Applicable,Not Applicable,Not Applicable,8,Not Applicable,100,Unusual Circumstances,0,Not a Cyclist,
42,420122,0,1,5,Pedestrian,53,Male,None Noted,None Noted,None Noted,140,Vehicle-Vehicle/Object,0,Not a Cyclist,Not At Intersection,Not a Cyclist,Travel Lane,Not a Cyclist,Not Applicable,Not a Cyclist,Not Applicable,Not Applicable,Not Applicable,8,Not Applicable,100,Unusual Circumstances,0,Not a Cyclist,
42,420114,0,1,5,Pedestrian,52,Female,None Noted,None Noted,None Noted,140,Vehicle-Vehicle/Object,0,Not a Cyclist,Not At Intersection,Not a Cyclist,Travel Lane,Not a Cyclist,Not Applicable,Not a Cyclist,Not Applicable,Not Applicable,Not Applicable,8,Not Applicable,100,Unusual Circumstances,0,Not a Cyclist,
42,420085,0,1,5,Pedestrian,31,Male,None Noted,None Noted,None Noted,140,Vehicle-Vehicle/Object,0,Not a Cyclist,Not At Intersection,Not a Cyclist,Travel Lane,Not a Cyclist,Not Applicable,Not a Cyclist,Not Applicable,Not Applicable,Not Applicable,8,Not Applicable,100,Unusual Circumstances,0,Not a Cyclist,
48,481801,0,1,5,Pedestrian,36,Male,None Noted,None Noted,None Noted,140,Vehicle-Vehicle/Object,0,Not a Cyclist,Not At Intersection,Not a Cyclist,Travel Lane,Not a Cyclist,Not Applicable,Not a Cyclist,Not Applicable,Not Applicable,Not Applicable,8,Not Applicable,100,Unusual Circumstances,0,Not a Cyclist,
48,482985,0,1,5,Pedestrian,28,Female,None Noted,None Noted,None Noted,140,Vehicle-Vehicle/Object,0,Not a Cyclist,Not At Intersection,Not a Cyclist,Travel Lane,Not a Cyclist,Not Applicable,Not a Cyclist,Not Applicable,Not Applicable,Not Applicable,8,Not Applicable,100,Unusual Circumstances,0,Not a Cyclist,
48,483229,0,1,5,Pedestrian,36,Female,None Noted,None Noted,None Noted,140,Vehicle-Vehicle/Object,0,Not a Cyclist,Not At Intersection,Not a Cyclist,Paved Shoulder/Bicycle Lane/Parking Lane,Not a Cyclist,Not Applicable,Not a Cyclist,Not Applicable,Not Applicable,Not Applicable,8,Not Applicable,100,Unusual Circumstances,0,Not a Cyclist,
48,480990,0,1,5,Pedestrian,36,Male,None Noted,None Noted,None Noted,140,Vehicle-Vehicle/Object,0,Not a Cyclist,Not At Intersection,Not a Cyclist,Travel Lane,Not a Cyclist,Not Applicable,Not a Cyclist,Not Applicable,Not Applicable,Not Applicable,8,Not Applicable,100,Unusual Circumstances,0,Not a Cyclist,
47,470049,0,1,5,Pedestrian,37,Male,None Noted,None Noted,None Noted,140,Vehicle-Vehicle/Object,0,Not a Cyclist,Not At Intersection,Not a Cyclist,Travel Lane,Not a Cyclist,Not Applicable,Not a Cyclist,Not Applicable,Not Applicable,Not Applicable,8,Not Applicable,100,Unusual Circumstances,0,Not a Cyclist,
39,390810,0,1,5,Pedestrian,28,Female,None Noted,None Noted,None Noted,150,Motor Vehicle Loss of Control,0,Not a Cyclist,Not At Intersection,Not a Cyclist,Travel Lane,Not a Cyclist,Not Applicable,Not a Cyclist,Not Applicable,Not Applicable,Not Applicable,8,Not Applicable,100,Unusual Circumstances,0,Not a Cyclist,
42,420058,0,1,5,Pedestrian,49,Male,None Noted,None Noted,None Noted,150,Motor Vehicle Loss of Control,0,Not a Cyclist,Not At Intersection,Not a Cyclist,Travel Lane,Not a Cyclist,Not Applicable,Not a Cyclist,Not Applicable,Not Applicable,Not Applicable,8,Not Applicable,100,Unusual Circumstances,0,Not a Cyclist,
24,240174,0,2,8,Person on Personal Conveyances,0,Male,None Noted,None Noted,None Noted,150,Motor Vehicle Loss of Control,0,Not a Cyclist,Not At Intersection,Not a Cyclist,Paved Shoulder/Bicycle Lane/Parking Lane,Not a Cyclist,Not Applicable,Not a Cyclist,Not Applicable,Not Applicable,Not Applicable,8,Not Applicable,100,Unusual Circumstances,0,Not a Cyclist,
1,10777,0,5,5,Pedestrian,9,Female,None Noted,None Noted,None Noted,140,Vehicle-Vehicle/Object,0,Not a Cyclist,Not At Intersection,Not a Cyclist,Unpaved Right-of-Way,Not a Cyclist,Not Applicable,Not a Cyclist,Not Applicable,Not Applicable,Not Applicable,8,Not Applicable,100,Unusual Circumstances,0,Not a Cyclist,
9,90114,0,1,5,Pedestrian,33,Female,None Noted,None Noted,None Noted,140,Vehicle-Vehicle/Object,0,Not a Cyclist,Not At Intersection,Not a Cyclist,Travel Lane,Not a Cyclist,Not Applicable,Not a Cyclist,Not Applicable,Not Applicable,Not Applicable,8,Not Applicable,100,Unusual Circumstances,0,Not a Cyclist,
34,340079,0,1,5,Pedestrian,18,Female,None Noted,None Noted,None Noted,140,Vehicle-Vehicle/Object,0,Not a Cyclist,Not At Intersection,Not a Cyclist,Travel Lane,Not a Cyclist,Not Applicable,Not a Cyclist,Not Applicable,Not Applicable,Not Applicable,8,Not Applicable,100,Unusual Circumstances,0,Not a Cyclist,
36,361009,0,2,5,Pedestrian,29,Female,None Noted,None Noted,None Noted,150,Motor Vehicle Loss of Control,0,Not a Cyclist,Not At Intersection,Not a Cyclist,Other/Unknown,Not a Cyclist,Not Applicable,Not a Cyclist,Not Applicable,Not Applicable,Not Applicable,8,Not Applicable,100,Unusual Circumstances,0,Not a Cyclist,
40,400010,0,1,5,Pedestrian,52,Female,None Noted,None Noted,None Noted,150,Motor Vehicle Loss of Control,0,Not a Cyclist,Not At Intersection,Not a Cyclist,Other/Unknown,Not a Cyclist,Not Applicable,Not a Cyclist,Not Applicable,Not Applicable,Not Applicable,8,Not Applicable,100,Unusual Circumstances,0,Not a Cyclist,
40,400010,0,2,5,Pedestrian,50,Male,None Noted,None Noted,None Noted,150,Motor Vehicle Loss of Control,0,Not a Cyclist,Not At Intersection,Not a Cyclist,Other/Unknown,Not a Cyclist,Not Applicable,Not a Cyclist,Not Applicable,Not Applicable,Not Applicable,8,Not Applicable,100,Unusual Circumstances,0,Not a Cyclist,
36,361009,0,1,5,Pedestrian,27,Male,None Noted,None Noted,None Noted,150,Motor Vehicle Loss of Control,0,Not a Cyclist,Not At Intersection,Not a Cyclist,Other/Unknown,Not a Cyclist,Not Applicable,Not a Cyclist,Not Applicable,Not Applicable,Not Applicable,8,Not Applicable,100,Unusual Circumstances,0,Not a Cyclist,
8,80053,0,1,5,Pedestrian,33,Male,None Noted,None Noted,None Noted,150,Motor Vehicle Loss of Control,0,Not a Cyclist,Not At Intersection,Not a Cyclist,Travel Lane,Not a Cyclist,Not Applicable,Not a Cyclist,Not Applicable,Not Applicable,Not Applicable,8,Not Applicable,100,Unusual Circumstances,0,Not a Cyclist,
48,481452,0,1,5,Pedestrian,55,Female,None Noted,None Noted,None Noted,150,Motor Vehicle Loss of Control,0,Not a Cyclist,Not At Intersection,Not a Cyclist,Travel Lane,Not a Cyclist,Not Applicable,Not a Cyclist,Not Applicable,Not Applicable,Not Applicable,8,Not Applicable,100,Unusual Circumstances,0,Not a Cyclist,
48,480711,0,1,5,Pedestrian,12,Male,None Noted,None Noted,None Noted,190,Other Unusual Circumstances,0,Not a Cyclist,Not At Intersection,Not a Cyclist,Travel Lane,Not a Cyclist,Not Applicable,Not a Cyclist,Not Applicable,Not Applicable,Not Applicable,8,Not Applicable,100,Unusual Circumstances,0,Not a Cyclist,
55,550479,0,1,5,Pedestrian,56,Female,None Noted,None Noted,None Noted,150,Motor Vehicle Loss of Control,0,Not a Cyclist,Not At Intersection,Not a Cyclist,Unpaved Right-of-Way,Not a Cyclist,Not Applicable,Not a Cyclist,Not Applicable,Not Applicable,Not Applicable,8,Not Applicable,100,Unusual Circumstances,0,Not a Cyclist,
55,550278,0,1,5,Pedestrian,13,Female,None Noted,None Noted,None Noted,150,Motor Vehicle Loss of Control,0,Not a Cyclist,Not At Intersection,Not a Cyclist,Unpaved Right-of-Way,Not a Cyclist,Not Applicable,Not a Cyclist,Not Applicable,Not Applicable,Not Applicable,8,Not Applicable,100,Unusual Circumstances,0,Not a Cyclist,
21,210295,0,2,5,Pedestrian,63,Female,None Noted,None Noted,None Noted,140,Vehicle-Vehicle/Object,0,Not a Cyclist,Not At Intersection,Not a Cyclist,Paved Shoulder/Bicycle Lane/Parking Lane,Not a Cyclist,Not Applicable,Not a Cyclist,Not Applicable,Not Applicable,Not Applicable,8,Not Applicable,100,Unusual Circumstances,0,Not a Cyclist,
48,482382,0,1,5,Pedestrian,53,Male,None Noted,None Noted,None Noted,190,Other Unusual Circumstances,0,Not a Cyclist,Not At Intersection,Not a Cyclist,Travel Lane,Not a Cyclist,Not Applicable,Not a Cyclist,Not Applicable,Not Applicable,Not Applicable,8,Not Applicable,100,Unusual Circumstances,0,Not a Cyclist,
48,480126,0,2,5,Pedestrian,20,Male,None Noted,None Noted,None Noted,190,Other Unusual Circumstances,0,Not a Cyclist,Not At Intersection,Not a Cyclist,Paved Shoulder/Bicycle Lane/Parking Lane,Not a Cyclist,Not Applicable,Not a Cyclist,Not Applicable,Not Applicable,Not Applicable,8,Not Applicable,100,Unusual Circumstances,0,Not a Cyclist,
25,250140,0,1,5,Pedestrian,41,Male,None Noted,None Noted,None Noted,140,Vehicle-Vehicle/Object,0,Not a Cyclist,Not At Intersection,Not a Cyclist,Travel Lane,Not a Cyclist,Not Applicable,Not a Cyclist,Not Applicable,Not Applicable,Not Applicable,8,Not Applicable,100,Unusual Circumstances,0,Not a Cyclist,
25,250051,0,1,5,Pedestrian,81,Male,None Noted,None Noted,None Noted,140,Vehicle-Vehicle/Object,0,Not a Cyclist,Not At Intersection,Not a Cyclist,Travel Lane,Not a Cyclist,Not Applicable,Not a Cyclist,Not Applicable,Not Applicable,Not Applicable,8,Not Applicable,100,Unusual Circumstances,0,Not a Cyclist,
29,290069,0,1,5,Pedestrian,58,Female,None Noted,None Noted,None Noted,140,Vehicle-Vehicle/Object,0,Not a Cyclist,Not At Intersection,Not a Cyclist,Travel Lane,Not a Cyclist,Not Applicable,Not a Cyclist,Not Applicable,Not Applicable,Not Applicable,8,Not Applicable,100,Unusual Circumstances,0,Not a Cyclist,
20,200047,0,1,5,Pedestrian,28,Male,None Noted,None Noted,None Noted,140,Vehicle-Vehicle/Object,0,Not a Cyclist,Not At Intersection,Not a Cyclist,Travel Lane,Not a Cyclist,Not Applicable,Not a Cyclist,Not Applicable,Not Applicable,Not Applicable,8,Not Applicable,100,Unusual Circumstances,0,Not a Cyclist,
21,210295,0,1,5,Pedestrian,70,Male,None Noted,None Noted,None Noted,140,Vehicle-Vehicle/Object,0,Not a Cyclist,Not At Intersection,Not a Cyclist,Paved Shoulder/Bicycle Lane/Parking Lane,Not a Cyclist,Not Applicable,Not a Cyclist,Not Applicable,Not Applicable,Not Applicable,8,Not Applicable,100,Unusual Circumstances,0,Not a Cyclist,
22,220531,0,1,5,Pedestrian,53,Male,None Noted,None Noted,None Noted,140,Vehicle-Vehicle/Object,0,Not a Cyclist,Not At Intersection,Not a Cyclist,Travel Lane,Not a Cyclist,Not Applicable,Not a Cyclist,Not Applicable,Not Applicable,Not Applicable,8,Not Applicable,100,Unusual Circumstances,0,Not a Cyclist,
12,120113,0,2,5,Pedestrian,29,Female,None Noted,None Noted,None Noted,140,Vehicle-Vehicle/Object,0,Not a Cyclist,Not At Intersection,Not a Cyclist,Travel Lane,Not a Cyclist,Not Applicable,Not a Cyclist,Not Applicable,Not Applicable,Not Applicable,8,Not Applicable,100,Unusual Circumstances,0,Not a Cyclist,
47,470103,0,1,5,Pedestrian,48,Female,None Noted,None Noted,None Noted,150,Motor Vehicle Loss of Control,0,Not a Cyclist,Not At Intersection,Not a Cyclist,Travel Lane,Not a Cyclist,Not Applicable,Not a Cyclist,Not Applicable,Not Applicable,Not Applicable,8,Not Applicable,100,Unusual Circumstances,0,Not a Cyclist,
47,470103,0,2,5,Pedestrian,48,Male,None Noted,None Noted,None Noted,150,Motor Vehicle Loss of Control,0,Not a Cyclist,Not At Intersection,Not a Cyclist,Travel Lane,Not a Cyclist,Not Applicable,Not a Cyclist,Not Applicable,Not Applicable,Not Applicable,8,Not Applicable,100,Unusual Circumstances,0,Not a Cyclist,
47,470103,0,3,5,Pedestrian,10,Male,None Noted,None Noted,None Noted,150,Motor Vehicle Loss of Control,0,Not a Cyclist,Not At Intersection,Not a Cyclist,Travel Lane,Not a Cyclist,Not Applicable,Not a Cyclist,Not Applicable,Not Applicable,Not Applicable,8,Not Applicable,100,Unusual Circumstances,0,Not a Cyclist,
47,470103,0,4,5,Pedestrian,34,Female,None Noted,None Noted,None Noted,150,Motor Vehicle Loss of Control,0,Not a Cyclist,Not At Intersection,Not a Cyclist,Travel Lane,Not a Cyclist,Not Applicable,Not a Cyclist,Not Applicable,Not Applicable,Not Applicable,8,Not Applicable,100,Unusual Circumstances,0,Not a Cyclist,
12,122446,0,1,5,Pedestrian,85,Male,None Noted,None Noted,None Noted,150,Motor Vehicle Loss of Control,0,Not a Cyclist,Not At Intersection,Not a Cyclist,Paved Shoulder/Bicycle Lane/Parking Lane,Not a Cyclist,Not Applicable,Not a Cyclist,Not Applicable,Not Applicable,Not Applicable,8,Not Applicable,100,Unusual Circumstances,0,Not a Cyclist,
48,481438,0,1,5,Pedestrian,20,Male,None Noted,None Noted,None Noted,150,Motor Vehicle Loss of Control,0,Not a Cyclist,Not At Intersection,Not a Cyclist,Unpaved Right-of-Way,Not a Cyclist,Not Applicable,Not a Cyclist,Not Applicable,Not Applicable,Not Applicable,8,Not Applicable,100,Unusual Circumstances,0,Not a Cyclist,
48,480751,0,6,5,Pedestrian,18,Female,None Noted,None Noted,None Noted,140,Vehicle-Vehicle/Object,0,Not a Cyclist,Not At Intersection,Not a Cyclist,Travel Lane,Not a Cyclist,Not Applicable,Not a Cyclist,Not Applicable,Not Applicable,Not Applicable,8,Not Applicable,100,Unusual Circumstances,0,Not a Cyclist,
31,310070,0,1,5,Pedestrian,38,Male,None Noted,None Noted,None Noted,140,Vehicle-Vehicle/Object,0,Not a Cyclist,Not At Intersection,Not a Cyclist,Travel Lane,Not a Cyclist,Not Applicable,Not a Cyclist,Not Applicable,Not Applicable,Not Applicable,8,Not Applicable,100,Unusual Circumstances,0,Not a Cyclist,
48,482504,0,1,5,Pedestrian,74,Male,None Noted,None Noted,None Noted,140,Vehicle-Vehicle/Object,0,Not a Cyclist,Not At Intersection,Not a Cyclist,Travel Lane,Not a Cyclist,Not Applicable,Not a Cyclist,Not Applicable,Not Applicable,Not Applicable,8,Not Applicable,100,Unusual Circumstances,0,Not a Cyclist,
48,483017,0,1,5,Pedestrian,28,Female,None Noted,None Noted,None Noted,140,Vehicle-Vehicle/Object,0,Not a Cyclist,Not At Intersection,Not a Cyclist,Travel Lane,Not a Cyclist,Not Applicable,Not a Cyclist,Not Applicable,Not Applicable,Not Applicable,8,Not Applicable,100,Unusual Circumstances,0,Not a Cyclist,
37,371044,0,1,5,Pedestrian,24,Male,None Noted,None Noted,None Noted,150,Motor Vehicle Loss of Control,0,Not a Cyclist,Not At Intersection,Not a Cyclist,Other/Unknown,Not a Cyclist,Not Applicable,Not a Cyclist,Not Applicable,Not Applicable,Not Applicable,8,Not Applicable,100,Unusual Circumstances,0,Not a Cyclist,