state_number,consecutive_number,vehicle_number,person_number,person_type,person_type_name,age,sex,marked_crosswalk_present,sidewalk_present,school_zone,crash_type_pedestrian,crash_type_pedestrian_name,crash_type_bicycle,crash_type_bicycle_name,crash_location_pedestrian,crash_location_bicycle,pedestrian_position,bicyclist_position,pedestrian_initial_direction_of_travel,bicyclist_initial_direction_of_travel,motorist_initial_direction_of_travel,motorist_maneuver,intersection_leg,pedestrian_scenario,pedestrian_scenario_name,crash_group_pedestrian,crash_group_pedestrian_name,crash_group_bicycle,crash_group_bicycle_name
1,10715,0,1,5,Pedestrian,60,Male,None Noted,None Noted,None Noted,680,Not At Intersection – Other/Unknown,0,Not a Cyclist,Not At Intersection,Not a Cyclist,Travel Lane,Not a Cyclist,Not Applicable,Not a Cyclist,Not Applicable,Not Applicable,Not Applicable,8,Not Applicable,990,Other/Unknown – Insufficient Details,0,Not a Cyclist,
1,10735,0,1,5,Pedestrian,33,Male,None Noted,None Noted,None Noted,680,Not At Intersection – Other/Unknown,0,Not a Cyclist,Not At Intersection,Not a Cyclist,Travel Lane,Not a Cyclist,Not Applicable,Not a Cyclist,Not Applicable,Not Applicable,Not Applicable,8,Not Applicable,990,Other/Unknown – Insufficient Details,0,Not a Cyclist,
5,50088,0,1,5,Pedestrian,25,Male,None Noted,None Noted,None Noted,680,Not At Intersection – Other/Unknown,0,Not a Cyclist,Not At Intersection,Not a Cyclist,Other/Unknown,Not a Cyclist,Not Applicable,Not a Cyclist,Not Applicable,Not Applicable,Not Applicable,8,Not Applicable,990,Other/Unknown – Insufficient Details,0,Not a Cyclist,
5,50129,0,1,5,Pedestrian,25,Male,None Noted,None Noted,None Noted,680,Not At Intersection – Other/Unknown,0,Not a Cyclist,Not At Intersection,Not a Cyclist,Paved Shoulder/Bicycle Lane/Parking Lane,Not a Cyclist,Not Applicable,Not a Cyclist,Not Applicable,Not Applicable,Not Applicable,8,Not Applicable,990,Other/Unknown – Insufficient Details,0,Not a Cyclist,
37,370446,0,1,5,Pedestrian,9,Male,None Noted,None Noted,None Noted,680,Not At Intersection – Other/Unknown,0,Not a Cyclist,Not At Intersection,Not a Cyclist,Travel Lane,Not a Cyclist,Not Applicable,Not a Cyclist,Not Applicable,Not Applicable,Not Applicable,8,Not Applicable,990,Other/Unknown – Insufficient Details,0,Not a Cyclist,
39,390274,0,1,5,Pedestrian,44,Male,None Noted,None Noted,None Noted,680,Not At Intersection – Other/Unknown,0,Not a Cyclist,Not At Intersection,Not a Cyclist,Travel Lane,Not a Cyclist,Not Applicable,Not a Cyclist,Not Applicable,Not Applicable,Not Applicable,8,Not Applicable,990,Other/Unknown – Insufficient Details,0,Not a Cyclist,
39,390274,0,3,5,Pedestrian,38,Female,None Noted,None Noted,None Noted,680,Not At Intersection – Other/Unknown,0,Not a Cyclist,Not At Intersection,Not a Cyclist,Travel Lane,Not a Cyclist,Not Applicable,Not a Cyclist,Not Applicable,Not Applicable,Not Applicable,8,Not Applicable,990,Other/Unknown – Insufficient Details,0,Not a Cyclist,
37,371093,0,1,5,Pedestrian,64,Male,None Noted,None Noted,None Noted,680,Not At Intersection – Other/Unknown,0,Not a Cyclist,Not At Intersection,Not a Cyclist,Travel Lane,Not a Cyclist,Not Applicable,Not a Cyclist,Not Applicable,Not Applicable,Not Applicable,8,Not Applicable,990,Other/Unknown – Insufficient Details,0,Not a Cyclist,
37,370464,0,1,5,Pedestrian,80,Female,None Noted,None Noted,None Noted,680,Not At Intersection – Other/Unknown,0,Not a Cyclist,Not At Intersection,Not a Cyclist,Travel Lane,Not a Cyclist,Not Applicable,Not a Cyclist,Not Applicable,Not Applicable,Not Applicable,8,Not Applicable,990,Other/Unknown – Insufficient Details,0,Not a Cyclist,
37,371064,0,1,5,Pedestrian,56,Female,None Noted,None Noted,None Noted,680,Not At Intersection – Other/Unknown,0,Not a Cyclist,Not At Intersection,Not a Cyclist,Travel Lane,Not a Cyclist,Not Applicable,Not a Cyclist,Not Applicable,Not Applicable,Not Applicable,8,Not Applicable,990,Other/Unknown – Insufficient Details,0,Not a Cyclist,
37,371067,0,1,5,Pedestrian,87,Male,None Noted,None Noted,None Noted,680,Not At Intersection – Other/Unknown,0,Not a Cyclist,Not At Intersection,Not a Cyclist,Travel Lane,Not a Cyclist,Not Applicable,Not a Cyclist,Not Applicable,Not Applicable,Not Applicable,8,Not Applicable,990,Other/Unknown – Insufficient Details,0,Not a Cyclist,
37,371154,0,1,5,Pedestrian,57,Male,None Noted,None Noted,None Noted,680,Not At Intersection – Other/Unknown,0,Not a Cyclist,Not At Intersection,Not a Cyclist,Travel Lane,Not a Cyclist,Not Applicable,Not a Cyclist,Not Applicable,Not Applicable,Not Applicable,8,Not Applicable,990,Other/Unknown – Insufficient Details,0,Not a Cyclist,
37,370184,0,1,5,Pedestrian,87,Male,None Noted,None Noted,None Noted,680,Not At Intersection – Other/Unknown,0,Not a Cyclist,Not At Intersection,Not a Cyclist,Paved Shoulder/Bicycle Lane/Parking Lane,Not a Cyclist,Not Applicable,Not a Cyclist,Not Applicable,Not Applicable,Not Applicable,8,Not Applicable,990,Other/Unknown – Insufficient Details,0,Not a Cyclist,
39,390741,0,1,5,Pedestrian,20,Male,None Noted,None Noted,None Noted,680,Not At Intersection – Other/Unknown,0,Not a Cyclist,Not At Intersection,Not a Cyclist,Other/Unknown,Not a Cyclist,Not Applicable,Not a Cyclist,Not Applicable,Not Applicable,Not Applicable,8,Not Applicable,990,Other/Unknown – Insufficient Details,0,Not a Cyclist,
39,390267,0,1,5,Pedestrian,20,Male,None Noted,None Noted,None Noted,680,Not At Intersection – Other/Unknown,0,Not a Cyclist,Not At Intersection,Not a Cyclist,Travel Lane,Not a Cyclist,Not Applicable,Not a Cyclist,Not Applicable,Not Applicable,Not Applicable,8,Not Applicable,990,Other/Unknown – Insufficient Details,0,Not a Cyclist,
37,370451,0,1,5,Pedestrian,53,Female,None Noted,None Noted,None Noted,680,Not At Intersection – Other/Unknown,0,Not a Cyclist,Not At Intersection,Not a Cyclist,Travel Lane,Not a Cyclist,Not Applicable,Not a Cyclist,Not Applicable,Not Applicable,Not Applicable,8,Not Applicable,990,Other/Unknown – Insufficient Details,0,Not a Cyclist,
12,120986,0,1,8,Person on Personal Conveyances,85,Male,None Noted,None Noted,None Noted,680,Not At Intersection – Other/Unknown,0,Not a Cyclist,Not At Intersection,Not a Cyclist,Travel Lane,Not a Cyclist,Not Applicable,Not a Cyclist,Not Applicable,Not Applicable,Not Applicable,8,Not Applicable,990,Other/Unknown – Insufficient Details,0,Not a Cyclist,
36,360487,0,1,8,Person on Personal Conveyances,20,Male,None Noted,None Noted,None Noted,680,Not At Intersection – Other/Unknown,0,Not a Cyclist,Not At Intersection,Not a Cyclist,Travel Lane,Not a Cyclist,Not Applicable,Not a Cyclist,Not Applicable,Not Applicable,Not Applicable,8,Not Applicable,990,Other/Unknown – Insufficient Details,0,Not a Cyclist,
22,220718,0,1,8,Person on Personal Conveyances,52,Male,None Noted,None Noted,None Noted,680,Not At Intersection – Other/Unknown,0,Not a Cyclist,Not At Intersection,Not a Cyclist,Travel Lane,Not a Cyclist,Not Applicable,Not a Cyclist,Not Applicable,Not Applicable,Not Applicable,8,Not Applicable,990,Other/Unknown – Insufficient Details,0,Not a Cyclist,
12,121346,0,1,8,Person on Personal Conveyances,20,Female,None Noted,None Noted,None Noted,680,Not At Intersection – Other/Unknown,0,Not a Cyclist,Not At Intersection,Not a Cyclist,Travel Lane,Not a Cyclist,Not Applicable,Not a Cyclist,Not Applicable,Not Applicable,Not Applicable,8,Not Applicable,990,Other/Unknown – Insufficient Details,0,Not a Cyclist,
13,130121,0,1,8,Person on Personal Conveyances,6,Male,None Noted,None Noted,None Noted,680,Not At Intersection – Other/Unknown,0,Not a Cyclist,Not At Intersection,Not a Cyclist,Travel Lane,Not a Cyclist,Not Applicable,Not a Cyclist,Not Applicable,Not Applicable,Not Applicable,8,Not Applicable,990,Other/Unknown – Insufficient Details,0,Not a Cyclist,
12,122722,0,1,8,Person on Personal Conveyances,48,Male,None Noted,None Noted,None Noted,680,Not At Intersection – Other/Unknown,0,Not a Cyclist,Not At Intersection,Not a Cyclist,Travel Lane,Not a Cyclist,Not Applicable,Not a Cyclist,Not Applicable,Not Applicable,Not Applicable,8,Not Applicable,990,Other/Unknown – Insufficient Details,0,Not a Cyclist,
12,121453,0,1,8,Person on Personal Conveyances,16,Male,None Noted,None Noted,None Noted,680,Not At Intersection – Other/Unknown,0,Not a Cyclist,Not At Intersection,Not a Cyclist,Travel Lane,Not a Cyclist,Not Applicable,Not a Cyclist,Not Applicable,Not Applicable,Not Applicable,8,Not Applicable,990,Other/Unknown – Insufficient Details,0,Not a Cyclist,
37,370139,0,1,5,Pedestrian,65,Male,None Noted,None Noted,None Noted,680,Not At Intersection – Other/Unknown,0,Not a Cyclist,Not At Intersection,Not a Cyclist,Travel Lane,Not a Cyclist,Not Applicable,Not a Cyclist,Not Applicable,Not Applicable,Not Applicable,8,Not Applicable,990,Other/Unknown – Insufficient Details,0,Not a Cyclist,
37,370071,0,1,5,Pedestrian,66,Male,None Noted,None Noted,None Noted,680,Not At Intersection – Other/Unknown,0,Not a Cyclist,Not At Intersection,Not a Cyclist,Travel Lane,Not a Cyclist,Not Applicable,Not a Cyclist,Not Applicable,Not Applicable,Not Applicable,8,Not Applicable,990,Other/Unknown – Insufficient Details,0,Not a Cyclist,
37,370709,0,2,5,Pedestrian,51,Male,None Noted,None Noted,None Noted,680,Not At Intersection – Other/Unknown,0,Not a Cyclist,Not At Intersection,Not a Cyclist,Unpaved Right-of-Way,Not a Cyclist,Not Applicable,Not a Cyclist,Not Applicable,Not Applicable,Not Applicable,8,Not Applicable,990,Other/Unknown – Insufficient Details,0,Not a Cyclist,
34,340360,0,1,5,Pedestrian,61,Male,None Noted,None Noted,None Noted,680,Not At Intersection – Other/Unknown,0,Not a Cyclist,Not At Intersection,Not a Cyclist,Travel Lane,Not a Cyclist,Not Applicable,Not a Cyclist,Not Applicable,Not Applicable,Not Applicable,8,Not Applicable,990,Other/Unknown – Insufficient Details,0,Not a Cyclist,
34,340105,0,1,5,Pedestrian,75,Male,None Noted,None Noted,None Noted,680,Not At Intersection – Other/Unknown,0,Not a Cyclist,Not At Intersection,Not a Cyclist,Travel Lane,Not a Cyclist,Not Applicable,Not a Cyclist,Not Applicable,Not Applicable,Not Applicable,8,Not Applicable,990,Other/Unknown – Insufficient Details,0,Not a Cyclist,
29,290697,0,1,5,Pedestrian,32,Male,None Noted,None Noted,None Noted,680,Not At Intersection – Other/Unknown,0,Not a Cyclist,Not At Intersection,Not a Cyclist,Travel Lane,Not a Cyclist,Not Applicable,Not a Cyclist,Not Applicable,Not Applicable,Not Applicable,8,Not Applicable,990,Other/Unknown – Insufficient Details,0,Not a Cyclist,
29,290515,0,1,5,Pedestrian,32,Male,None Noted,None Noted,None Noted,680,Not At Intersection – Other/Unknown,0,Not a Cyclist,Not At Intersection,Not a Cyclist,Travel Lane,Not a Cyclist,Not Applicable,Not a Cyclist,Not Applicable,Not Applicable,Not Applicable,8,Not Applicable,990,Other/Unknown – Insufficient Details,0,Not a Cyclist,
29,290817,0,1,5,Pedestrian,38,Male,None Noted,None Noted,None Noted,680,Not At Intersection – Other/Unknown,0,Not a Cyclist,Not At Intersection,Not a Cyclist,Travel Lane,Not a Cyclist,Not Applicable,Not a Cyclist,Not Applicable,Not Applicable,Not Applicable,8,Not Applicable,990,Other/Unknown – Insufficient Details,0,Not a Cyclist,
27,270270,0,1,5,Pedestrian,35,Male,None Noted,None Noted,None Noted,680,Not At Intersection – Other/Unknown,0,Not a Cyclist,Not At Intersection,Not a Cyclist,Travel Lane,Not a Cyclist,Not Applicable,Not a Cyclist,Not Applicable,Not Applicable,Not Applicable,8,Not Applicable,990,Other/Unknown – Insufficient Details,0,Not a Cyclist,
37,370847,0,1,5,Pedestrian,81,Female,None Noted,None Noted,None Noted,680,Not At Intersection – Other/Unknown,0,Not a Cyclist,Not At Intersection,Not a Cyclist,Travel Lane,Not a Cyclist,Not Applicable,Not a Cyclist,Not Applicable,Not Applicable,Not Applicable,8,Not Applicable,990,Other/Unknown – Insufficient Details,0,Not a Cyclist,
37,370767,0,1,5,Pedestrian,24,Male,None Noted,None Noted,None Noted,680,Not At Intersection – Other/Unknown,0,Not a Cyclist,Not At Intersection,Not a Cyclist,Travel Lane,Not a Cyclist,Not Applicable,Not a Cyclist,Not Applicable,Not Applicable,Not Applicable,8,Not Applicable,990,Other/Unknown – Insufficient Details,0,Not a Cyclist,
39,390274,0,2,5,Pedestrian,44,Female,None Noted,None Noted,None Noted,680,Not At Intersection – Other/Unknown,0,Not a Cyclist,Not At Intersection,Not a Cyclist,Travel Lane,Not a Cyclist,Not Applicable,Not a Cyclist,Not Applicable,Not Applicable,Not Applicable,8,Not Applicable,990,Other/Unknown – Insufficient Details,0,Not a Cyclist,
12,121484,0,1,8,Person on Personal Conveyances,39,Female,None Noted,None Noted,None Noted,680,Not At Intersection – Other/Unknown,0,Not a Cyclist,Not At Intersection,Not a Cyclist,Travel Lane,Not a Cyclist,Not Applicable,Not a Cyclist,Not Applicable,Not Applicable,Not Applicable,8,Not Applicable,990,Other/Unknown – Insufficient Details,0,Not a Cyclist,
38,380067,0,1,5,Pedestrian,1,Male,None Noted,None Noted,None Noted,680,Not At Intersection – Other/Unknown,0,Not a Cyclist,Not At Intersection,Not a Cyclist,Travel Lane,Not a Cyclist,Not Applicable,Not a Cyclist,Not Applicable,Not Applicable,Not Applicable,8,Not Applicable,990,Other/Unknown – Insufficient Details,0,Not a Cyclist,
39,391049,0,2,5,Pedestrian,44,Male,None Noted,None Noted,None Noted,680,Not At Intersection – Other/Unknown,0,Not a Cyclist,Not At Intersection,Not a Cyclist,Paved Shoulder/Bicycle Lane/Parking Lane,Not a Cyclist,Not Applicable,Not a Cyclist,Not Applicable,Not Applicable,Not Applicable,8,Not Applicable,990,Other/Unknown – Insufficient Details,0,Not a Cyclist,
39,390951,0,1,5,Pedestrian,26,Male,None Noted,None Noted,None Noted,680,Not At Intersection – Other/Unknown,0,Not a Cyclist,Not At Intersection,Not a Cyclist,Travel Lane,Not a Cyclist,Not Applicable,Not a Cyclist,Not Applicable,Not Applicable,Not Applicable,8,Not Applicable,990,Other/Unknown – Insufficient Details,0,Not a Cyclist,
12,121087,0,1,8,Person on Personal Conveyances,75,Female,Yes,None Noted,None Noted,680,Not At Intersection – Other/Unknown,0,Not a Cyclist,Not At Intersection,Not a Cyclist,Crosswalk Area,Not a Cyclist,Not Applicable,Not a Cyclist,Not Applicable,Not Applicable,Not Applicable,8,Not Applicable,990,Other/Unknown – Insufficient Details,0,Not a Cyclist,
37,371096,0,1,5,Pedestrian,51,Male,None Noted,None Noted,None Noted,680,Not At Intersection – Other/Unknown,0,Not a Cyclist,Not At Intersection,Not a Cyclist,Travel Lane,Not a Cyclist,Not Applicable,Not a Cyclist,Not Applicable,Not Applicable,Not Applicable,8,Not Applicable,990,Other/Unknown – Insufficient Details,0,Not a Cyclist,
35,350211,0,2,5,Pedestrian,22,Female,None Noted,None Noted,None Noted,680,Not At Intersection – Other/Unknown,0,Not a Cyclist,Not At Intersection,Not a Cyclist,Travel Lane,Not a Cyclist,Not Applicable,Not a Cyclist,Not Applicable,Not Applicable,Not Applicable,8,Not Applicable,990,Other/Unknown – Insufficient Details,0,Not a Cyclist,
24,240359,0,1,5,Pedestrian,18,Female,None Noted,None Noted,None Noted,680,Not At Intersection – Other/Unknown,0,Not a Cyclist,Not At Intersection,Not a Cyclist,Travel Lane,Not a Cyclist,Not Applicable,Not a Cyclist,Not Applicable,Not Applicable,Not Applicable,8,Not Applicable,990,Other/Unknown – Insufficient Details,0,Not a Cyclist,
17,170419,0,1,5,Pedestrian,54,Female,None Noted,None Noted,None Noted,680,Not At Intersection – Other/Unknown,0,Not a Cyclist,Not At Intersection,Not a Cyclist,Travel Lane,Not a Cyclist,Not Applicable,Not a Cyclist,Not Applicable,Not Applicable,Not Applicable,8,Not Applicable,990,Other/Unknown – Insufficient Details,0,Not a Cyclist,
24,240156,0,1,5,Pedestrian,59,Male,None Noted,None Noted,None Noted,680,Not At Intersection – Other/Unknown,0,Not a Cyclist,Not At Intersection,Not a Cyclist,Other/Unknown,Not a Cyclist,Not Applicable,Not a Cyclist,Not Applicable,Not Applicable,Not Applicable,8,Not Applicable,990,Other/Unknown – Insufficient Details,0,Not a Cyclist,
24,240098,0,1,5,Pedestrian,1,Male,None Noted,None Noted,None Noted,680,Not At Intersection – Other/Unknown,0,Not a Cyclist,Not At Intersection,Not a Cyclist,Travel Lane,Not a Cyclist,Not Applicable,Not a Cyclist,Not Applicable,Not Applicable,Not Applicable,8,Not Applicable,990,Other/Unknown – Insufficient Details,0,Not a Cyclist,
21,210529,0,1,5,Pedestrian,33,Female,None Noted,None Noted,None Noted,680,Not At Intersection – Other/Unknown,0,Not a Cyclist,Not At Intersection,Not a Cyclist,Travel Lane,Not a Cyclist,Not Applicable,Not a Cyclist,Not Applicable,Not Applicable,Not Applicable,8,Not Applicable,990,Other/Unknown – Insufficient Details,0,Not a Cyclist,
19,190225,0,1,5,Pedestrian,50,Female,None Noted,None Noted,None Noted,680,Not At Intersection – Other/Unknown,0,Not a Cyclist,Not At Intersection,Not a Cyclist,Other/Unknown,Not a Cyclist,Not Applicable,Not a Cyclist,Not Applicable,Not Applicable,Not Applicable,8,Not Applicable,990,Other/Unknown – Insufficient Details,0,Not a Cyclist,
22,220547,0,1,5,Pedestrian,42,Male,None Noted,None Noted,None Noted,680,Not At Intersection – Other/Unknown,0,Not a Cyclist,Not At Intersection,Not a Cyclist,Travel Lane,Not a Cyclist,Not Applicable,Not a Cyclist,Not Applicable,Not Applicable,Not Applicable,8,Not Applicable,990,Other/Unknown – Insufficient Details,0,Not a Cyclist,
22,220656,0,1,5,Pedestrian,34,Male,None Noted,None Noted,None Noted,680,Not At Intersection – Other/Unknown,0,Not a Cyclist,Not At Intersection,Not a Cyclist,Travel Lane,Not a Cyclist,Not Applicable,Not a Cyclist,Not Applicable,Not Applicable,Not Applicable,8,Not Applicable,990,Other/Unknown – Insufficient Details,0,Not a Cyclist,
36,360307,0,1,5,Pedestrian,3,Male,None Noted,None Noted,None Noted,680,Not At Intersection – Other/Unknown,0,Not a Cyclist,Not At Intersection,Not a Cyclist,Sidewalk/Shared-Use Path/Driveway Access,Not a Cyclist,Not Applicable,Not a Cyclist,Not Applicable,Not Applicable,Not Applicable,8,Not Applicable,990,Other/Unknown – Insufficient Details,0,Not a Cyclist,
24,240372,0,1,5,Pedestrian,33,Male,None Noted,None Noted,None Noted,680,Not At Intersection – Other/Unknown,0,Not a Cyclist,Not At Intersection,Not a Cyclist,Travel Lane,Not a Cyclist,Not Applicable,Not a Cyclist,Not Applicable,Not Applicable,Not Applicable,8,Not Applicable,990,Other/Unknown – Insufficient Details,0,Not a Cyclist,
35,350211,0,1,5,Pedestrian,26,Male,None Noted,None Noted,None Noted,680,Not At Intersection – Other/Unknown,0,Not a Cyclist,Not At Intersection,Not a Cyclist,Travel Lane,Not a Cyclist,Not Applicable,Not a Cyclist,Not Applicable,Not Applicable,Not Applicable,8,Not Applicable,990,Other/Unknown – Insufficient Details,0,Not a Cyclist,
24,240477,0,1,5,Pedestrian,45,Male,None Noted,None Noted,None Noted,680,Not At Intersection – Other/Unknown,0,Not a Cyclist,Not At Intersection,Not a Cyclist,Travel Lane,Not a Cyclist,Not Applicable,Not a Cyclist,Not Applicable,Not Applicable,Not Applicable,8,Not Applicable,990,Other/Unknown – Insufficient Details,0,Not a Cyclist,
26,260752,0,1,5,Pedestrian,70,Male,None Noted,None Noted,None Noted,680,Not At Intersection – Other/Unknown,0,Not a Cyclist,Not At Intersection,Not a Cyclist,Travel Lane,Not a Cyclist,Not Applicable,Not a Cyclist,Not Applicable,Not Applicable,Not Applicable,8,Not Applicable,990,Other/Unknown – Insufficient Details,0,Not a Cyclist,
24,240121,0,1,5,Pedestrian,35,Male,None Noted,None Noted,None Noted,680,Not At Intersection – Other/Unknown,0,Not a Cyclist,Not At Intersection,Not a Cyclist,Travel Lane,Not a Cyclist,Not Applicable,Not a Cyclist,Not Applicable,Not Applicable,Not Applicable,8,Not Applicable,990,Other/Unknown – Insufficient Details,0,Not a Cyclist,
12,122566,0,1,5,Pedestrian,60,Male,None Noted,None Noted,None Noted,680,Not At Intersection – Other/Unknown,0,Not a Cyclist,Not At Intersection,Not a Cyclist,Travel Lane,Not a Cyclist,Not Applicable,Not a Cyclist,Not Applicable,Not Applicable,Not Applicable,8,Not Applicable,990,Other/Unknown – Insufficient Details,0,Not a Cyclist,
12,122370,0,1,5,Pedestrian,54,Male,None Noted,None Noted,None Noted,680,Not At Intersection – Other/Unknown,0,Not a Cyclist,Not At Intersection,Not a Cyclist,Travel Lane,Not a Cyclist,Not Applicable,Not a Cyclist,Not Applicable,Not Applicable,Not Applicable,8,Not Applicable,990,Other/Unknown – Insufficient Details,0,Not a Cyclist,
12,122248,0,1,5,Pedestrian,78,Female,None Noted,None Noted,None Noted,680,Not At Intersection – Other/Unknown,0,Not a Cyclist,Not At Intersection,Not a Cyclist,Travel Lane,Not a Cyclist,Not Applicable,Not a Cyclist,Not Applicable,Not Applicable,Not Applicable,8,Not Applicable,990,Other/Unknown – Insufficient Details,0,Not a Cyclist,
12,122463,0,1,5,Pedestrian,38,Female,None Noted,None Noted,None Noted,680,Not At Intersection – Other/Unknown,0,Not a Cyclist,Not At Intersection,Not a Cyclist,Travel Lane,Not a Cyclist,Not Applicable,Not a Cyclist,Not Applicable,Not Applicable,Not Applicable,8,Not Applicable,990,Other/Unknown – Insufficient Details,0,Not a Cyclist,
37,371020,0,1,5,Pedestrian,22,Male,None Noted,None Noted,None Noted,680,Not At Intersection – Other/Unknown,0,Not a Cyclist,Not At Intersection,Not a Cyclist,Travel Lane,Not a Cyclist,Not Applicable,Not a Cyclist,Not Applicable,Not Applicable,Not Applicable,8,Not Applicable,990,Other/Unknown – Insufficient Details,0,Not a Cyclist,
26,260752,0,2,5,Pedestrian,69,Female,None Noted,None Noted,None Noted,680,Not At Intersection – Other/Unknown,0,Not a Cyclist,Not At Intersection,Not a Cyclist,Travel Lane,Not a Cyclist,Not Applicable,Not a Cyclist,Not Applicable,Not Applicable,Not Applicable,8,Not Applicable,990,Other/Unknown – Insufficient Details,0,Not a Cyclist,
26,260098,0,1,5,Pedestrian,53,Female,None Noted,None Noted,None Noted,680,Not At Intersection – Other/Unknown,0,Not a Cyclist,Not At Intersection,Not a Cyclist,Travel Lane,Not a Cyclist,Not Applicable,Not a Cyclist,Not Applicable,Not Applicable,Not Applicable,8,Not Applicable,990,Other/Unknown – Insufficient Details,0,Not a Cyclist,
28,280259,0,1,5,Pedestrian,23,Female,None Noted,None Noted,None Noted,680,Not At Intersection – Other/Unknown,0,Not a Cyclist,Not At Intersection,Not a Cyclist,Other/Unknown,Not a Cyclist,Not Applicable,Not a Cyclist,Not Applicable,Not Applicable,Not Applicable,8,Not Applicable,990,Other/Unknown – Insufficient Details,0,Not a Cyclist,
26,260005,0,1,5,Pedestrian,85,Male,None Noted,None Noted,None Noted,680,Not At Intersection – Other/Unknown,0,Not a Cyclist,Not At Intersection,Not a Cyclist,Travel Lane,Not a Cyclist,Not Applicable,Not a Cyclist,Not Applicable,Not Applicable,Not Applicable,8,Not Applicable,990,Other/Unknown – Insufficient Details,0,Not a Cyclist,
26,260896,0,1,5,Pedestrian,17,Male,None Noted,None Noted,None Noted,680,Not At Intersection – Other/Unknown,0,Not a Cyclist,Not At Intersection,Not a Cyclist,Travel Lane,Not a Cyclist,Not Applicable,Not a Cyclist,Not Applicable,Not Applicable,Not Applicable,8,Not Applicable,990,Other/Unknown – Insufficient Details,0,Not a Cyclist,
37,370895,0,2,5,Pedestrian,19,Female,None Noted,None Noted,None Noted,680,Not At Intersection – Other/Unknown,0,Not a Cyclist,Not At Intersection,Not a Cyclist,Travel Lane,Not a Cyclist,Not Applicable,Not a Cyclist,Not Applicable,Not Applicable,Not Applicable,8,Not Applicable,990,Other/Unknown – Insufficient Details,0,Not a Cyclist,
23,230053,0,1,5,Pedestrian,50,Male,None Noted,None Noted,None Noted,680,Not At Intersection – Other/Unknown,0,Not a Cyclist,Not At Intersection,Not a Cyclist,Travel Lane,Not a Cyclist,Not Applicable,Not a Cyclist,Not Applicable,Not Applicable,Not Applicable,8,Not Applicable,990,Other/Unknown – Insufficient Details,0,Not a Cyclist,
12,122471,0,1,5,Pedestrian,52,Male,None Noted,None Noted,None Noted,680,Not At Intersection – Other/Unknown,0,Not a Cyclist,Not At Intersection,Not a Cyclist,Travel Lane,Not a Cyclist,Not Applicable,Not a Cyclist,Not Applicable,Not Applicable,Not Applicable,8,Not Applicable,990,Other/Unknown – Insufficient Details,0,Not a Cyclist,
37,371022,0,1,5,Pedestrian,70,Female,None Noted,None Noted,None Noted,680,Not At Intersection – Other/Unknown,0,Not a Cyclist,Not At Intersection,Not a Cyclist,Travel Lane,Not a Cyclist,Not Applicable,Not a Cyclist,Not Applicable,Not Applicable,Not Applicable,8,Not Applicable,990,Other/Unknown – Insufficient Details,0,Not a Cyclist,
37,370772,0,1,5,Pedestrian,49,Male,None Noted,None Noted,None Noted,680,Not At Intersection – Other/Unknown,0,Not a Cyclist,Not At Intersection,Not a Cyclist,Travel Lane,Not a Cyclist,Not Applicable,Not a Cyclist,Not Applicable,Not Applicable,Not Applicable,8,Not Applicable,990,Other/Unknown – Insufficient Details,0,Not a Cyclist,
12,121980,0,1,5,Pedestrian,49,Male,None Noted,None Noted,None Noted,680,Not At Intersection – Other/Unknown,0,Not a Cyclist,Not At Intersection,Not a Cyclist,Travel Lane,Not a Cyclist,Not Applicable,Not a Cyclist,Not Applicable,Not Applicable,Not Applicable,8,Not Applicable,990,Other/Unknown – Insufficient Details,0,Not a Cyclist,
27,270319,0,1,5,Pedestrian,28,Male,None Noted,None Noted,None Noted,680,Not At Intersection – Other/Unknown,0,Not a Cyclist,Not At Intersection,Not a Cyclist,Other/Unknown,Not a Cyclist,Not Applicable,Not a Cyclist,Not Applicable,Not Applicable,Not Applicable,8,Not Applicable,990,Other/Unknown – Insufficient Details,0,Not a Cyclist,
26,260816,0,1,5,Pedestrian,34,Male,None Noted,None Noted,None Noted,680,Not At Intersection – Other/Unknown,0,Not a Cyclist,Not At Intersection,Not a Cyclist,Travel Lane,Not a Cyclist,Not Applicable,Not a Cyclist,Not Applicable,Not Applicable,Not Applicable,8,Not Applicable,990,Other/Unknown – Insufficient Details,0,Not a Cyclist,
26,260863,0,1,5,Pedestrian,62,Male,None Noted,None Noted,None Noted,680,Not At Intersection – Other/Unknown,0,Not a Cyclist,Not At Intersection,Not a Cyclist,Travel Lane,Not a Cyclist,Not Applicable,Not a Cyclist,Not Applicable,Not Applicable,Not Applicable,8,Not Applicable,990,Other/Unknown – Insufficient Details,0,Not a Cyclist,
26,260855,0,1,5,Pedestrian,39,Male,None Noted,None Noted,None Noted,680,Not At Intersection – Other/Unknown,0,Not a Cyclist,Not At Intersection,Not a Cyclist,Paved Shoulder/Bicycle Lane/Parking Lane,Not a Cyclist,Not Applicable,Not a Cyclist,Not Applicable,Not Applicable,Not Applicable,8,Not Applicable,990,Other/Unknown – Insufficient Details,0,Not a Cyclist,
36,360307,0,2,5,Pedestrian,5,Female,None Noted,None Noted,None Noted,680,Not At Intersection – Other/Unknown,0,Not a Cyclist,Not At Intersection,Not a Cyclist,Sidewalk/Shared-Use Path/Driveway Access,Not a Cyclist,Not Applicable,Not a Cyclist,Not Applicable,Not Applicable,Not Applicable,8,Not Applicable,990,Other/Unknown – Insufficient Details,0,Not a Cyclist,