state_number,consecutive_number,vehicle_number,person_number,person_type,person_type_name,age,sex,marked_crosswalk_present,sidewalk_present,school_zone,crash_type_pedestrian,crash_type_pedestrian_name,crash_type_bicycle,crash_type_bicycle_name,crash_location_pedestrian,crash_location_bicycle,pedestrian_position,bicyclist_position,pedestrian_initial_direction_of_travel,bicyclist_initial_direction_of_travel,motorist_initial_direction_of_travel,motorist_maneuver,intersection_leg,pedestrian_scenario,pedestrian_scenario_name,crash_group_pedestrian,crash_group_pedestrian_name,crash_group_bicycle,crash_group_bicycle_name
10,100007,0,1,5,Pedestrian,79,Male,None Noted,None Noted,None Noted,680,Not At Intersection – Other/Unknown,0,Not a Cyclist,Not At Intersection,Not a Cyclist,Travel Lane,Not a Cyclist,Not Applicable,Not a Cyclist,Not Applicable,Not Applicable,Not Applicable,8,Not Applicable,990,Other/Unknown – Insufficient Details,0,Not a Cyclist,
47,470371,0,1,5,Pedestrian,38,Male,None Noted,None Noted,None Noted,680,Not At Intersection – Other/Unknown,0,Not a Cyclist,Not At Intersection,Not a Cyclist,Paved Shoulder/Bicycle Lane/Parking Lane,Not a Cyclist,Not Applicable,Not a Cyclist,Not Applicable,Not Applicable,Not Applicable,8,Not Applicable,990,Other/Unknown – Insufficient Details,0,Not a Cyclist,
47,470375,0,1,5,Pedestrian,42,Male,None Noted,None Noted,None Noted,680,Not At Intersection – Other/Unknown,0,Not a Cyclist,Not At Intersection,Not a Cyclist,Travel Lane,Not a Cyclist,Not Applicable,Not a Cyclist,Not Applicable,Not Applicable,Not Applicable,8,Not Applicable,990,Other/Unknown – Insufficient Details,0,Not a Cyclist,
47,470790,0,1,5,Pedestrian,54,Male,None Noted,None Noted,None Noted,680,Not At Intersection – Other/Unknown,0,Not a Cyclist,Not At Intersection,Not a Cyclist,Travel Lane,Not a Cyclist,Not Applicable,Not a Cyclist,Not Applicable,Not Applicable,Not Applicable,8,Not Applicable,990,Other/Unknown – Insufficient Details,0,Not a Cyclist,
47,470787,0,1,5,Pedestrian,38,Female,None Noted,None Noted,None Noted,680,Not At Intersection – Other/Unknown,0,Not a Cyclist,Not At Intersection,Not a Cyclist,Travel Lane,Not a Cyclist,Not Applicable,Not a Cyclist,Not Applicable,Not Applicable,Not Applicable,8,Not Applicable,990,Other/Unknown – Insufficient Details,0,Not a Cyclist,
12,120815,0,1,5,Pedestrian,76,Female,None Noted,None Noted,None Noted,680,Not At Intersection – Other/Unknown,0,Not a Cyclist,Not At Intersection,Not a Cyclist,Travel Lane,Not a Cyclist,Not Applicable,Not a Cyclist,Not Applicable,Not Applicable,Not Applicable,8,Not Applicable,990,Other/Unknown – Insufficient Details,0,Not a Cyclist,
12,121775,0,1,5,Pedestrian,25,Male,None Noted,None Noted,None Noted,680,Not At Intersection – Other/Unknown,0,Not a Cyclist,Not At Intersection,Not a Cyclist,Travel Lane,Not a Cyclist,Not Applicable,Not a Cyclist,Not Applicable,Not Applicable,Not Applicable,8,Not Applicable,990,Other/Unknown – Insufficient Details,0,Not a Cyclist,
12,121776,0,1,5,Pedestrian,33,Female,None Noted,None Noted,None Noted,680,Not At Intersection – Other/Unknown,0,Not a Cyclist,Not At Intersection,Not a Cyclist,Travel Lane,Not a Cyclist,Not Applicable,Not a Cyclist,Not Applicable,Not Applicable,Not Applicable,8,Not Applicable,990,Other/Unknown – Insufficient Details,0,Not a Cyclist,
12,121454,0,1,5,Pedestrian,998,Female,None Noted,None Noted,None Noted,680,Not At Intersection – Other/Unknown,0,Not a Cyclist,Not At Intersection,Not a Cyclist,Travel Lane,Not a Cyclist,Not Applicable,Not a Cyclist,Not Applicable,Not Applicable,Not Applicable,8,Not Applicable,990,Other/Unknown – Insufficient Details,0,Not a Cyclist,
12,121436,0,1,5,Pedestrian,59,Male,None Noted,None Noted,None Noted,680,Not At Intersection – Other/Unknown,0,Not a Cyclist,Not At Intersection,Not a Cyclist,Travel Lane,Not a Cyclist,Not Applicable,Not a Cyclist,Not Applicable,Not Applicable,Not Applicable,8,Not Applicable,990,Other/Unknown – Insufficient Details,0,Not a Cyclist,
17,170438,0,1,5,Pedestrian,61,Male,None Noted,None Noted,None Noted,680,Not At Intersection – Other/Unknown,0,Not a Cyclist,Not At Intersection,Not a Cyclist,Travel Lane,Not a Cyclist,Not Applicable,Not a Cyclist,Not Applicable,Not Applicable,Not Applicable,8,Not Applicable,990,Other/Unknown – Insufficient Details,0,Not a Cyclist,
12,121171,0,1,5,Pedestrian,29,Male,None Noted,None Noted,None Noted,680,Not At Intersection – Other/Unknown,0,Not a Cyclist,Not At Intersection,Not a Cyclist,Travel Lane,Not a Cyclist,Not Applicable,Not a Cyclist,Not Applicable,Not Applicable,Not Applicable,8,Not Applicable,990,Other/Unknown – Insufficient Details,0,Not a Cyclist,
12,120495,0,1,5,Pedestrian,56,Male,None Noted,None Noted,None Noted,680,Not At Intersection – Other/Unknown,0,Not a Cyclist,Not At Intersection,Not a Cyclist,Travel Lane,Not a Cyclist,Not Applicable,Not a Cyclist,Not Applicable,Not Applicable,Not Applicable,8,Not Applicable,990,Other/Unknown – Insufficient Details,0,Not a Cyclist,
12,120833,0,1,5,Pedestrian,93,Male,None Noted,None Noted,None Noted,680,Not At Intersection – Other/Unknown,0,Not a Cyclist,Not At Intersection,Not a Cyclist,Travel Lane,Not a Cyclist,Not Applicable,Not a Cyclist,Not Applicable,Not Applicable,Not Applicable,8,Not Applicable,990,Other/Unknown – Insufficient Details,0,Not a Cyclist,
12,121766,0,1,5,Pedestrian,46,Male,None Noted,None Noted,None Noted,680,Not At Intersection – Other/Unknown,0,Not a Cyclist,Not At Intersection,Not a Cyclist,Travel Lane,Not a Cyclist,Not Applicable,Not a Cyclist,Not Applicable,Not Applicable,Not Applicable,8,Not Applicable,990,Other/Unknown – Insufficient Details,0,Not a Cyclist,
12,121051,0,1,5,Pedestrian,64,Male,None Noted,None Noted,None Noted,680,Not At Intersection – Other/Unknown,0,Not a Cyclist,Not At Intersection,Not a Cyclist,Travel Lane,Not a Cyclist,Not Applicable,Not a Cyclist,Not Applicable,Not Applicable,Not Applicable,8,Not Applicable,990,Other/Unknown – Insufficient Details,0,Not a Cyclist,
12,121255,0,1,5,Pedestrian,54,Male,None Noted,None Noted,None Noted,680,Not At Intersection – Other/Unknown,0,Not a Cyclist,Not At Intersection,Not a Cyclist,Unpaved Right-of-Way,Not a Cyclist,Not Applicable,Not a Cyclist,Not Applicable,Not Applicable,Not Applicable,8,Not Applicable,990,Other/Unknown – Insufficient Details,0,Not a Cyclist,
12,120069,0,1,5,Pedestrian,29,Male,None Noted,None Noted,None Noted,680,Not At Intersection – Other/Unknown,0,Not a Cyclist,Not At Intersection,Not a Cyclist,Travel Lane,Not a Cyclist,Not Applicable,Not a Cyclist,Not Applicable,Not Applicable,Not Applicable,8,Not Applicable,990,Other/Unknown – Insufficient Details,0,Not a Cyclist,
35,350234,0,1,5,Pedestrian,60,Male,None Noted,None Noted,None Noted,680,Not At Intersection – Other/Unknown,0,Not a Cyclist,Not At Intersection,Not a Cyclist,Other/Unknown,Not a Cyclist,Not Applicable,Not a Cyclist,Not Applicable,Not Applicable,Not Applicable,8,Not Applicable,990,Other/Unknown – Insufficient Details,0,Not a Cyclist,
36,361010,0,1,5,Pedestrian,26,Male,None Noted,None Noted,None Noted,680,Not At Intersection – Other/Unknown,0,Not a Cyclist,Not At Intersection,Not a Cyclist,Travel Lane,Not a Cyclist,Not Applicable,Not a Cyclist,Not Applicable,Not Applicable,Not Applicable,8,Not Applicable,990,Other/Unknown – Insufficient Details,0,Not a Cyclist,
36,360833,0,1,5,Pedestrian,18,Male,None Noted,None Noted,None Noted,680,Not At Intersection – Other/Unknown,0,Not a Cyclist,Not At Intersection,Not a Cyclist,Travel Lane,Not a Cyclist,Not Applicable,Not a Cyclist,Not Applicable,Not Applicable,Not Applicable,8,Not Applicable,990,Other/Unknown – Insufficient Details,0,Not a Cyclist,
37,370634,0,1,5,Pedestrian,44,Female,None Noted,None Noted,None Noted,680,Not At Intersection – Other/Unknown,0,Not a Cyclist,Not At Intersection,Not a Cyclist,Travel Lane,Not a Cyclist,Not Applicable,Not a Cyclist,Not Applicable,Not Applicable,Not Applicable,8,Not Applicable,990,Other/Unknown – Insufficient Details,0,Not a Cyclist,
34,340360,0,2,5,Pedestrian,52,Male,None Noted,None Noted,None Noted,680,Not At Intersection – Other/Unknown,0,Not a Cyclist,Not At Intersection,Not a Cyclist,Travel Lane,Not a Cyclist,Not Applicable,Not a Cyclist,Not Applicable,Not Applicable,Not Applicable,8,Not Applicable,990,Other/Unknown – Insufficient Details,0,Not a Cyclist,
12,121682,0,1,5,Pedestrian,42,Female,None Noted,None Noted,None Noted,680,Not At Intersection – Other/Unknown,0,Not a Cyclist,Not At Intersection,Not a Cyclist,Travel Lane,Not a Cyclist,Not Applicable,Not a Cyclist,Not Applicable,Not Applicable,Not Applicable,8,Not Applicable,990,Other/Unknown – Insufficient Details,0,Not a Cyclist,
12,121459,0,1,5,Pedestrian,65,Male,None Noted,None Noted,None Noted,680,Not At Intersection – Other/Unknown,0,Not a Cyclist,Not At Intersection,Not a Cyclist,Travel Lane,Not a Cyclist,Not Applicable,Not a Cyclist,Not Applicable,Not Applicable,Not Applicable,8,Not Applicable,990,Other/Unknown – Insufficient Details,0,Not a Cyclist,
12,121337,0,1,5,Pedestrian,36,Male,None Noted,None Noted,None Noted,680,Not At Intersection – Other/Unknown,0,Not a Cyclist,Not At Intersection,Not a Cyclist,Travel Lane,Not a Cyclist,Not Applicable,Not a Cyclist,Not Applicable,Not Applicable,Not Applicable,8,Not Applicable,990,Other/Unknown – Insufficient Details,0,Not a Cyclist,
12,120764,0,1,5,Pedestrian,41,Male,None Noted,None Noted,None Noted,680,Not At Intersection – Other/Unknown,0,Not a Cyclist,Not At Intersection,Not a Cyclist,Travel Lane,Not a Cyclist,Not Applicable,Not a Cyclist,Not Applicable,Not Applicable,Not Applicable,8,Not Applicable,990,Other/Unknown – Insufficient Details,0,Not a Cyclist,
12,121746,0,1,5,Pedestrian,35,Male,None Noted,None Noted,None Noted,680,Not At Intersection – Other/Unknown,0,Not a Cyclist,Not At Intersection,Not a Cyclist,Travel Lane,Not a Cyclist,Not Applicable,Not a Cyclist,Not Applicable,Not Applicable,Not Applicable,8,Not Applicable,990,Other/Unknown – Insufficient Details,0,Not a Cyclist,
22,220283,0,1,5,Pedestrian,32,Male,None Noted,None Noted,None Noted,680,Not At Intersection – Other/Unknown,0,Not a Cyclist,Not At Intersection,Not a Cyclist,Travel Lane,Not a Cyclist,Not Applicable,Not a Cyclist,Not Applicable,Not Applicable,Not Applicable,8,Not Applicable,990,Other/Unknown – Insufficient Details,0,Not a Cyclist,
12,121555,0,1,5,Pedestrian,19,Male,None Noted,None Noted,None Noted,680,Not At Intersection – Other/Unknown,0,Not a Cyclist,Not At Intersection,Not a Cyclist,Other/Unknown,Not a Cyclist,Not Applicable,Not a Cyclist,Not Applicable,Not Applicable,Not Applicable,8,Not Applicable,990,Other/Unknown – Insufficient Details,0,Not a Cyclist,
12,121595,0,1,5,Pedestrian,83,Female,None Noted,None Noted,None Noted,680,Not At Intersection – Other/Unknown,0,Not a Cyclist,Not At Intersection,Not a Cyclist,Travel Lane,Not a Cyclist,Not Applicable,Not a Cyclist,Not Applicable,Not Applicable,Not Applicable,8,Not Applicable,990,Other/Unknown – Insufficient Details,0,Not a Cyclist,
12,122129,0,1,5,Pedestrian,22,Male,None Noted,None Noted,None Noted,680,Not At Intersection – Other/Unknown,0,Not a Cyclist,Not At Intersection,Not a Cyclist,Travel Lane,Not a Cyclist,Not Applicable,Not a Cyclist,Not Applicable,Not Applicable,Not Applicable,8,Not Applicable,990,Other/Unknown – Insufficient Details,0,Not a Cyclist,
12,122107,0,1,5,Pedestrian,13,Male,None Noted,None Noted,None Noted,680,Not At Intersection – Other/Unknown,0,Not a Cyclist,Not At Intersection,Not a Cyclist,Travel Lane,Not a Cyclist,Not Applicable,Not a Cyclist,Not Applicable,Not Applicable,Not Applicable,8,Not Applicable,990,Other/Unknown – Insufficient Details,0,Not a Cyclist,
12,122084,0,1,5,Pedestrian,42,Male,None Noted,None Noted,None Noted,680,Not At Intersection – Other/Unknown,0,Not a Cyclist,Not At Intersection,Not a Cyclist,Other/Unknown,Not a Cyclist,Not Applicable,Not a Cyclist,Not Applicable,Not Applicable,Not Applicable,8,Not Applicable,990,Other/Unknown – Insufficient Details,0,Not a Cyclist,
12,121949,0,1,5,Pedestrian,47,Female,None Noted,None Noted,None Noted,680,Not At Intersection – Other/Unknown,0,Not a Cyclist,Not At Intersection,Not a Cyclist,Travel Lane,Not a Cyclist,Not Applicable,Not a Cyclist,Not Applicable,Not Applicable,Not Applicable,8,Not Applicable,990,Other/Unknown – Insufficient Details,0,Not a Cyclist,
12,120239,0,1,5,Pedestrian,45,Male,None Noted,None Noted,None Noted,680,Not At Intersection – Other/Unknown,0,Not a Cyclist,Not At Intersection,Not a Cyclist,Travel Lane,Not a Cyclist,Not Applicable,Not a Cyclist,Not Applicable,Not Applicable,Not Applicable,8,Not Applicable,990,Other/Unknown – Insufficient Details,0,Not a Cyclist,
9,90249,0,1,5,Pedestrian,46,Male,None Noted,None Noted,None Noted,680,Not At Intersection – Other/Unknown,0,Not a Cyclist,Not At Intersection,Not a Cyclist,Travel Lane,Not a Cyclist,Not Applicable,Not a Cyclist,Not Applicable,Not Applicable,Not Applicable,8,Not Applicable,990,Other/Unknown – Insufficient Details,0,Not a Cyclist,
45,450581,0,1,5,Pedestrian,53,Female,None Noted,None Noted,None Noted,680,Not At Intersection – Other/Unknown,0,Not a Cyclist,Not At Intersection,Not a Cyclist,Travel Lane,Not a Cyclist,Not Applicable,Not a Cyclist,Not Applicable,Not Applicable,Not Applicable,8,Not Applicable,990,Other/Unknown – Insufficient Details,0,Not a Cyclist,
12,121763,0,1,5,Pedestrian,52,Male,None Noted,None Noted,None Noted,680,Not At Intersection – Other/Unknown,0,Not a Cyclist,Not At Intersection,Not a Cyclist,Other/Unknown,Not a Cyclist,Not Applicable,Not a Cyclist,Not Applicable,Not Applicable,Not Applicable,8,Not Applicable,990,Other/Unknown – Insufficient Details,0,Not a Cyclist,
12,121765,0,1,5,Pedestrian,61,Male,None Noted,None Noted,None Noted,680,Not At Intersection – Other/Unknown,0,Not a Cyclist,Not At Intersection,Not a Cyclist,Travel Lane,Not a Cyclist,Not Applicable,Not a Cyclist,Not Applicable,Not Applicable,Not Applicable,8,Not Applicable,990,Other/Unknown – Insufficient Details,0,Not a Cyclist,
12,122197,0,1,5,Pedestrian,41,Male,None Noted,None Noted,None Noted,680,Not At Intersection – Other/Unknown,0,Not a Cyclist,Not At Intersection,Not a Cyclist,Travel Lane,Not a Cyclist,Not Applicable,Not a Cyclist,Not Applicable,Not Applicable,Not Applicable,8,Not Applicable,990,Other/Unknown – Insufficient Details,0,Not a Cyclist,
18,180285,0,1,5,Pedestrian,56,Male,None Noted,None Noted,None Noted,680,Not At Intersection – Other/Unknown,0,Not a Cyclist,Not At Intersection,Not a Cyclist,Travel Lane,Not a Cyclist,Not Applicable,Not a Cyclist,Not Applicable,Not Applicable,Not Applicable,8,Not Applicable,990,Other/Unknown – Insufficient Details,0,Not a Cyclist,
13,130624,0,1,5,Pedestrian,60,Female,None Noted,None Noted,None Noted,680,Not At Intersection – Other/Unknown,0,Not a Cyclist,Not At Intersection,Not a Cyclist,Travel Lane,Not a Cyclist,Not Applicable,Not a Cyclist,Not Applicable,Not Applicable,Not Applicable,8,Not Applicable,990,Other/Unknown – Insufficient Details,0,Not a Cyclist,
17,170596,0,1,5,Pedestrian,43,Male,None Noted,None Noted,None Noted,680,Not At Intersection – Other/Unknown,0,Not a Cyclist,Not At Intersection,Not a Cyclist,Other/Unknown,Not a Cyclist,Not Applicable,Not a Cyclist,Not Applicable,Not Applicable,Not Applicable,8,Not Applicable,990,Other/Unknown – Insufficient Details,0,Not a Cyclist,
18,180752,0,1,5,Pedestrian,64,Male,None Noted,None Noted,None Noted,680,Not At Intersection – Other/Unknown,0,Not a Cyclist,Not At Intersection,Not a Cyclist,Other/Unknown,Not a Cyclist,Not Applicable,Not a Cyclist,Not Applicable,Not Applicable,Not Applicable,8,Not Applicable,990,Other/Unknown – Insufficient Details,0,Not a Cyclist,
12,122344,0,1,5,Pedestrian,69,Female,None Noted,None Noted,None Noted,680,Not At Intersection – Other/Unknown,0,Not a Cyclist,Not At Intersection,Not a Cyclist,Travel Lane,Not a Cyclist,Not Applicable,Not a Cyclist,Not Applicable,Not Applicable,Not Applicable,8,Not Applicable,990,Other/Unknown – Insufficient Details,0,Not a Cyclist,
12,122568,0,1,5,Pedestrian,38,Female,None Noted,None Noted,None Noted,680,Not At Intersection – Other/Unknown,0,Not a Cyclist,Not At Intersection,Not a Cyclist,Travel Lane,Not a Cyclist,Not Applicable,Not a Cyclist,Not Applicable,Not Applicable,Not Applicable,8,Not Applicable,990,Other/Unknown – Insufficient Details,0,Not a Cyclist,
12,122428,0,1,5,Pedestrian,68,Male,None Noted,None Noted,None Noted,680,Not At Intersection – Other/Unknown,0,Not a Cyclist,Not At Intersection,Not a Cyclist,Paved Shoulder/Bicycle Lane/Parking Lane,Not a Cyclist,Not Applicable,Not a Cyclist,Not Applicable,Not Applicable,Not Applicable,8,Not Applicable,990,Other/Unknown – Insufficient Details,0,Not a Cyclist,
12,122778,0,1,5,Pedestrian,48,Female,None Noted,None Noted,None Noted,680,Not At Intersection – Other/Unknown,0,Not a Cyclist,Not At Intersection,Not a Cyclist,Travel Lane,Not a Cyclist,Not Applicable,Not a Cyclist,Not Applicable,Not Applicable,Not Applicable,8,Not Applicable,990,Other/Unknown – Insufficient Details,0,Not a Cyclist,
12,122720,0,1,5,Pedestrian,57,Male,None Noted,None Noted,None Noted,680,Not At Intersection – Other/Unknown,0,Not a Cyclist,Not At Intersection,Not a Cyclist,Travel Lane,Not a Cyclist,Not Applicable,Not a Cyclist,Not Applicable,Not Applicable,Not Applicable,8,Not Applicable,990,Other/Unknown – Insufficient Details,0,Not a Cyclist,
12,122751,0,1,5,Pedestrian,65,Male,None Noted,None Noted,None Noted,680,Not At Intersection – Other/Unknown,0,Not a Cyclist,Not At Intersection,Not a Cyclist,Travel Lane,Not a Cyclist,Not Applicable,Not a Cyclist,Not Applicable,Not Applicable,Not Applicable,8,Not Applicable,990,Other/Unknown – Insufficient Details,0,Not a Cyclist,
13,131291,0,1,5,Pedestrian,94,Male,None Noted,None Noted,None Noted,680,Not At Intersection – Other/Unknown,0,Not a Cyclist,Not At Intersection,Not a Cyclist,Travel Lane,Not a Cyclist,Not Applicable,Not a Cyclist,Not Applicable,Not Applicable,Not Applicable,8,Not Applicable,990,Other/Unknown – Insufficient Details,0,Not a Cyclist,
19,190259,0,1,5,Pedestrian,23,Male,None Noted,None Noted,None Noted,680,Not At Intersection – Other/Unknown,0,Not a Cyclist,Not At Intersection,Not a Cyclist,Travel Lane,Not a Cyclist,Not Applicable,Not a Cyclist,Not Applicable,Not Applicable,Not Applicable,8,Not Applicable,990,Other/Unknown – Insufficient Details,0,Not a Cyclist,
12,122407,0,1,5,Pedestrian,63,Male,None Noted,None Noted,None Noted,680,Not At Intersection – Other/Unknown,0,Not a Cyclist,Not At Intersection,Not a Cyclist,Travel Lane,Not a Cyclist,Not Applicable,Not a Cyclist,Not Applicable,Not Applicable,Not Applicable,8,Not Applicable,990,Other/Unknown – Insufficient Details,0,Not a Cyclist,
13,130809,0,1,5,Pedestrian,57,Male,None Noted,None Noted,None Noted,680,Not At Intersection – Other/Unknown,0,Not a Cyclist,Not At Intersection,Not a Cyclist,Travel Lane,Not a Cyclist,Not Applicable,Not a Cyclist,Not Applicable,Not Applicable,Not Applicable,8,Not Applicable,990,Other/Unknown – Insufficient Details,0,Not a Cyclist,
24,240277,0,1,5,Pedestrian,55,Male,None Noted,None Noted,None Noted,680,Not At Intersection – Other/Unknown,0,Not a Cyclist,Not At Intersection,Not a Cyclist,Travel Lane,Not a Cyclist,Not Applicable,Not a Cyclist,Not Applicable,Not Applicable,Not Applicable,8,Not Applicable,990,Other/Unknown – Insufficient Details,0,Not a Cyclist,
24,240459,0,1,5,Pedestrian,55,Male,None Noted,None Noted,None Noted,680,Not At Intersection – Other/Unknown,0,Not a Cyclist,Not At Intersection,Not a Cyclist,Travel Lane,Not a Cyclist,Not Applicable,Not a Cyclist,Not Applicable,Not Applicable,Not Applicable,8,Not Applicable,990,Other/Unknown – Insufficient Details,0,Not a Cyclist,
20,200202,0,1,5,Pedestrian,34,Male,None Noted,None Noted,None Noted,680,Not At Intersection – Other/Unknown,0,Not a Cyclist,Not At Intersection,Not a Cyclist,Other/Unknown,Not a Cyclist,Not Applicable,Not a Cyclist,Not Applicable,Not Applicable,Not Applicable,8,Not Applicable,990,Other/Unknown – Insufficient Details,0,Not a Cyclist,
21,210350,0,1,5,Pedestrian,24,Male,None Noted,None Noted,None Noted,680,Not At Intersection – Other/Unknown,0,Not a Cyclist,Not At Intersection,Not a Cyclist,Travel Lane,Not a Cyclist,Not Applicable,Not a Cyclist,Not Applicable,Not Applicable,Not Applicable,8,Not Applicable,990,Other/Unknown – Insufficient Details,0,Not a Cyclist,
17,170259,0,1,5,Pedestrian,51,Male,None Noted,None Noted,None Noted,680,Not At Intersection – Other/Unknown,0,Not a Cyclist,Not At Intersection,Not a Cyclist,Travel Lane,Not a Cyclist,Not Applicable,Not a Cyclist,Not Applicable,Not Applicable,Not Applicable,8,Not Applicable,990,Other/Unknown – Insufficient Details,0,Not a Cyclist,
12,122225,0,1,5,Pedestrian,35,Male,None Noted,None Noted,None Noted,680,Not At Intersection – Other/Unknown,0,Not a Cyclist,Not At Intersection,Not a Cyclist,Travel Lane,Not a Cyclist,Not Applicable,Not a Cyclist,Not Applicable,Not Applicable,Not Applicable,8,Not Applicable,990,Other/Unknown – Insufficient Details,0,Not a Cyclist,
12,122196,0,1,5,Pedestrian,23,Male,None Noted,None Noted,None Noted,680,Not At Intersection – Other/Unknown,0,Not a Cyclist,Not At Intersection,Not a Cyclist,Other/Unknown,Not a Cyclist,Not Applicable,Not a Cyclist,Not Applicable,Not Applicable,Not Applicable,8,Not Applicable,990,Other/Unknown – Insufficient Details,0,Not a Cyclist,
12,122195,0,1,5,Pedestrian,44,Male,None Noted,None Noted,None Noted,680,Not At Intersection – Other/Unknown,0,Not a Cyclist,Not At Intersection,Not a Cyclist,Travel Lane,Not a Cyclist,Not Applicable,Not a Cyclist,Not Applicable,Not Applicable,Not Applicable,8,Not Applicable,990,Other/Unknown – Insufficient Details,0,Not a Cyclist,
12,122688,0,1,5,Pedestrian,73,Male,None Noted,None Noted,None Noted,680,Not At Intersection – Other/Unknown,0,Not a Cyclist,Not At Intersection,Not a Cyclist,Travel Lane,Not a Cyclist,Not Applicable,Not a Cyclist,Not Applicable,Not Applicable,Not Applicable,8,Not Applicable,990,Other/Unknown – Insufficient Details,0,Not a Cyclist,
17,170234,0,1,5,Pedestrian,31,Female,None Noted,None Noted,None Noted,680,Not At Intersection – Other/Unknown,0,Not a Cyclist,Not At Intersection,Not a Cyclist,Travel Lane,Not a Cyclist,Not Applicable,Not a Cyclist,Not Applicable,Not Applicable,Not Applicable,8,Not Applicable,990,Other/Unknown – Insufficient Details,0,Not a Cyclist,
12,120196,0,3,5,Pedestrian,32,Male,None Noted,None Noted,None Noted,680,Not At Intersection – Other/Unknown,0,Not a Cyclist,Not At Intersection,Not a Cyclist,Unpaved Right-of-Way,Not a Cyclist,Not Applicable,Not a Cyclist,Not Applicable,Not Applicable,Not Applicable,8,Not Applicable,990,Other/Unknown – Insufficient Details,0,Not a Cyclist,
13,131184,0,1,5,Pedestrian,60,Female,None Noted,None Noted,None Noted,680,Not At Intersection – Other/Unknown,0,Not a Cyclist,Not At Intersection,Not a Cyclist,Travel Lane,Not a Cyclist,Not Applicable,Not a Cyclist,Not Applicable,Not Applicable,Not Applicable,8,Not Applicable,990,Other/Unknown – Insufficient Details,0,Not a Cyclist,
18,180344,0,1,5,Pedestrian,38,Male,None Noted,None Noted,None Noted,680,Not At Intersection – Other/Unknown,0,Not a Cyclist,Not At Intersection,Not a Cyclist,Other/Unknown,Not a Cyclist,Not Applicable,Not a Cyclist,Not Applicable,Not Applicable,Not Applicable,8,Not Applicable,990,Other/Unknown – Insufficient Details,0,Not a Cyclist,
12,122528,0,1,5,Pedestrian,31,Female,None Noted,None Noted,None Noted,680,Not At Intersection – Other/Unknown,0,Not a Cyclist,Not At Intersection,Not a Cyclist,Travel Lane,Not a Cyclist,Not Applicable,Not a Cyclist,Not Applicable,Not Applicable,Not Applicable,8,Not Applicable,990,Other/Unknown – Insufficient Details,0,Not a Cyclist,
18,180341,0,1,5,Pedestrian,27,Male,None Noted,None Noted,None Noted,680,Not At Intersection – Other/Unknown,0,Not a Cyclist,Not At Intersection,Not a Cyclist,Other/Unknown,Not a Cyclist,Not Applicable,Not a Cyclist,Not Applicable,Not Applicable,Not Applicable,8,Not Applicable,990,Other/Unknown – Insufficient Details,0,Not a Cyclist,
24,240066,0,1,5,Pedestrian,81,Male,None Noted,None Noted,None Noted,680,Not At Intersection – Other/Unknown,0,Not a Cyclist,Not At Intersection,Not a Cyclist,Travel Lane,Not a Cyclist,Not Applicable,Not a Cyclist,Not Applicable,Not Applicable,Not Applicable,8,Not Applicable,990,Other/Unknown – Insufficient Details,0,Not a Cyclist,
17,170600,0,1,5,Pedestrian,55,Male,None Noted,None Noted,None Noted,680,Not At Intersection – Other/Unknown,0,Not a Cyclist,Not At Intersection,Not a Cyclist,Other/Unknown,Not a Cyclist,Not Applicable,Not a Cyclist,Not Applicable,Not Applicable,Not Applicable,8,Not Applicable,990,Other/Unknown – Insufficient Details,0,Not a Cyclist,
17,170545,0,1,5,Pedestrian,22,Male,None Noted,None Noted,None Noted,680,Not At Intersection – Other/Unknown,0,Not a Cyclist,Not At Intersection,Not a Cyclist,Travel Lane,Not a Cyclist,Not Applicable,Not a Cyclist,Not Applicable,Not Applicable,Not Applicable,8,Not Applicable,990,Other/Unknown – Insufficient Details,0,Not a Cyclist,
13,131277,0,1,5,Pedestrian,29,Male,None Noted,None Noted,None Noted,680,Not At Intersection – Other/Unknown,0,Not a Cyclist,Not At Intersection,Not a Cyclist,Travel Lane,Not a Cyclist,Not Applicable,Not a Cyclist,Not Applicable,Not Applicable,Not Applicable,8,Not Applicable,990,Other/Unknown – Insufficient Details,0,Not a Cyclist,
13,131279,0,1,5,Pedestrian,29,Male,None Noted,None Noted,None Noted,680,Not At Intersection – Other/Unknown,0,Not a Cyclist,Not At Intersection,Not a Cyclist,Travel Lane,Not a Cyclist,Not Applicable,Not a Cyclist,Not Applicable,Not Applicable,Not Applicable,8,Not Applicable,990,Other/Unknown – Insufficient Details,0,Not a Cyclist,
21,210658,0,1,5,Pedestrian,32,Male,None Noted,None Noted,None Noted,680,Not At Intersection – Other/Unknown,0,Not a Cyclist,Not At Intersection,Not a Cyclist,Travel Lane,Not a Cyclist,Not Applicable,Not a Cyclist,Not Applicable,Not Applicable,Not Applicable,8,Not Applicable,990,Other/Unknown – Insufficient Details,0,Not a Cyclist,
17,170701,0,1,5,Pedestrian,54,Male,None Noted,None Noted,None Noted,680,Not At Intersection – Other/Unknown,0,Not a Cyclist,Not At Intersection,Not a Cyclist,Travel Lane,Not a Cyclist,Not Applicable,Not a Cyclist,Not Applicable,Not Applicable,Not Applicable,8,Not Applicable,990,Other/Unknown – Insufficient Details,0,Not a Cyclist,
13,130950,0,1,5,Pedestrian,62,Female,None Noted,None Noted,None Noted,680,Not At Intersection – Other/Unknown,0,Not a Cyclist,Not At Intersection,Not a Cyclist,Travel Lane,Not a Cyclist,Not Applicable,Not a Cyclist,Not Applicable,Not Applicable,Not Applicable,8,Not Applicable,990,Other/Unknown – Insufficient Details,0,Not a Cyclist,