state_number,consecutive_number,vehicle_number,person_number,person_type,person_type_name,age,sex,marked_crosswalk_present,sidewalk_present,school_zone,crash_type_pedestrian,crash_type_pedestrian_name,crash_type_bicycle,crash_type_bicycle_name,crash_location_pedestrian,crash_location_bicycle,pedestrian_position,bicyclist_position,pedestrian_initial_direction_of_travel,bicyclist_initial_direction_of_travel,motorist_initial_direction_of_travel,motorist_maneuver,intersection_leg,pedestrian_scenario,pedestrian_scenario_name,crash_group_pedestrian,crash_group_pedestrian_name,crash_group_bicycle,crash_group_bicycle_name
27,270049,0,1,5,Pedestrian,28,Male,None Noted,None Noted,None Noted,910,Crossing an Expressway,0,Not a Cyclist,Not At Intersection,Not a Cyclist,Travel Lane,Not a Cyclist,Not Applicable,Not a Cyclist,Not Applicable,Not Applicable,Not Applicable,8,Not Applicable,910,Crossing Expressway,0,Not a Cyclist,
29,290703,0,1,5,Pedestrian,35,Male,None Noted,None Noted,None Noted,910,Crossing an Expressway,0,Not a Cyclist,Not At Intersection,Not a Cyclist,Travel Lane,Not a Cyclist,Not Applicable,Not a Cyclist,Not Applicable,Not Applicable,Not Applicable,8,Not Applicable,910,Crossing Expressway,0,Not a Cyclist,
29,290742,0,1,5,Pedestrian,23,Male,None Noted,None Noted,None Noted,910,Crossing an Expressway,0,Not a Cyclist,Not At Intersection,Not a Cyclist,Travel Lane,Not a Cyclist,Not Applicable,Not a Cyclist,Not Applicable,Not Applicable,Not Applicable,8,Not Applicable,910,Crossing Expressway,0,Not a Cyclist,
29,290742,0,2,5,Pedestrian,22,Male,None Noted,None Noted,None Noted,910,Crossing an Expressway,0,Not a Cyclist,Not At Intersection,Not a Cyclist,Travel Lane,Not a Cyclist,Not Applicable,Not a Cyclist,Not Applicable,Not Applicable,Not Applicable,8,Not Applicable,910,Crossing Expressway,0,Not a Cyclist,
29,290510,0,1,5,Pedestrian,51,Female,None Noted,None Noted,None Noted,910,Crossing an Expressway,0,Not a Cyclist,Not At Intersection,Not a Cyclist,Travel Lane,Not a Cyclist,Not Applicable,Not a Cyclist,Not Applicable,Not Applicable,Not Applicable,8,Not Applicable,910,Crossing Expressway,0,Not a Cyclist,
29,290516,0,1,5,Pedestrian,37,Male,None Noted,None Noted,None Noted,910,Crossing an Expressway,0,Not a Cyclist,Not At Intersection,Not a Cyclist,Travel Lane,Not a Cyclist,Not Applicable,Not a Cyclist,Not Applicable,Not Applicable,Not Applicable,8,Not Applicable,910,Crossing Expressway,0,Not a Cyclist,
49,490256,0,1,5,Pedestrian,27,Male,None Noted,None Noted,None Noted,910,Crossing an Expressway,0,Not a Cyclist,Not At Intersection,Not a Cyclist,Travel Lane,Not a Cyclist,Not Applicable,Not a Cyclist,Not Applicable,Not Applicable,Not Applicable,8,Not Applicable,910,Crossing Expressway,0,Not a Cyclist,
21,210310,0,1,5,Pedestrian,50,Female,None Noted,None Noted,None Noted,910,Crossing an Expressway,0,Not a Cyclist,Not At Intersection,Not a Cyclist,Travel Lane,Not a Cyclist,Not Applicable,Not a Cyclist,Not Applicable,Not Applicable,Not Applicable,8,Not Applicable,910,Crossing Expressway,0,Not a Cyclist,
21,210335,0,1,5,Pedestrian,49,Female,None Noted,None Noted,None Noted,910,Crossing an Expressway,0,Not a Cyclist,Not At Intersection,Not a Cyclist,Travel Lane,Not a Cyclist,Not Applicable,Not a Cyclist,Not Applicable,Not Applicable,Not Applicable,8,Not Applicable,910,Crossing Expressway,0,Not a Cyclist,
22,220446,0,1,5,Pedestrian,53,Male,None Noted,None Noted,None Noted,910,Crossing an Expressway,0,Not a Cyclist,Not At Intersection,Not a Cyclist,Travel Lane,Not a Cyclist,Not Applicable,Not a Cyclist,Not Applicable,Not Applicable,Not Applicable,8,Not Applicable,910,Crossing Expressway,0,Not a Cyclist,
22,220154,0,1,5,Pedestrian,23,Male,None Noted,None Noted,None Noted,910,Crossing an Expressway,0,Not a Cyclist,Not At Intersection,Not a Cyclist,Travel Lane,Not a Cyclist,Not Applicable,Not a Cyclist,Not Applicable,Not Applicable,Not Applicable,8,Not Applicable,910,Crossing Expressway,0,Not a Cyclist,
27,270023,0,1,5,Pedestrian,42,Male,None Noted,None Noted,None Noted,910,Crossing an Expressway,0,Not a Cyclist,Not At Intersection,Not a Cyclist,Travel Lane,Not a Cyclist,Not Applicable,Not a Cyclist,Not Applicable,Not Applicable,Not Applicable,8,Not Applicable,910,Crossing Expressway,0,Not a Cyclist,
25,250286,0,1,5,Pedestrian,44,Female,None Noted,None Noted,None Noted,910,Crossing an Expressway,0,Not a Cyclist,Not At Intersection,Not a Cyclist,Travel Lane,Not a Cyclist,Not Applicable,Not a Cyclist,Not Applicable,Not Applicable,Not Applicable,8,Not Applicable,910,Crossing Expressway,0,Not a Cyclist,
40,400544,0,1,5,Pedestrian,50,Male,None Noted,None Noted,None Noted,910,Crossing an Expressway,0,Not a Cyclist,Not At Intersection,Not a Cyclist,Travel Lane,Not a Cyclist,Not Applicable,Not a Cyclist,Not Applicable,Not Applicable,Not Applicable,8,Not Applicable,910,Crossing Expressway,0,Not a Cyclist,
48,480819,0,1,5,Pedestrian,66,Male,None Noted,None Noted,None Noted,910,Crossing an Expressway,0,Not a Cyclist,Not At Intersection,Not a Cyclist,Travel Lane,Not a Cyclist,Not Applicable,Not a Cyclist,Not Applicable,Not Applicable,Not Applicable,8,Not Applicable,910,Crossing Expressway,0,Not a Cyclist,
29,290302,0,1,5,Pedestrian,36,Male,None Noted,None Noted,None Noted,910,Crossing an Expressway,0,Not a Cyclist,Not At Intersection,Not a Cyclist,Travel Lane,Not a Cyclist,Not Applicable,Not a Cyclist,Not Applicable,Not Applicable,Not Applicable,8,Not Applicable,910,Crossing Expressway,0,Not a Cyclist,
27,270328,0,1,5,Pedestrian,55,Male,None Noted,None Noted,None Noted,910,Crossing an Expressway,0,Not a Cyclist,Not At Intersection,Not a Cyclist,Travel Lane,Not a Cyclist,Not Applicable,Not a Cyclist,Not Applicable,Not Applicable,Not Applicable,8,Not Applicable,910,Crossing Expressway,0,Not a Cyclist,
26,260160,0,1,5,Pedestrian,24,Male,None Noted,None Noted,None Noted,910,Crossing an Expressway,0,Not a Cyclist,Not At Intersection,Not a Cyclist,Travel Lane,Not a Cyclist,Not Applicable,Not a Cyclist,Not Applicable,Not Applicable,Not Applicable,8,Not Applicable,910,Crossing Expressway,0,Not a Cyclist,
29,290117,0,1,5,Pedestrian,17,Male,None Noted,None Noted,None Noted,910,Crossing an Expressway,0,Not a Cyclist,Not At Intersection,Not a Cyclist,Travel Lane,Not a Cyclist,Not Applicable,Not a Cyclist,Not Applicable,Not Applicable,Not Applicable,8,Not Applicable,910,Crossing Expressway,0,Not a Cyclist,
37,370036,0,1,5,Pedestrian,23,Male,None Noted,None Noted,None Noted,910,Crossing an Expressway,0,Not a Cyclist,Not At Intersection,Not a Cyclist,Travel Lane,Not a Cyclist,Not Applicable,Not a Cyclist,Not Applicable,Not Applicable,Not Applicable,8,Not Applicable,910,Crossing Expressway,0,Not a Cyclist,
37,370809,0,1,5,Pedestrian,38,Female,None Noted,None Noted,None Noted,910,Crossing an Expressway,0,Not a Cyclist,Not At Intersection,Not a Cyclist,Travel Lane,Not a Cyclist,Not Applicable,Not a Cyclist,Not Applicable,Not Applicable,Not Applicable,8,Not Applicable,910,Crossing Expressway,0,Not a Cyclist,
48,482248,0,1,5,Pedestrian,25,Male,None Noted,None Noted,None Noted,910,Crossing an Expressway,0,Not a Cyclist,Not At Intersection,Not a Cyclist,Travel Lane,Not a Cyclist,Not Applicable,Not a Cyclist,Not Applicable,Not Applicable,Not Applicable,8,Not Applicable,910,Crossing Expressway,0,Not a Cyclist,
48,480777,0,1,5,Pedestrian,37,Male,None Noted,None Noted,None Noted,910,Crossing an Expressway,0,Not a Cyclist,Not At Intersection,Not a Cyclist,Travel Lane,Not a Cyclist,Not Applicable,Not a Cyclist,Not Applicable,Not Applicable,Not Applicable,8,Not Applicable,910,Crossing Expressway,0,Not a Cyclist,
40,400518,0,1,5,Pedestrian,58,Male,None Noted,None Noted,None Noted,910,Crossing an Expressway,0,Not a Cyclist,Not At Intersection,Not a Cyclist,Travel Lane,Not a Cyclist,Not Applicable,Not a Cyclist,Not Applicable,Not Applicable,Not Applicable,8,Not Applicable,910,Crossing Expressway,0,Not a Cyclist,
48,480876,0,1,5,Pedestrian,37,Male,None Noted,None Noted,None Noted,910,Crossing an Expressway,0,Not a Cyclist,Not At Intersection,Not a Cyclist,Travel Lane,Not a Cyclist,Not Applicable,Not a Cyclist,Not Applicable,Not Applicable,Not Applicable,8,Not Applicable,910,Crossing Expressway,0,Not a Cyclist,
46,460096,0,1,5,Pedestrian,15,Male,None Noted,None Noted,None Noted,910,Crossing an Expressway,0,Not a Cyclist,Not At Intersection,Not a Cyclist,Travel Lane,Not a Cyclist,Not Applicable,Not a Cyclist,Not Applicable,Not Applicable,Not Applicable,8,Not Applicable,910,Crossing Expressway,0,Not a Cyclist,
42,420726,0,1,5,Pedestrian,40,Male,None Noted,None Noted,None Noted,910,Crossing an Expressway,0,Not a Cyclist,Not At Intersection,Not a Cyclist,Travel Lane,Not a Cyclist,Not Applicable,Not a Cyclist,Not Applicable,Not Applicable,Not Applicable,8,Not Applicable,910,Crossing Expressway,0,Not a Cyclist,
32,320071,0,1,5,Pedestrian,50,Male,None Noted,None Noted,None Noted,910,Crossing an Expressway,0,Not a Cyclist,Not At Intersection,Not a Cyclist,Travel Lane,Not a Cyclist,Not Applicable,Not a Cyclist,Not Applicable,Not Applicable,Not Applicable,8,Not Applicable,910,Crossing Expressway,0,Not a Cyclist,
40,400069,0,1,5,Pedestrian,38,Female,None Noted,None Noted,None Noted,910,Crossing an Expressway,0,Not a Cyclist,Not At Intersection,Not a Cyclist,Travel Lane,Not a Cyclist,Not Applicable,Not a Cyclist,Not Applicable,Not Applicable,Not Applicable,8,Not Applicable,910,Crossing Expressway,0,Not a Cyclist,
48,483037,0,1,5,Pedestrian,22,Female,None Noted,None Noted,None Noted,910,Crossing an Expressway,0,Not a Cyclist,Not At Intersection,Not a Cyclist,Travel Lane,Not a Cyclist,Not Applicable,Not a Cyclist,Not Applicable,Not Applicable,Not Applicable,8,Not Applicable,910,Crossing Expressway,0,Not a Cyclist,
27,270237,0,1,5,Pedestrian,54,Male,None Noted,None Noted,None Noted,910,Crossing an Expressway,0,Not a Cyclist,Not At Intersection,Not a Cyclist,Travel Lane,Not a Cyclist,Not Applicable,Not a Cyclist,Not Applicable,Not Applicable,Not Applicable,8,Not Applicable,910,Crossing Expressway,0,Not a Cyclist,
25,250050,0,1,5,Pedestrian,28,Male,None Noted,None Noted,None Noted,910,Crossing an Expressway,0,Not a Cyclist,Not At Intersection,Not a Cyclist,Travel Lane,Not a Cyclist,Not Applicable,Not a Cyclist,Not Applicable,Not Applicable,Not Applicable,8,Not Applicable,910,Crossing Expressway,0,Not a Cyclist,
39,390689,0,1,5,Pedestrian,58,Male,None Noted,None Noted,None Noted,910,Crossing an Expressway,0,Not a Cyclist,Not At Intersection,Not a Cyclist,Travel Lane,Not a Cyclist,Not Applicable,Not a Cyclist,Not Applicable,Not Applicable,Not Applicable,8,Not Applicable,910,Crossing Expressway,0,Not a Cyclist,
26,260417,0,1,5,Pedestrian,19,Male,None Noted,None Noted,None Noted,910,Crossing an Expressway,0,Not a Cyclist,Not At Intersection,Not a Cyclist,Travel Lane,Not a Cyclist,Not Applicable,Not a Cyclist,Not Applicable,Not Applicable,Not Applicable,8,Not Applicable,910,Crossing Expressway,0,Not a Cyclist,
36,360430,0,1,5,Pedestrian,999,Male,None Noted,None Noted,None Noted,910,Crossing an Expressway,0,Not a Cyclist,Not At Intersection,Not a Cyclist,Travel Lane,Not a Cyclist,Not Applicable,Not a Cyclist,Not Applicable,Not Applicable,Not Applicable,8,Not Applicable,910,Crossing Expressway,0,Not a Cyclist,
36,360325,0,1,5,Pedestrian,34,Male,None Noted,None Noted,None Noted,910,Crossing an Expressway,0,Not a Cyclist,Not At Intersection,Not a Cyclist,Travel Lane,Not a Cyclist,Not Applicable,Not a Cyclist,Not Applicable,Not Applicable,Not Applicable,8,Not Applicable,910,Crossing Expressway,0,Not a Cyclist,
25,250088,0,1,5,Pedestrian,57,Male,None Noted,None Noted,None Noted,910,Crossing an Expressway,0,Not a Cyclist,Not At Intersection,Not a Cyclist,Travel Lane,Not a Cyclist,Not Applicable,Not a Cyclist,Not Applicable,Not Applicable,Not Applicable,8,Not Applicable,910,Crossing Expressway,0,Not a Cyclist,
25,250139,0,1,5,Pedestrian,61,Male,None Noted,None Noted,None Noted,910,Crossing an Expressway,0,Not a Cyclist,Not At Intersection,Not a Cyclist,Travel Lane,Not a Cyclist,Not Applicable,Not a Cyclist,Not Applicable,Not Applicable,Not Applicable,8,Not Applicable,910,Crossing Expressway,0,Not a Cyclist,
24,240017,0,1,5,Pedestrian,42,Female,None Noted,None Noted,None Noted,910,Crossing an Expressway,0,Not a Cyclist,Not At Intersection,Not a Cyclist,Travel Lane,Not a Cyclist,Not Applicable,Not a Cyclist,Not Applicable,Not Applicable,Not Applicable,8,Not Applicable,910,Crossing Expressway,0,Not a Cyclist,
34,340215,0,1,5,Pedestrian,50,Female,None Noted,None Noted,None Noted,910,Crossing an Expressway,0,Not a Cyclist,Not At Intersection,Not a Cyclist,Travel Lane,Not a Cyclist,Not Applicable,Not a Cyclist,Not Applicable,Not Applicable,Not Applicable,8,Not Applicable,910,Crossing Expressway,0,Not a Cyclist,
29,290054,0,1,5,Pedestrian,29,Male,None Noted,None Noted,None Noted,910,Crossing an Expressway,0,Not a Cyclist,Not At Intersection,Not a Cyclist,Travel Lane,Not a Cyclist,Not Applicable,Not a Cyclist,Not Applicable,Not Applicable,Not Applicable,8,Not Applicable,910,Crossing Expressway,0,Not a Cyclist,
29,290064,0,1,5,Pedestrian,31,Female,None Noted,None Noted,None Noted,910,Crossing an Expressway,0,Not a Cyclist,Not At Intersection,Not a Cyclist,Travel Lane,Not a Cyclist,Not Applicable,Not a Cyclist,Not Applicable,Not Applicable,Not Applicable,8,Not Applicable,910,Crossing Expressway,0,Not a Cyclist,
29,290285,0,1,5,Pedestrian,37,Male,None Noted,None Noted,None Noted,910,Crossing an Expressway,0,Not a Cyclist,Not At Intersection,Not a Cyclist,Travel Lane,Not a Cyclist,Not Applicable,Not a Cyclist,Not Applicable,Not Applicable,Not Applicable,8,Not Applicable,910,Crossing Expressway,0,Not a Cyclist,
22,220391,0,1,5,Pedestrian,55,Female,None Noted,None Noted,None Noted,910,Crossing an Expressway,0,Not a Cyclist,Not At Intersection,Not a Cyclist,Travel Lane,Not a Cyclist,Not Applicable,Not a Cyclist,Not Applicable,Not Applicable,Not Applicable,8,Not Applicable,910,Crossing Expressway,0,Not a Cyclist,
36,360722,0,1,5,Pedestrian,61,Male,None Noted,None Noted,None Noted,910,Crossing an Expressway,0,Not a Cyclist,Not At Intersection,Not a Cyclist,Travel Lane,Not a Cyclist,Not Applicable,Not a Cyclist,Not Applicable,Not Applicable,Not Applicable,8,Not Applicable,910,Crossing Expressway,0,Not a Cyclist,
35,350192,0,1,5,Pedestrian,61,Male,None Noted,None Noted,None Noted,910,Crossing an Expressway,0,Not a Cyclist,Not At Intersection,Not a Cyclist,Travel Lane,Not a Cyclist,Not Applicable,Not a Cyclist,Not Applicable,Not Applicable,Not Applicable,8,Not Applicable,910,Crossing Expressway,0,Not a Cyclist,
39,390703,0,1,5,Pedestrian,31,Male,None Noted,None Noted,None Noted,910,Crossing an Expressway,0,Not a Cyclist,Not At Intersection,Not a Cyclist,Travel Lane,Not a Cyclist,Not Applicable,Not a Cyclist,Not Applicable,Not Applicable,Not Applicable,8,Not Applicable,910,Crossing Expressway,0,Not a Cyclist,
40,400177,0,1,5,Pedestrian,34,Male,None Noted,None Noted,None Noted,910,Crossing an Expressway,0,Not a Cyclist,Not At Intersection,Not a Cyclist,Travel Lane,Not a Cyclist,Not Applicable,Not a Cyclist,Not Applicable,Not Applicable,Not Applicable,8,Not Applicable,910,Crossing Expressway,0,Not a Cyclist,
40,400533,0,1,5,Pedestrian,54,Male,None Noted,None Noted,None Noted,910,Crossing an Expressway,0,Not a Cyclist,Not At Intersection,Not a Cyclist,Travel Lane,Not a Cyclist,Not Applicable,Not a Cyclist,Not Applicable,Not Applicable,Not Applicable,8,Not Applicable,910,Crossing Expressway,0,Not a Cyclist,
40,400534,0,1,5,Pedestrian,20,Male,None Noted,None Noted,None Noted,910,Crossing an Expressway,0,Not a Cyclist,Not At Intersection,Not a Cyclist,Travel Lane,Not a Cyclist,Not Applicable,Not a Cyclist,Not Applicable,Not Applicable,Not Applicable,8,Not Applicable,910,Crossing Expressway,0,Not a Cyclist,
40,400417,0,1,5,Pedestrian,48,Female,None Noted,None Noted,None Noted,910,Crossing an Expressway,0,Not a Cyclist,Not At Intersection,Not a Cyclist,Travel Lane,Not a Cyclist,Not Applicable,Not a Cyclist,Not Applicable,Not Applicable,Not Applicable,8,Not Applicable,910,Crossing Expressway,0,Not a Cyclist,
49,490215,0,1,5,Pedestrian,41,Male,None Noted,None Noted,None Noted,910,Crossing an Expressway,0,Not a Cyclist,Not At Intersection,Not a Cyclist,Travel Lane,Not a Cyclist,Not Applicable,Not a Cyclist,Not Applicable,Not Applicable,Not Applicable,8,Not Applicable,910,Crossing Expressway,0,Not a Cyclist,
39,390085,0,1,5,Pedestrian,39,Male,None Noted,None Noted,None Noted,910,Crossing an Expressway,0,Not a Cyclist,Not At Intersection,Not a Cyclist,Travel Lane,Not a Cyclist,Not Applicable,Not a Cyclist,Not Applicable,Not Applicable,Not Applicable,8,Not Applicable,910,Crossing Expressway,0,Not a Cyclist,
36,360377,0,1,5,Pedestrian,29,Male,None Noted,None Noted,None Noted,910,Crossing an Expressway,0,Not a Cyclist,Not At Intersection,Not a Cyclist,Travel Lane,Not a Cyclist,Not Applicable,Not a Cyclist,Not Applicable,Not Applicable,Not Applicable,8,Not Applicable,910,Crossing Expressway,0,Not a Cyclist,
42,421026,0,1,5,Pedestrian,69,Male,None Noted,None Noted,None Noted,910,Crossing an Expressway,0,Not a Cyclist,Not At Intersection,Not a Cyclist,Travel Lane,Not a Cyclist,Not Applicable,Not a Cyclist,Not Applicable,Not Applicable,Not Applicable,8,Not Applicable,910,Crossing Expressway,0,Not a Cyclist,
29,290819,0,1,5,Pedestrian,65,Male,None Noted,None Noted,None Noted,910,Crossing an Expressway,0,Not a Cyclist,Not At Intersection,Not a Cyclist,Travel Lane,Not a Cyclist,Not Applicable,Not a Cyclist,Not Applicable,Not Applicable,Not Applicable,8,Not Applicable,910,Crossing Expressway,0,Not a Cyclist,
42,420268,0,1,5,Pedestrian,56,Female,None Noted,None Noted,None Noted,910,Crossing an Expressway,0,Not a Cyclist,Not At Intersection,Not a Cyclist,Travel Lane,Not a Cyclist,Not Applicable,Not a Cyclist,Not Applicable,Not Applicable,Not Applicable,8,Not Applicable,910,Crossing Expressway,0,Not a Cyclist,
34,340434,0,1,5,Pedestrian,68,Male,None Noted,None Noted,None Noted,910,Crossing an Expressway,0,Not a Cyclist,Not At Intersection,Not a Cyclist,Travel Lane,Not a Cyclist,Not Applicable,Not a Cyclist,Not Applicable,Not Applicable,Not Applicable,8,Not Applicable,910,Crossing Expressway,0,Not a Cyclist,
26,260599,0,1,5,Pedestrian,63,Male,None Noted,None Noted,None Noted,910,Crossing an Expressway,0,Not a Cyclist,Not At Intersection,Not a Cyclist,Travel Lane,Not a Cyclist,Not Applicable,Not a Cyclist,Not Applicable,Not Applicable,Not Applicable,8,Not Applicable,910,Crossing Expressway,0,Not a Cyclist,
40,400098,0,1,5,Pedestrian,26,Male,None Noted,None Noted,None Noted,910,Crossing an Expressway,0,Not a Cyclist,Not At Intersection,Not a Cyclist,Travel Lane,Not a Cyclist,Not Applicable,Not a Cyclist,Not Applicable,Not Applicable,Not Applicable,8,Not Applicable,910,Crossing Expressway,0,Not a Cyclist,
34,340130,0,1,5,Pedestrian,41,Male,None Noted,None Noted,None Noted,910,Crossing an Expressway,0,Not a Cyclist,Not At Intersection,Not a Cyclist,Travel Lane,Not a Cyclist,Not Applicable,Not a Cyclist,Not Applicable,Not Applicable,Not Applicable,8,Not Applicable,910,Crossing Expressway,0,Not a Cyclist,
34,340130,0,2,5,Pedestrian,34,Female,None Noted,None Noted,None Noted,910,Crossing an Expressway,0,Not a Cyclist,Not At Intersection,Not a Cyclist,Travel Lane,Not a Cyclist,Not Applicable,Not a Cyclist,Not Applicable,Not Applicable,Not Applicable,8,Not Applicable,910,Crossing Expressway,0,Not a Cyclist,
53,530227,0,1,5,Pedestrian,53,Female,None Noted,None Noted,None Noted,910,Crossing an Expressway,0,Not a Cyclist,Not At Intersection,Not a Cyclist,Travel Lane,Not a Cyclist,Not Applicable,Not a Cyclist,Not Applicable,Not Applicable,Not Applicable,8,Not Applicable,910,Crossing Expressway,0,Not a Cyclist,
12,122068,0,1,5,Pedestrian,22,Male,None Noted,None Noted,None Noted,910,Crossing an Expressway,0,Not a Cyclist,Not At Intersection,Not a Cyclist,Travel Lane,Not a Cyclist,Not Applicable,Not a Cyclist,Not Applicable,Not Applicable,Not Applicable,8,Not Applicable,910,Crossing Expressway,0,Not a Cyclist,
48,480942,0,1,5,Pedestrian,54,Male,None Noted,None Noted,None Noted,910,Crossing an Expressway,0,Not a Cyclist,Not At Intersection,Not a Cyclist,Travel Lane,Not a Cyclist,Not Applicable,Not a Cyclist,Not Applicable,Not Applicable,Not Applicable,8,Not Applicable,910,Crossing Expressway,0,Not a Cyclist,
48,481989,0,1,5,Pedestrian,55,Male,None Noted,None Noted,None Noted,910,Crossing an Expressway,0,Not a Cyclist,Not At Intersection,Not a Cyclist,Travel Lane,Not a Cyclist,Not Applicable,Not a Cyclist,Not Applicable,Not Applicable,Not Applicable,8,Not Applicable,910,Crossing Expressway,0,Not a Cyclist,
53,530474,0,1,5,Pedestrian,21,Male,None Noted,None Noted,None Noted,910,Crossing an Expressway,0,Not a Cyclist,Not At Intersection,Not a Cyclist,Travel Lane,Not a Cyclist,Not Applicable,Not a Cyclist,Not Applicable,Not Applicable,Not Applicable,8,Not Applicable,910,Crossing Expressway,0,Not a Cyclist,
48,481727,0,1,5,Pedestrian,46,Male,None Noted,None Noted,None Noted,910,Crossing an Expressway,0,Not a Cyclist,Not At Intersection,Not a Cyclist,Travel Lane,Not a Cyclist,Not Applicable,Not a Cyclist,Not Applicable,Not Applicable,Not Applicable,8,Not Applicable,910,Crossing Expressway,0,Not a Cyclist,
48,483034,0,1,5,Pedestrian,46,Male,None Noted,None Noted,None Noted,910,Crossing an Expressway,0,Not a Cyclist,Not At Intersection,Not a Cyclist,Travel Lane,Not a Cyclist,Not Applicable,Not a Cyclist,Not Applicable,Not Applicable,Not Applicable,8,Not Applicable,910,Crossing Expressway,0,Not a Cyclist,
48,481515,0,1,5,Pedestrian,59,Male,None Noted,None Noted,None Noted,910,Crossing an Expressway,0,Not a Cyclist,Not At Intersection,Not a Cyclist,Travel Lane,Not a Cyclist,Not Applicable,Not a Cyclist,Not Applicable,Not Applicable,Not Applicable,8,Not Applicable,910,Crossing Expressway,0,Not a Cyclist,
17,170788,0,1,5,Pedestrian,40,Male,None Noted,None Noted,None Noted,910,Crossing an Expressway,0,Not a Cyclist,Not At Intersection,Not a Cyclist,Travel Lane,Not a Cyclist,Not Applicable,Not a Cyclist,Not Applicable,Not Applicable,Not Applicable,8,Not Applicable,910,Crossing Expressway,0,Not a Cyclist,
48,481514,0,1,5,Pedestrian,55,Male,None Noted,None Noted,None Noted,910,Crossing an Expressway,0,Not a Cyclist,Not At Intersection,Not a Cyclist,Travel Lane,Not a Cyclist,Not Applicable,Not a Cyclist,Not Applicable,Not Applicable,Not Applicable,8,Not Applicable,910,Crossing Expressway,0,Not a Cyclist,
48,482842,0,1,5,Pedestrian,55,Male,None Noted,None Noted,None Noted,910,Crossing an Expressway,0,Not a Cyclist,Not At Intersection,Not a Cyclist,Travel Lane,Not a Cyclist,Not Applicable,Not a Cyclist,Not Applicable,Not Applicable,Not Applicable,8,Not Applicable,910,Crossing Expressway,0,Not a Cyclist,
48,481489,0,1,5,Pedestrian,24,Female,None Noted,None Noted,None Noted,910,Crossing an Expressway,0,Not a Cyclist,Not At Intersection,Not a Cyclist,Travel Lane,Not a Cyclist,Not Applicable,Not a Cyclist,Not Applicable,Not Applicable,Not Applicable,8,Not Applicable,910,Crossing Expressway,0,Not a Cyclist,
48,482693,0,1,5,Pedestrian,46,Male,None Noted,None Noted,None Noted,910,Crossing an Expressway,0,Not a Cyclist,Not At Intersection,Not a Cyclist,Travel Lane,Not a Cyclist,Not Applicable,Not a Cyclist,Not Applicable,Not Applicable,Not Applicable,8,Not Applicable,910,Crossing Expressway,0,Not a Cyclist,
32,320156,0,1,5,Pedestrian,80,Male,None Noted,None Noted,None Noted,910,Crossing an Expressway,0,Not a Cyclist,Not At Intersection,Not a Cyclist,Travel Lane,Not a Cyclist,Not Applicable,Not a Cyclist,Not Applicable,Not Applicable,Not Applicable,8,Not Applicable,910,Crossing Expressway,0,Not a Cyclist,
48,480725,0,1,5,Pedestrian,50,Male,None Noted,None Noted,None Noted,910,Crossing an Expressway,0,Not a Cyclist,Not At Intersection,Not a Cyclist,Travel Lane,Not a Cyclist,Not Applicable,Not a Cyclist,Not Applicable,Not Applicable,Not Applicable,8,Not Applicable,910,Crossing Expressway,0,Not a Cyclist,
42,420704,0,1,5,Pedestrian,35,Male,None Noted,None Noted,None Noted,910,Crossing an Expressway,0,Not a Cyclist,Not At Intersection,Not a Cyclist,Travel Lane,Not a Cyclist,Not Applicable,Not a Cyclist,Not Applicable,Not Applicable,Not Applicable,8,Not Applicable,910,Crossing Expressway,0,Not a Cyclist,
9,90170,0,1,5,Pedestrian,53,Male,None Noted,None Noted,None Noted,910,Crossing an Expressway,0,Not a Cyclist,Not At Intersection,Not a Cyclist,Travel Lane,Not a Cyclist,Not Applicable,Not a Cyclist,Not Applicable,Not Applicable,Not Applicable,8,Not Applicable,910,Crossing Expressway,0,Not a Cyclist,
12,122174,0,1,5,Pedestrian,21,Female,None Noted,None Noted,None Noted,910,Crossing an Expressway,0,Not a Cyclist,Not At Intersection,Not a Cyclist,Travel Lane,Not a Cyclist,Not Applicable,Not a Cyclist,Not Applicable,Not Applicable,Not Applicable,8,Not Applicable,910,Crossing Expressway,0,Not a Cyclist,
12,122587,0,1,5,Pedestrian,69,Male,None Noted,None Noted,None Noted,910,Crossing an Expressway,0,Not a Cyclist,Not At Intersection,Not a Cyclist,Travel Lane,Not a Cyclist,Not Applicable,Not a Cyclist,Not Applicable,Not Applicable,Not Applicable,8,Not Applicable,910,Crossing Expressway,0,Not a Cyclist,
48,482544,0,1,5,Pedestrian,22,Male,None Noted,None Noted,None Noted,910,Crossing an Expressway,0,Not a Cyclist,Not At Intersection,Not a Cyclist,Travel Lane,Not a Cyclist,Not Applicable,Not a Cyclist,Not Applicable,Not Applicable,Not Applicable,8,Not Applicable,910,Crossing Expressway,0,Not a Cyclist,
5,50403,0,1,5,Pedestrian,22,Female,None Noted,None Noted,None Noted,910,Crossing an Expressway,0,Not a Cyclist,Not At Intersection,Not a Cyclist,Travel Lane,Not a Cyclist,Not Applicable,Not a Cyclist,Not Applicable,Not Applicable,Not Applicable,8,Not Applicable,910,Crossing Expressway,0,Not a Cyclist,
5,50415,0,1,5,Pedestrian,62,Male,None Noted,None Noted,None Noted,910,Crossing an Expressway,0,Not a Cyclist,Not At Intersection,Not a Cyclist,Travel Lane,Not a Cyclist,Not Applicable,Not a Cyclist,Not Applicable,Not Applicable,Not Applicable,8,Not Applicable,910,Crossing Expressway,0,Not a Cyclist,
5,50477,0,1,5,Pedestrian,40,Male,None Noted,None Noted,None Noted,910,Crossing an Expressway,0,Not a Cyclist,Not At Intersection,Not a Cyclist,Travel Lane,Not a Cyclist,Not Applicable,Not a Cyclist,Not Applicable,Not Applicable,Not Applicable,8,Not Applicable,910,Crossing Expressway,0,Not a Cyclist,
4,40761,0,1,5,Pedestrian,58,Female,None Noted,None Noted,None Noted,910,Crossing an Expressway,0,Not a Cyclist,Not At Intersection,Not a Cyclist,Travel Lane,Not a Cyclist,Not Applicable,Not a Cyclist,Not Applicable,Not Applicable,Not Applicable,8,Not Applicable,910,Crossing Expressway,0,Not a Cyclist,