state_number,consecutive_number,vehicle_number,person_number,person_type,person_type_name,age,sex,marked_crosswalk_present,sidewalk_present,school_zone,crash_type_pedestrian,crash_type_pedestrian_name,crash_type_bicycle,crash_type_bicycle_name,crash_location_pedestrian,crash_location_bicycle,pedestrian_position,bicyclist_position,pedestrian_initial_direction_of_travel,bicyclist_initial_direction_of_travel,motorist_initial_direction_of_travel,motorist_maneuver,intersection_leg,pedestrian_scenario,pedestrian_scenario_name,crash_group_pedestrian,crash_group_pedestrian_name,crash_group_bicycle,crash_group_bicycle_name
12,121932,0,1,5,Pedestrian,26,Female,None Noted,None Noted,None Noted,910,Crossing an Expressway,0,Not a Cyclist,Not At Intersection,Not a Cyclist,Travel Lane,Not a Cyclist,Not Applicable,Not a Cyclist,Not Applicable,Not Applicable,Not Applicable,8,Not Applicable,910,Crossing Expressway,0,Not a Cyclist,
48,482553,0,1,5,Pedestrian,29,Male,None Noted,None Noted,None Noted,910,Crossing an Expressway,0,Not a Cyclist,Not At Intersection,Not a Cyclist,Travel Lane,Not a Cyclist,Not Applicable,Not a Cyclist,Not Applicable,Not Applicable,Not Applicable,8,Not Applicable,910,Crossing Expressway,0,Not a Cyclist,
48,481848,0,1,5,Pedestrian,24,Female,None Noted,None Noted,None Noted,910,Crossing an Expressway,0,Not a Cyclist,Not At Intersection,Not a Cyclist,Travel Lane,Not a Cyclist,Not Applicable,Not a Cyclist,Not Applicable,Not Applicable,Not Applicable,8,Not Applicable,910,Crossing Expressway,0,Not a Cyclist,
48,481890,0,1,5,Pedestrian,30,Male,None Noted,None Noted,None Noted,910,Crossing an Expressway,0,Not a Cyclist,Not At Intersection,Not a Cyclist,Travel Lane,Not a Cyclist,Not Applicable,Not a Cyclist,Not Applicable,Not Applicable,Not Applicable,8,Not Applicable,910,Crossing Expressway,0,Not a Cyclist,
48,482891,0,1,5,Pedestrian,15,Male,None Noted,None Noted,None Noted,910,Crossing an Expressway,0,Not a Cyclist,Not At Intersection,Not a Cyclist,Travel Lane,Not a Cyclist,Not Applicable,Not a Cyclist,Not Applicable,Not Applicable,Not Applicable,8,Not Applicable,910,Crossing Expressway,0,Not a Cyclist,
22,220367,0,1,5,Pedestrian,46,Male,None Noted,None Noted,None Noted,910,Crossing an Expressway,0,Not a Cyclist,Not At Intersection,Not a Cyclist,Travel Lane,Not a Cyclist,Not Applicable,Not a Cyclist,Not Applicable,Not Applicable,Not Applicable,8,Not Applicable,910,Crossing Expressway,0,Not a Cyclist,
22,220383,0,1,5,Pedestrian,57,Male,None Noted,None Noted,None Noted,910,Crossing an Expressway,0,Not a Cyclist,Not At Intersection,Not a Cyclist,Travel Lane,Not a Cyclist,Not Applicable,Not a Cyclist,Not Applicable,Not Applicable,Not Applicable,8,Not Applicable,910,Crossing Expressway,0,Not a Cyclist,
29,290237,0,1,5,Pedestrian,31,Male,None Noted,None Noted,None Noted,910,Crossing an Expressway,0,Not a Cyclist,Not At Intersection,Not a Cyclist,Travel Lane,Not a Cyclist,Not Applicable,Not a Cyclist,Not Applicable,Not Applicable,Not Applicable,8,Not Applicable,910,Crossing Expressway,0,Not a Cyclist,
48,482542,0,1,5,Pedestrian,55,Female,None Noted,None Noted,None Noted,910,Crossing an Expressway,0,Not a Cyclist,Not At Intersection,Not a Cyclist,Travel Lane,Not a Cyclist,Not Applicable,Not a Cyclist,Not Applicable,Not Applicable,Not Applicable,8,Not Applicable,910,Crossing Expressway,0,Not a Cyclist,
32,320008,0,1,5,Pedestrian,57,Male,None Noted,None Noted,None Noted,910,Crossing an Expressway,0,Not a Cyclist,Not At Intersection,Not a Cyclist,Travel Lane,Not a Cyclist,Not Applicable,Not a Cyclist,Not Applicable,Not Applicable,Not Applicable,8,Not Applicable,910,Crossing Expressway,0,Not a Cyclist,
42,420704,0,3,5,Pedestrian,72,Male,None Noted,None Noted,None Noted,910,Crossing an Expressway,0,Not a Cyclist,Not At Intersection,Not a Cyclist,Travel Lane,Not a Cyclist,Not Applicable,Not a Cyclist,Not Applicable,Not Applicable,Not Applicable,8,Not Applicable,910,Crossing Expressway,0,Not a Cyclist,
29,290465,0,1,5,Pedestrian,57,Female,None Noted,None Noted,None Noted,910,Crossing an Expressway,0,Not a Cyclist,Not At Intersection,Not a Cyclist,Travel Lane,Not a Cyclist,Not Applicable,Not a Cyclist,Not Applicable,Not Applicable,Not Applicable,8,Not Applicable,910,Crossing Expressway,0,Not a Cyclist,
29,290473,0,1,5,Pedestrian,13,Male,None Noted,None Noted,None Noted,910,Crossing an Expressway,0,Not a Cyclist,Not At Intersection,Not a Cyclist,Travel Lane,Not a Cyclist,Not Applicable,Not a Cyclist,Not Applicable,Not Applicable,Not Applicable,8,Not Applicable,910,Crossing Expressway,0,Not a Cyclist,
29,290552,0,1,5,Pedestrian,48,Male,None Noted,None Noted,None Noted,910,Crossing an Expressway,0,Not a Cyclist,Not At Intersection,Not a Cyclist,Travel Lane,Not a Cyclist,Not Applicable,Not a Cyclist,Not Applicable,Not Applicable,Not Applicable,8,Not Applicable,910,Crossing Expressway,0,Not a Cyclist,
29,290621,0,1,5,Pedestrian,48,Male,None Noted,None Noted,None Noted,910,Crossing an Expressway,0,Not a Cyclist,Not At Intersection,Not a Cyclist,Travel Lane,Not a Cyclist,Not Applicable,Not a Cyclist,Not Applicable,Not Applicable,Not Applicable,8,Not Applicable,910,Crossing Expressway,0,Not a Cyclist,
48,482540,0,1,5,Pedestrian,34,Male,None Noted,None Noted,None Noted,910,Crossing an Expressway,0,Not a Cyclist,Not At Intersection,Not a Cyclist,Travel Lane,Not a Cyclist,Not Applicable,Not a Cyclist,Not Applicable,Not Applicable,Not Applicable,8,Not Applicable,910,Crossing Expressway,0,Not a Cyclist,
32,320171,0,1,5,Pedestrian,53,Male,None Noted,None Noted,None Noted,910,Crossing an Expressway,0,Not a Cyclist,Not At Intersection,Not a Cyclist,Travel Lane,Not a Cyclist,Not Applicable,Not a Cyclist,Not Applicable,Not Applicable,Not Applicable,8,Not Applicable,910,Crossing Expressway,0,Not a Cyclist,
29,290449,0,1,5,Pedestrian,75,Male,None Noted,None Noted,None Noted,910,Crossing an Expressway,0,Not a Cyclist,Not At Intersection,Not a Cyclist,Travel Lane,Not a Cyclist,Not Applicable,Not a Cyclist,Not Applicable,Not Applicable,Not Applicable,8,Not Applicable,910,Crossing Expressway,0,Not a Cyclist,
48,481759,0,1,5,Pedestrian,22,Male,None Noted,None Noted,None Noted,910,Crossing an Expressway,0,Not a Cyclist,Not At Intersection,Not a Cyclist,Travel Lane,Not a Cyclist,Not Applicable,Not a Cyclist,Not Applicable,Not Applicable,Not Applicable,8,Not Applicable,910,Crossing Expressway,0,Not a Cyclist,
42,420704,0,2,5,Pedestrian,33,Female,None Noted,None Noted,None Noted,910,Crossing an Expressway,0,Not a Cyclist,Not At Intersection,Not a Cyclist,Travel Lane,Not a Cyclist,Not Applicable,Not a Cyclist,Not Applicable,Not Applicable,Not Applicable,8,Not Applicable,910,Crossing Expressway,0,Not a Cyclist,
42,420704,0,4,5,Pedestrian,65,Female,None Noted,None Noted,None Noted,910,Crossing an Expressway,0,Not a Cyclist,Not At Intersection,Not a Cyclist,Travel Lane,Not a Cyclist,Not Applicable,Not a Cyclist,Not Applicable,Not Applicable,Not Applicable,8,Not Applicable,910,Crossing Expressway,0,Not a Cyclist,
48,480019,0,1,5,Pedestrian,51,Male,None Noted,None Noted,None Noted,910,Crossing an Expressway,0,Not a Cyclist,Not At Intersection,Not a Cyclist,Travel Lane,Not a Cyclist,Not Applicable,Not a Cyclist,Not Applicable,Not Applicable,Not Applicable,8,Not Applicable,910,Crossing Expressway,0,Not a Cyclist,
48,480541,0,1,5,Pedestrian,30,Female,None Noted,None Noted,None Noted,910,Crossing an Expressway,0,Not a Cyclist,Not At Intersection,Not a Cyclist,Travel Lane,Not a Cyclist,Not Applicable,Not a Cyclist,Not Applicable,Not Applicable,Not Applicable,8,Not Applicable,910,Crossing Expressway,0,Not a Cyclist,
48,480556,0,1,5,Pedestrian,999,Male,None Noted,None Noted,None Noted,910,Crossing an Expressway,0,Not a Cyclist,Not At Intersection,Not a Cyclist,Travel Lane,Not a Cyclist,Not Applicable,Not a Cyclist,Not Applicable,Not Applicable,Not Applicable,8,Not Applicable,910,Crossing Expressway,0,Not a Cyclist,
48,480590,0,1,5,Pedestrian,71,Male,None Noted,None Noted,None Noted,910,Crossing an Expressway,0,Not a Cyclist,Not At Intersection,Not a Cyclist,Travel Lane,Not a Cyclist,Not Applicable,Not a Cyclist,Not Applicable,Not Applicable,Not Applicable,8,Not Applicable,910,Crossing Expressway,0,Not a Cyclist,
48,482620,0,1,5,Pedestrian,51,Male,None Noted,None Noted,None Noted,910,Crossing an Expressway,0,Not a Cyclist,Not At Intersection,Not a Cyclist,Travel Lane,Not a Cyclist,Not Applicable,Not a Cyclist,Not Applicable,Not Applicable,Not Applicable,8,Not Applicable,910,Crossing Expressway,0,Not a Cyclist,
37,371145,0,1,5,Pedestrian,21,Male,None Noted,None Noted,None Noted,910,Crossing an Expressway,0,Not a Cyclist,Not At Intersection,Not a Cyclist,Travel Lane,Not a Cyclist,Not Applicable,Not a Cyclist,Not Applicable,Not Applicable,Not Applicable,8,Not Applicable,910,Crossing Expressway,0,Not a Cyclist,
37,371130,0,1,5,Pedestrian,32,Female,None Noted,None Noted,None Noted,910,Crossing an Expressway,0,Not a Cyclist,Not At Intersection,Not a Cyclist,Travel Lane,Not a Cyclist,Not Applicable,Not a Cyclist,Not Applicable,Not Applicable,Not Applicable,8,Not Applicable,910,Crossing Expressway,0,Not a Cyclist,
37,371144,0,1,5,Pedestrian,78,Male,None Noted,None Noted,None Noted,910,Crossing an Expressway,0,Not a Cyclist,Not At Intersection,Not a Cyclist,Travel Lane,Not a Cyclist,Not Applicable,Not a Cyclist,Not Applicable,Not Applicable,Not Applicable,8,Not Applicable,910,Crossing Expressway,0,Not a Cyclist,
37,370196,0,1,5,Pedestrian,53,Male,None Noted,None Noted,None Noted,910,Crossing an Expressway,0,Not a Cyclist,Not At Intersection,Not a Cyclist,Travel Lane,Not a Cyclist,Not Applicable,Not a Cyclist,Not Applicable,Not Applicable,Not Applicable,8,Not Applicable,910,Crossing Expressway,0,Not a Cyclist,
26,260394,0,1,5,Pedestrian,49,Male,None Noted,None Noted,None Noted,910,Crossing an Expressway,0,Not a Cyclist,Not At Intersection,Not a Cyclist,Travel Lane,Not a Cyclist,Not Applicable,Not a Cyclist,Not Applicable,Not Applicable,Not Applicable,8,Not Applicable,910,Crossing Expressway,0,Not a Cyclist,
24,240154,0,1,5,Pedestrian,28,Female,None Noted,None Noted,None Noted,910,Crossing an Expressway,0,Not a Cyclist,Not At Intersection,Not a Cyclist,Travel Lane,Not a Cyclist,Not Applicable,Not a Cyclist,Not Applicable,Not Applicable,Not Applicable,8,Not Applicable,910,Crossing Expressway,0,Not a Cyclist,
48,481140,0,1,5,Pedestrian,62,Male,None Noted,None Noted,None Noted,910,Crossing an Expressway,0,Not a Cyclist,Not At Intersection,Not a Cyclist,Travel Lane,Not a Cyclist,Not Applicable,Not a Cyclist,Not Applicable,Not Applicable,Not Applicable,8,Not Applicable,910,Crossing Expressway,0,Not a Cyclist,
48,482103,0,1,5,Pedestrian,65,Male,None Noted,None Noted,None Noted,910,Crossing an Expressway,0,Not a Cyclist,Not At Intersection,Not a Cyclist,Travel Lane,Not a Cyclist,Not Applicable,Not a Cyclist,Not Applicable,Not Applicable,Not Applicable,8,Not Applicable,910,Crossing Expressway,0,Not a Cyclist,
13,130481,0,1,8,Person on Personal Conveyances,59,Male,None Noted,None Noted,None Noted,410,Walking/Running Along Roadway With Traffic – From Behind,0,Not a Cyclist,Not At Intersection,Not a Cyclist,Travel Lane,Not a Cyclist,Not Applicable,Not a Cyclist,Not Applicable,Not Applicable,Not Applicable,8,Not Applicable,400,Walking/Running Along Roadway,0,Not a Cyclist,
13,130966,0,1,8,Person on Personal Conveyances,20,Male,None Noted,None Noted,None Noted,410,Walking/Running Along Roadway With Traffic – From Behind,0,Not a Cyclist,Not At Intersection,Not a Cyclist,Travel Lane,Not a Cyclist,Not Applicable,Not a Cyclist,Not Applicable,Not Applicable,Not Applicable,8,Not Applicable,400,Walking/Running Along Roadway,0,Not a Cyclist,
26,260440,0,1,8,Person on Personal Conveyances,19,Male,None Noted,None Noted,None Noted,410,Walking/Running Along Roadway With Traffic – From Behind,0,Not a Cyclist,Not At Intersection,Not a Cyclist,Travel Lane,Not a Cyclist,Not Applicable,Not a Cyclist,Not Applicable,Not Applicable,Not Applicable,8,Not Applicable,400,Walking/Running Along Roadway,0,Not a Cyclist,
26,260883,0,1,8,Person on Personal Conveyances,31,Female,None Noted,None Noted,None Noted,410,Walking/Running Along Roadway With Traffic – From Behind,0,Not a Cyclist,Not At Intersection,Not a Cyclist,Travel Lane,Not a Cyclist,Not Applicable,Not a Cyclist,Not Applicable,Not Applicable,Not Applicable,8,Not Applicable,400,Walking/Running Along Roadway,0,Not a Cyclist,
26,260883,0,4,8,Person on Personal Conveyances,3,Male,None Noted,None Noted,None Noted,410,Walking/Running Along Roadway With Traffic – From Behind,0,Not a Cyclist,Not At Intersection,Not a Cyclist,Travel Lane,Not a Cyclist,Not Applicable,Not a Cyclist,Not Applicable,Not Applicable,Not Applicable,8,Not Applicable,400,Walking/Running Along Roadway,0,Not a Cyclist,
37,370040,0,1,5,Pedestrian,32,Male,None Noted,None Noted,None Noted,430,Walking/Running Along Roadway Against Traffic – From Behind,0,Not a Cyclist,Not At Intersection,Not a Cyclist,Travel Lane,Not a Cyclist,Not Applicable,Not a Cyclist,Not Applicable,Not Applicable,Not Applicable,8,Not Applicable,400,Walking/Running Along Roadway,0,Not a Cyclist,
37,370636,0,1,5,Pedestrian,31,Male,None Noted,None Noted,None Noted,459,Walking/Running Along Roadway – Direction/Position Unknown,0,Not a Cyclist,Not At Intersection,Not a Cyclist,Travel Lane,Not a Cyclist,Not Applicable,Not a Cyclist,Not Applicable,Not Applicable,Not Applicable,8,Not Applicable,400,Walking/Running Along Roadway,0,Not a Cyclist,
39,390122,0,1,5,Pedestrian,63,Male,None Noted,None Noted,None Noted,459,Walking/Running Along Roadway – Direction/Position Unknown,0,Not a Cyclist,Not At Intersection,Not a Cyclist,Travel Lane,Not a Cyclist,Not Applicable,Not a Cyclist,Not Applicable,Not Applicable,Not Applicable,8,Not Applicable,400,Walking/Running Along Roadway,0,Not a Cyclist,
37,370627,0,1,5,Pedestrian,39,Male,None Noted,None Noted,None Noted,459,Walking/Running Along Roadway – Direction/Position Unknown,0,Not a Cyclist,Not At Intersection,Not a Cyclist,Other/Unknown,Not a Cyclist,Not Applicable,Not a Cyclist,Not Applicable,Not Applicable,Not Applicable,8,Not Applicable,400,Walking/Running Along Roadway,0,Not a Cyclist,
23,230071,0,1,5,Pedestrian,75,Female,None Noted,None Noted,None Noted,459,Walking/Running Along Roadway – Direction/Position Unknown,0,Not a Cyclist,Not At Intersection,Not a Cyclist,Other/Unknown,Not a Cyclist,Not Applicable,Not a Cyclist,Not Applicable,Not Applicable,Not Applicable,8,Not Applicable,400,Walking/Running Along Roadway,0,Not a Cyclist,
12,120859,0,1,8,Person on Personal Conveyances,47,Male,None Noted,None Noted,None Noted,410,Walking/Running Along Roadway With Traffic – From Behind,0,Not a Cyclist,Not At Intersection,Not a Cyclist,Travel Lane,Not a Cyclist,Not Applicable,Not a Cyclist,Not Applicable,Not Applicable,Not Applicable,8,Not Applicable,400,Walking/Running Along Roadway,0,Not a Cyclist,
37,370310,0,1,5,Pedestrian,40,Male,None Noted,None Noted,None Noted,459,Walking/Running Along Roadway – Direction/Position Unknown,0,Not a Cyclist,Not At Intersection,Not a Cyclist,Travel Lane,Not a Cyclist,Not Applicable,Not a Cyclist,Not Applicable,Not Applicable,Not Applicable,8,Not Applicable,400,Walking/Running Along Roadway,0,Not a Cyclist,
37,370315,0,1,5,Pedestrian,28,Female,None Noted,None Noted,None Noted,459,Walking/Running Along Roadway – Direction/Position Unknown,0,Not a Cyclist,Not At Intersection,Not a Cyclist,Travel Lane,Not a Cyclist,Not Applicable,Not a Cyclist,Not Applicable,Not Applicable,Not Applicable,8,Not Applicable,400,Walking/Running Along Roadway,0,Not a Cyclist,
37,370316,0,1,5,Pedestrian,19,Male,None Noted,None Noted,None Noted,459,Walking/Running Along Roadway – Direction/Position Unknown,0,Not a Cyclist,Not At Intersection,Not a Cyclist,Travel Lane,Not a Cyclist,Not Applicable,Not a Cyclist,Not Applicable,Not Applicable,Not Applicable,8,Not Applicable,400,Walking/Running Along Roadway,0,Not a Cyclist,
37,370345,0,1,5,Pedestrian,47,Male,None Noted,None Noted,None Noted,459,Walking/Running Along Roadway – Direction/Position Unknown,0,Not a Cyclist,Not At Intersection,Not a Cyclist,Travel Lane,Not a Cyclist,Not Applicable,Not a Cyclist,Not Applicable,Not Applicable,Not Applicable,8,Not Applicable,400,Walking/Running Along Roadway,0,Not a Cyclist,
45,450244,0,1,5,Pedestrian,84,Male,None Noted,None Noted,None Noted,459,Walking/Running Along Roadway – Direction/Position Unknown,0,Not a Cyclist,Not At Intersection,Not a Cyclist,Paved Shoulder/Bicycle Lane/Parking Lane,Not a Cyclist,Not Applicable,Not a Cyclist,Not Applicable,Not Applicable,Not Applicable,8,Not Applicable,400,Walking/Running Along Roadway,0,Not a Cyclist,
37,370627,0,2,5,Pedestrian,23,Male,None Noted,None Noted,None Noted,459,Walking/Running Along Roadway – Direction/Position Unknown,0,Not a Cyclist,Not At Intersection,Not a Cyclist,Other/Unknown,Not a Cyclist,Not Applicable,Not a Cyclist,Not Applicable,Not Applicable,Not Applicable,8,Not Applicable,400,Walking/Running Along Roadway,0,Not a Cyclist,
41,410156,0,1,8,Person on Personal Conveyances,60,Female,None Noted,None Noted,None Noted,459,Walking/Running Along Roadway – Direction/Position Unknown,0,Not a Cyclist,Not At Intersection,Not a Cyclist,Travel Lane,Not a Cyclist,Not Applicable,Not a Cyclist,Not Applicable,Not Applicable,Not Applicable,8,Not Applicable,400,Walking/Running Along Roadway,0,Not a Cyclist,
26,260594,0,1,5,Pedestrian,15,Female,None Noted,None Noted,None Noted,459,Walking/Running Along Roadway – Direction/Position Unknown,0,Not a Cyclist,Not At Intersection,Not a Cyclist,Paved Shoulder/Bicycle Lane/Parking Lane,Not a Cyclist,Not Applicable,Not a Cyclist,Not Applicable,Not Applicable,Not Applicable,8,Not Applicable,400,Walking/Running Along Roadway,0,Not a Cyclist,
26,260595,0,1,5,Pedestrian,58,Female,None Noted,None Noted,None Noted,459,Walking/Running Along Roadway – Direction/Position Unknown,0,Not a Cyclist,Not At Intersection,Not a Cyclist,Unpaved Right-of-Way,Not a Cyclist,Not Applicable,Not a Cyclist,Not Applicable,Not Applicable,Not Applicable,8,Not Applicable,400,Walking/Running Along Roadway,0,Not a Cyclist,
37,370063,0,1,5,Pedestrian,61,Female,None Noted,None Noted,None Noted,410,Walking/Running Along Roadway With Traffic – From Behind,0,Not a Cyclist,Not At Intersection,Not a Cyclist,Travel Lane,Not a Cyclist,Not Applicable,Not a Cyclist,Not Applicable,Not Applicable,Not Applicable,8,Not Applicable,400,Walking/Running Along Roadway,0,Not a Cyclist,
12,121782,0,1,8,Person on Personal Conveyances,998,Male,None Noted,None Noted,None Noted,410,Walking/Running Along Roadway With Traffic – From Behind,0,Not a Cyclist,Not At Intersection,Not a Cyclist,Travel Lane,Not a Cyclist,Not Applicable,Not a Cyclist,Not Applicable,Not Applicable,Not Applicable,8,Not Applicable,400,Walking/Running Along Roadway,0,Not a Cyclist,
37,370685,0,1,5,Pedestrian,34,Male,None Noted,None Noted,None Noted,410,Walking/Running Along Roadway With Traffic – From Behind,0,Not a Cyclist,Not At Intersection,Not a Cyclist,Travel Lane,Not a Cyclist,Not Applicable,Not a Cyclist,Not Applicable,Not Applicable,Not Applicable,8,Not Applicable,400,Walking/Running Along Roadway,0,Not a Cyclist,
34,340036,0,1,5,Pedestrian,29,Male,None Noted,None Noted,None Noted,410,Walking/Running Along Roadway With Traffic – From Behind,0,Not a Cyclist,Not At Intersection,Not a Cyclist,Paved Shoulder/Bicycle Lane/Parking Lane,Not a Cyclist,Not Applicable,Not a Cyclist,Not Applicable,Not Applicable,Not Applicable,8,Not Applicable,400,Walking/Running Along Roadway,0,Not a Cyclist,
34,340015,0,1,5,Pedestrian,43,Male,None Noted,None Noted,Unknown,410,Walking/Running Along Roadway With Traffic – From Behind,0,Not a Cyclist,Not At Intersection,Not a Cyclist,Unpaved Right-of-Way,Not a Cyclist,Not Applicable,Not a Cyclist,Not Applicable,Not Applicable,Not Applicable,8,Not Applicable,400,Walking/Running Along Roadway,0,Not a Cyclist,
34,340088,0,1,5,Pedestrian,25,Male,None Noted,None Noted,None Noted,410,Walking/Running Along Roadway With Traffic – From Behind,0,Not a Cyclist,Not At Intersection,Not a Cyclist,Travel Lane,Not a Cyclist,Not Applicable,Not a Cyclist,Not Applicable,Not Applicable,Not Applicable,8,Not Applicable,400,Walking/Running Along Roadway,0,Not a Cyclist,
37,370719,0,1,5,Pedestrian,46,Female,None Noted,None Noted,None Noted,410,Walking/Running Along Roadway With Traffic – From Behind,0,Not a Cyclist,Not At Intersection,Not a Cyclist,Travel Lane,Not a Cyclist,Not Applicable,Not a Cyclist,Not Applicable,Not Applicable,Not Applicable,8,Not Applicable,400,Walking/Running Along Roadway,0,Not a Cyclist,
37,370707,0,1,5,Pedestrian,48,Male,None Noted,None Noted,None Noted,410,Walking/Running Along Roadway With Traffic – From Behind,0,Not a Cyclist,Not At Intersection,Not a Cyclist,Travel Lane,Not a Cyclist,Not Applicable,Not a Cyclist,Not Applicable,Not Applicable,Not Applicable,8,Not Applicable,400,Walking/Running Along Roadway,0,Not a Cyclist,
27,270082,0,1,5,Pedestrian,43,Male,None Noted,None Noted,None Noted,410,Walking/Running Along Roadway With Traffic – From Behind,0,Not a Cyclist,Not At Intersection,Not a Cyclist,Travel Lane,Not a Cyclist,Not Applicable,Not a Cyclist,Not Applicable,Not Applicable,Not Applicable,8,Not Applicable,400,Walking/Running Along Roadway,0,Not a Cyclist,
27,270365,0,1,5,Pedestrian,37,Male,None Noted,None Noted,None Noted,410,Walking/Running Along Roadway With Traffic – From Behind,0,Not a Cyclist,Not At Intersection,Not a Cyclist,Paved Shoulder/Bicycle Lane/Parking Lane,Not a Cyclist,Not Applicable,Not a Cyclist,Not Applicable,Not Applicable,Not Applicable,8,Not Applicable,400,Walking/Running Along Roadway,0,Not a Cyclist,
39,391069,0,1,5,Pedestrian,50,Male,None Noted,None Noted,None Noted,459,Walking/Running Along Roadway – Direction/Position Unknown,0,Not a Cyclist,Not At Intersection,Not a Cyclist,Travel Lane,Not a Cyclist,Not Applicable,Not a Cyclist,Not Applicable,Not Applicable,Not Applicable,8,Not Applicable,400,Walking/Running Along Roadway,0,Not a Cyclist,
31,310143,0,1,8,Person on Personal Conveyances,54,Male,None Noted,None Noted,None Noted,410,Walking/Running Along Roadway With Traffic – From Behind,0,Not a Cyclist,Not At Intersection,Not a Cyclist,Travel Lane,Not a Cyclist,Not Applicable,Not a Cyclist,Not Applicable,Not Applicable,Not Applicable,8,Not Applicable,400,Walking/Running Along Roadway,0,Not a Cyclist,
26,260883,0,2,8,Person on Personal Conveyances,1,Male,None Noted,None Noted,None Noted,410,Walking/Running Along Roadway With Traffic – From Behind,0,Not a Cyclist,Not At Intersection,Not a Cyclist,Travel Lane,Not a Cyclist,Not Applicable,Not a Cyclist,Not Applicable,Not Applicable,Not Applicable,8,Not Applicable,400,Walking/Running Along Roadway,0,Not a Cyclist,
33,330038,0,1,8,Person on Personal Conveyances,61,Male,None Noted,None Noted,None Noted,410,Walking/Running Along Roadway With Traffic – From Behind,0,Not a Cyclist,Not At Intersection,Not a Cyclist,Unpaved Right-of-Way,Not a Cyclist,Not Applicable,Not a Cyclist,Not Applicable,Not Applicable,Not Applicable,8,Not Applicable,400,Walking/Running Along Roadway,0,Not a Cyclist,
34,340440,0,4,8,Person on Personal Conveyances,6,Male,None Noted,None Noted,None Noted,410,Walking/Running Along Roadway With Traffic – From Behind,0,Not a Cyclist,Not At Intersection,Not a Cyclist,Travel Lane,Not a Cyclist,Not Applicable,Not a Cyclist,Not Applicable,Not Applicable,Not Applicable,8,Not Applicable,400,Walking/Running Along Roadway,0,Not a Cyclist,
12,122411,0,1,8,Person on Personal Conveyances,24,Male,None Noted,None Noted,None Noted,410,Walking/Running Along Roadway With Traffic – From Behind,0,Not a Cyclist,Not At Intersection,Not a Cyclist,Travel Lane,Not a Cyclist,Not Applicable,Not a Cyclist,Not Applicable,Not Applicable,Not Applicable,8,Not Applicable,400,Walking/Running Along Roadway,0,Not a Cyclist,
41,410101,0,1,8,Person on Personal Conveyances,14,Male,None Noted,None Noted,None Noted,410,Walking/Running Along Roadway With Traffic – From Behind,0,Not a Cyclist,Not At Intersection,Not a Cyclist,Travel Lane,Not a Cyclist,Not Applicable,Not a Cyclist,Not Applicable,Not Applicable,Not Applicable,8,Not Applicable,400,Walking/Running Along Roadway,0,Not a Cyclist,
31,310138,0,2,8,Person on Personal Conveyances,998,Female,None Noted,None Noted,None Noted,410,Walking/Running Along Roadway With Traffic – From Behind,0,Not a Cyclist,Not At Intersection,Not a Cyclist,Travel Lane,Not a Cyclist,Not Applicable,Not a Cyclist,Not Applicable,Not Applicable,Not Applicable,8,Not Applicable,400,Walking/Running Along Roadway,0,Not a Cyclist,
41,410001,0,1,8,Person on Personal Conveyances,66,Female,None Noted,None Noted,None Noted,410,Walking/Running Along Roadway With Traffic – From Behind,0,Not a Cyclist,Not At Intersection,Not a Cyclist,Travel Lane,Not a Cyclist,Not Applicable,Not a Cyclist,Not Applicable,Not Applicable,Not Applicable,8,Not Applicable,400,Walking/Running Along Roadway,0,Not a Cyclist,
12,121543,0,1,5,Pedestrian,14,Male,None Noted,None Noted,None Noted,430,Walking/Running Along Roadway Against Traffic – From Behind,0,Not a Cyclist,Not At Intersection,Not a Cyclist,Travel Lane,Not a Cyclist,Not Applicable,Not a Cyclist,Not Applicable,Not Applicable,Not Applicable,8,Not Applicable,400,Walking/Running Along Roadway,0,Not a Cyclist,
12,121874,0,1,5,Pedestrian,71,Male,None Noted,None Noted,None Noted,430,Walking/Running Along Roadway Against Traffic – From Behind,0,Not a Cyclist,Not At Intersection,Not a Cyclist,Travel Lane,Not a Cyclist,Not Applicable,Not a Cyclist,Not Applicable,Not Applicable,Not Applicable,8,Not Applicable,400,Walking/Running Along Roadway,0,Not a Cyclist,
29,290810,0,1,5,Pedestrian,41,Female,None Noted,None Noted,None Noted,410,Walking/Running Along Roadway With Traffic – From Behind,0,Not a Cyclist,Not At Intersection,Not a Cyclist,Travel Lane,Not a Cyclist,Not Applicable,Not a Cyclist,Not Applicable,Not Applicable,Not Applicable,8,Not Applicable,400,Walking/Running Along Roadway,0,Not a Cyclist,
28,280279,0,1,5,Pedestrian,44,Male,None Noted,None Noted,None Noted,410,Walking/Running Along Roadway With Traffic – From Behind,0,Not a Cyclist,Not At Intersection,Not a Cyclist,Travel Lane,Not a Cyclist,Not Applicable,Not a Cyclist,Not Applicable,Not Applicable,Not Applicable,8,Not Applicable,400,Walking/Running Along Roadway,0,Not a Cyclist,