state_number,consecutive_number,vehicle_number,person_number,person_type,person_type_name,age,sex,marked_crosswalk_present,sidewalk_present,school_zone,crash_type_pedestrian,crash_type_pedestrian_name,crash_type_bicycle,crash_type_bicycle_name,crash_location_pedestrian,crash_location_bicycle,pedestrian_position,bicyclist_position,pedestrian_initial_direction_of_travel,bicyclist_initial_direction_of_travel,motorist_initial_direction_of_travel,motorist_maneuver,intersection_leg,pedestrian_scenario,pedestrian_scenario_name,crash_group_pedestrian,crash_group_pedestrian_name,crash_group_bicycle,crash_group_bicycle_name
12,121084,0,1,5,Pedestrian,58,Male,None Noted,None Noted,None Noted,410,Walking/Running Along Roadway With Traffic – From Behind,0,Not a Cyclist,Not At Intersection,Not a Cyclist,Unpaved Right-of-Way,Not a Cyclist,Not Applicable,Not a Cyclist,Not Applicable,Not Applicable,Not Applicable,8,Not Applicable,400,Walking/Running Along Roadway,0,Not a Cyclist,
12,122109,0,1,5,Pedestrian,82,Male,None Noted,None Noted,None Noted,410,Walking/Running Along Roadway With Traffic – From Behind,0,Not a Cyclist,Not At Intersection,Not a Cyclist,Other/Unknown,Not a Cyclist,Not Applicable,Not a Cyclist,Not Applicable,Not Applicable,Not Applicable,8,Not Applicable,400,Walking/Running Along Roadway,0,Not a Cyclist,
12,121942,0,1,5,Pedestrian,34,Male,None Noted,None Noted,None Noted,410,Walking/Running Along Roadway With Traffic – From Behind,0,Not a Cyclist,Not At Intersection,Not a Cyclist,Travel Lane,Not a Cyclist,Not Applicable,Not a Cyclist,Not Applicable,Not Applicable,Not Applicable,8,Not Applicable,400,Walking/Running Along Roadway,0,Not a Cyclist,
12,121399,0,1,5,Pedestrian,60,Male,None Noted,None Noted,None Noted,410,Walking/Running Along Roadway With Traffic – From Behind,0,Not a Cyclist,Not At Intersection,Not a Cyclist,Travel Lane,Not a Cyclist,Not Applicable,Not a Cyclist,Not Applicable,Not Applicable,Not Applicable,8,Not Applicable,400,Walking/Running Along Roadway,0,Not a Cyclist,
12,121480,0,1,5,Pedestrian,36,Female,None Noted,None Noted,None Noted,410,Walking/Running Along Roadway With Traffic – From Behind,0,Not a Cyclist,Not At Intersection,Not a Cyclist,Travel Lane,Not a Cyclist,Not Applicable,Not a Cyclist,Not Applicable,Not Applicable,Not Applicable,8,Not Applicable,400,Walking/Running Along Roadway,0,Not a Cyclist,
12,121476,0,1,5,Pedestrian,51,Male,None Noted,None Noted,None Noted,410,Walking/Running Along Roadway With Traffic – From Behind,0,Not a Cyclist,Not At Intersection,Not a Cyclist,Travel Lane,Not a Cyclist,Not Applicable,Not a Cyclist,Not Applicable,Not Applicable,Not Applicable,8,Not Applicable,400,Walking/Running Along Roadway,0,Not a Cyclist,
12,121750,0,3,5,Pedestrian,19,Male,None Noted,None Noted,None Noted,410,Walking/Running Along Roadway With Traffic – From Behind,0,Not a Cyclist,Not At Intersection,Not a Cyclist,Travel Lane,Not a Cyclist,Not Applicable,Not a Cyclist,Not Applicable,Not Applicable,Not Applicable,8,Not Applicable,400,Walking/Running Along Roadway,0,Not a Cyclist,
12,121750,0,2,5,Pedestrian,1,Female,None Noted,None Noted,None Noted,410,Walking/Running Along Roadway With Traffic – From Behind,0,Not a Cyclist,Not At Intersection,Not a Cyclist,Travel Lane,Not a Cyclist,Not Applicable,Not a Cyclist,Not Applicable,Not Applicable,Not Applicable,8,Not Applicable,400,Walking/Running Along Roadway,0,Not a Cyclist,
12,121750,0,1,5,Pedestrian,16,Female,None Noted,None Noted,None Noted,410,Walking/Running Along Roadway With Traffic – From Behind,0,Not a Cyclist,Not At Intersection,Not a Cyclist,Travel Lane,Not a Cyclist,Not Applicable,Not a Cyclist,Not Applicable,Not Applicable,Not Applicable,8,Not Applicable,400,Walking/Running Along Roadway,0,Not a Cyclist,
26,260166,0,1,5,Pedestrian,29,Male,None Noted,None Noted,None Noted,410,Walking/Running Along Roadway With Traffic – From Behind,0,Not a Cyclist,Not At Intersection,Not a Cyclist,Travel Lane,Not a Cyclist,Not Applicable,Not a Cyclist,Not Applicable,Not Applicable,Not Applicable,8,Not Applicable,400,Walking/Running Along Roadway,0,Not a Cyclist,
22,220369,0,1,5,Pedestrian,29,Male,None Noted,None Noted,None Noted,410,Walking/Running Along Roadway With Traffic – From Behind,0,Not a Cyclist,Not At Intersection,Not a Cyclist,Travel Lane,Not a Cyclist,Not Applicable,Not a Cyclist,Not Applicable,Not Applicable,Not Applicable,8,Not Applicable,400,Walking/Running Along Roadway,0,Not a Cyclist,
22,220271,0,1,5,Pedestrian,63,Female,None Noted,None Noted,None Noted,410,Walking/Running Along Roadway With Traffic – From Behind,0,Not a Cyclist,Not At Intersection,Not a Cyclist,Travel Lane,Not a Cyclist,Not Applicable,Not a Cyclist,Not Applicable,Not Applicable,Not Applicable,8,Not Applicable,400,Walking/Running Along Roadway,0,Not a Cyclist,
12,121402,0,1,5,Pedestrian,40,Female,None Noted,None Noted,None Noted,410,Walking/Running Along Roadway With Traffic – From Behind,0,Not a Cyclist,Not At Intersection,Not a Cyclist,Travel Lane,Not a Cyclist,Not Applicable,Not a Cyclist,Not Applicable,Not Applicable,Not Applicable,8,Not Applicable,400,Walking/Running Along Roadway,0,Not a Cyclist,
12,122048,0,1,5,Pedestrian,41,Male,None Noted,None Noted,None Noted,410,Walking/Running Along Roadway With Traffic – From Behind,0,Not a Cyclist,Not At Intersection,Not a Cyclist,Travel Lane,Not a Cyclist,Not Applicable,Not a Cyclist,Not Applicable,Not Applicable,Not Applicable,8,Not Applicable,400,Walking/Running Along Roadway,0,Not a Cyclist,
4,40580,0,1,5,Pedestrian,58,Male,None Noted,None Noted,None Noted,440,Walking/Running Along Roadway Against Traffic – From Front,0,Not a Cyclist,Not At Intersection,Not a Cyclist,Travel Lane,Not a Cyclist,Not Applicable,Not a Cyclist,Not Applicable,Not Applicable,Not Applicable,8,Not Applicable,400,Walking/Running Along Roadway,0,Not a Cyclist,
1,10662,0,1,5,Pedestrian,65,Male,None Noted,None Noted,None Noted,440,Walking/Running Along Roadway Against Traffic – From Front,0,Not a Cyclist,Not At Intersection,Not a Cyclist,Travel Lane,Not a Cyclist,Not Applicable,Not a Cyclist,Not Applicable,Not Applicable,Not Applicable,8,Not Applicable,400,Walking/Running Along Roadway,0,Not a Cyclist,
1,10609,0,1,5,Pedestrian,43,Female,None Noted,None Noted,None Noted,440,Walking/Running Along Roadway Against Traffic – From Front,0,Not a Cyclist,Not At Intersection,Not a Cyclist,Travel Lane,Not a Cyclist,Not Applicable,Not a Cyclist,Not Applicable,Not Applicable,Not Applicable,8,Not Applicable,400,Walking/Running Along Roadway,0,Not a Cyclist,
1,10471,0,1,5,Pedestrian,61,Female,None Noted,None Noted,None Noted,440,Walking/Running Along Roadway Against Traffic – From Front,0,Not a Cyclist,Not At Intersection,Not a Cyclist,Travel Lane,Not a Cyclist,Not Applicable,Not a Cyclist,Not Applicable,Not Applicable,Not Applicable,8,Not Applicable,400,Walking/Running Along Roadway,0,Not a Cyclist,
13,130952,0,1,5,Pedestrian,31,Male,None Noted,None Noted,None Noted,410,Walking/Running Along Roadway With Traffic – From Behind,0,Not a Cyclist,Not At Intersection,Not a Cyclist,Paved Shoulder/Bicycle Lane/Parking Lane,Not a Cyclist,Not Applicable,Not a Cyclist,Not Applicable,Not Applicable,Not Applicable,8,Not Applicable,400,Walking/Running Along Roadway,0,Not a Cyclist,
23,230007,0,1,5,Pedestrian,35,Male,None Noted,None Noted,None Noted,410,Walking/Running Along Roadway With Traffic – From Behind,0,Not a Cyclist,Not At Intersection,Not a Cyclist,Paved Shoulder/Bicycle Lane/Parking Lane,Not a Cyclist,Not Applicable,Not a Cyclist,Not Applicable,Not Applicable,Not Applicable,8,Not Applicable,400,Walking/Running Along Roadway,0,Not a Cyclist,
26,260099,0,1,5,Pedestrian,62,Male,None Noted,None Noted,None Noted,410,Walking/Running Along Roadway With Traffic – From Behind,0,Not a Cyclist,Not At Intersection,Not a Cyclist,Travel Lane,Not a Cyclist,Not Applicable,Not a Cyclist,Not Applicable,Not Applicable,Not Applicable,8,Not Applicable,400,Walking/Running Along Roadway,0,Not a Cyclist,
26,260053,0,1,5,Pedestrian,21,Male,None Noted,None Noted,None Noted,410,Walking/Running Along Roadway With Traffic – From Behind,0,Not a Cyclist,Not At Intersection,Not a Cyclist,Travel Lane,Not a Cyclist,Not Applicable,Not a Cyclist,Not Applicable,Not Applicable,Not Applicable,8,Not Applicable,400,Walking/Running Along Roadway,0,Not a Cyclist,
26,260764,0,1,5,Pedestrian,17,Male,None Noted,None Noted,None Noted,410,Walking/Running Along Roadway With Traffic – From Behind,0,Not a Cyclist,Not At Intersection,Not a Cyclist,Unpaved Right-of-Way,Not a Cyclist,Not Applicable,Not a Cyclist,Not Applicable,Not Applicable,Not Applicable,8,Not Applicable,400,Walking/Running Along Roadway,0,Not a Cyclist,
22,220398,0,1,5,Pedestrian,37,Female,None Noted,None Noted,None Noted,440,Walking/Running Along Roadway Against Traffic – From Front,0,Not a Cyclist,Not At Intersection,Not a Cyclist,Travel Lane,Not a Cyclist,Not Applicable,Not a Cyclist,Not Applicable,Not Applicable,Not Applicable,8,Not Applicable,400,Walking/Running Along Roadway,0,Not a Cyclist,
21,210241,0,1,5,Pedestrian,20,Male,None Noted,None Noted,None Noted,440,Walking/Running Along Roadway Against Traffic – From Front,0,Not a Cyclist,Not At Intersection,Not a Cyclist,Travel Lane,Not a Cyclist,Not Applicable,Not a Cyclist,Not Applicable,Not Applicable,Not Applicable,8,Not Applicable,400,Walking/Running Along Roadway,0,Not a Cyclist,
22,220123,0,1,5,Pedestrian,47,Male,None Noted,None Noted,None Noted,440,Walking/Running Along Roadway Against Traffic – From Front,0,Not a Cyclist,Not At Intersection,Not a Cyclist,Travel Lane,Not a Cyclist,Not Applicable,Not a Cyclist,Not Applicable,Not Applicable,Not Applicable,8,Not Applicable,400,Walking/Running Along Roadway,0,Not a Cyclist,
22,220104,0,1,5,Pedestrian,62,Male,None Noted,None Noted,None Noted,440,Walking/Running Along Roadway Against Traffic – From Front,0,Not a Cyclist,Not At Intersection,Not a Cyclist,Travel Lane,Not a Cyclist,Not Applicable,Not a Cyclist,Not Applicable,Not Applicable,Not Applicable,8,Not Applicable,400,Walking/Running Along Roadway,0,Not a Cyclist,
21,210071,0,1,5,Pedestrian,25,Female,None Noted,None Noted,None Noted,440,Walking/Running Along Roadway Against Traffic – From Front,0,Not a Cyclist,Not At Intersection,Not a Cyclist,Travel Lane,Not a Cyclist,Not Applicable,Not a Cyclist,Not Applicable,Not Applicable,Not Applicable,8,Not Applicable,400,Walking/Running Along Roadway,0,Not a Cyclist,
18,180198,0,1,5,Pedestrian,41,Female,None Noted,None Noted,None Noted,440,Walking/Running Along Roadway Against Traffic – From Front,0,Not a Cyclist,Not At Intersection,Not a Cyclist,Travel Lane,Not a Cyclist,Not Applicable,Not a Cyclist,Not Applicable,Not Applicable,Not Applicable,8,Not Applicable,400,Walking/Running Along Roadway,0,Not a Cyclist,
18,180089,0,1,5,Pedestrian,45,Male,None Noted,None Noted,None Noted,440,Walking/Running Along Roadway Against Traffic – From Front,0,Not a Cyclist,Not At Intersection,Not a Cyclist,Travel Lane,Not a Cyclist,Not Applicable,Not a Cyclist,Not Applicable,Not Applicable,Not Applicable,8,Not Applicable,400,Walking/Running Along Roadway,0,Not a Cyclist,
22,220409,0,1,5,Pedestrian,32,Female,None Noted,None Noted,None Noted,440,Walking/Running Along Roadway Against Traffic – From Front,0,Not a Cyclist,Not At Intersection,Not a Cyclist,Travel Lane,Not a Cyclist,Not Applicable,Not a Cyclist,Not Applicable,Not Applicable,Not Applicable,8,Not Applicable,400,Walking/Running Along Roadway,0,Not a Cyclist,
8,80101,0,1,5,Pedestrian,26,Male,None Noted,None Noted,None Noted,440,Walking/Running Along Roadway Against Traffic – From Front,0,Not a Cyclist,Not At Intersection,Not a Cyclist,Travel Lane,Not a Cyclist,Not Applicable,Not a Cyclist,Not Applicable,Not Applicable,Not Applicable,8,Not Applicable,400,Walking/Running Along Roadway,0,Not a Cyclist,
22,220409,0,2,5,Pedestrian,28,Female,None Noted,None Noted,None Noted,440,Walking/Running Along Roadway Against Traffic – From Front,0,Not a Cyclist,Not At Intersection,Not a Cyclist,Travel Lane,Not a Cyclist,Not Applicable,Not a Cyclist,Not Applicable,Not Applicable,Not Applicable,8,Not Applicable,400,Walking/Running Along Roadway,0,Not a Cyclist,
12,120399,0,2,5,Pedestrian,49,Male,None Noted,None Noted,None Noted,760,Pedestrian Failed to Yield,0,Not a Cyclist,Not At Intersection,Not a Cyclist,Travel Lane,Not a Cyclist,Not Applicable,Not a Cyclist,Not Applicable,Not Applicable,Not Applicable,8,Not Applicable,750,Crossing Roadway – Vehicle Not Turning,0,Not a Cyclist,
12,121815,0,1,5,Pedestrian,52,Male,None Noted,None Noted,None Noted,760,Pedestrian Failed to Yield,0,Not a Cyclist,Not At Intersection,Not a Cyclist,Travel Lane,Not a Cyclist,Not Applicable,Not a Cyclist,Not Applicable,Not Applicable,Not Applicable,8,Not Applicable,750,Crossing Roadway – Vehicle Not Turning,0,Not a Cyclist,
12,120660,0,1,5,Pedestrian,52,Male,None Noted,None Noted,None Noted,760,Pedestrian Failed to Yield,0,Not a Cyclist,Not At Intersection,Not a Cyclist,Travel Lane,Not a Cyclist,Not Applicable,Not a Cyclist,Not Applicable,Not Applicable,Not Applicable,8,Not Applicable,750,Crossing Roadway – Vehicle Not Turning,0,Not a Cyclist,
12,120662,0,1,5,Pedestrian,37,Male,None Noted,None Noted,None Noted,760,Pedestrian Failed to Yield,0,Not a Cyclist,Not At Intersection,Not a Cyclist,Travel Lane,Not a Cyclist,Not Applicable,Not a Cyclist,Not Applicable,Not Applicable,Not Applicable,8,Not Applicable,750,Crossing Roadway – Vehicle Not Turning,0,Not a Cyclist,
12,121798,0,1,5,Pedestrian,30,Male,None Noted,None Noted,None Noted,760,Pedestrian Failed to Yield,0,Not a Cyclist,Not At Intersection,Not a Cyclist,Travel Lane,Not a Cyclist,Not Applicable,Not a Cyclist,Not Applicable,Not Applicable,Not Applicable,8,Not Applicable,750,Crossing Roadway – Vehicle Not Turning,0,Not a Cyclist,
12,120751,0,1,5,Pedestrian,58,Male,None Noted,None Noted,None Noted,760,Pedestrian Failed to Yield,0,Not a Cyclist,Not At Intersection,Not a Cyclist,Travel Lane,Not a Cyclist,Not Applicable,Not a Cyclist,Not Applicable,Not Applicable,Not Applicable,8,Not Applicable,750,Crossing Roadway – Vehicle Not Turning,0,Not a Cyclist,
12,120752,0,1,5,Pedestrian,51,Male,None Noted,None Noted,None Noted,760,Pedestrian Failed to Yield,0,Not a Cyclist,Not At Intersection,Not a Cyclist,Travel Lane,Not a Cyclist,Not Applicable,Not a Cyclist,Not Applicable,Not Applicable,Not Applicable,8,Not Applicable,750,Crossing Roadway – Vehicle Not Turning,0,Not a Cyclist,
12,120399,0,1,5,Pedestrian,53,Female,None Noted,None Noted,None Noted,760,Pedestrian Failed to Yield,0,Not a Cyclist,Not At Intersection,Not a Cyclist,Travel Lane,Not a Cyclist,Not Applicable,Not a Cyclist,Not Applicable,Not Applicable,Not Applicable,8,Not Applicable,750,Crossing Roadway – Vehicle Not Turning,0,Not a Cyclist,
12,120593,0,1,5,Pedestrian,54,Female,None Noted,None Noted,None Noted,760,Pedestrian Failed to Yield,0,Not a Cyclist,Not At Intersection,Not a Cyclist,Travel Lane,Not a Cyclist,Not Applicable,Not a Cyclist,Not Applicable,Not Applicable,Not Applicable,8,Not Applicable,750,Crossing Roadway – Vehicle Not Turning,0,Not a Cyclist,
12,120605,0,1,5,Pedestrian,53,Female,None Noted,None Noted,None Noted,760,Pedestrian Failed to Yield,0,Not a Cyclist,Not At Intersection,Not a Cyclist,Travel Lane,Not a Cyclist,Not Applicable,Not a Cyclist,Not Applicable,Not Applicable,Not Applicable,8,Not Applicable,750,Crossing Roadway – Vehicle Not Turning,0,Not a Cyclist,
12,121837,0,1,5,Pedestrian,62,Male,None Noted,None Noted,None Noted,760,Pedestrian Failed to Yield,0,Not a Cyclist,Not At Intersection,Not a Cyclist,Travel Lane,Not a Cyclist,Not Applicable,Not a Cyclist,Not Applicable,Not Applicable,Not Applicable,8,Not Applicable,750,Crossing Roadway – Vehicle Not Turning,0,Not a Cyclist,
12,120226,0,1,5,Pedestrian,53,Female,None Noted,None Noted,None Noted,760,Pedestrian Failed to Yield,0,Not a Cyclist,Not At Intersection,Not a Cyclist,Travel Lane,Not a Cyclist,Not Applicable,Not a Cyclist,Not Applicable,Not Applicable,Not Applicable,8,Not Applicable,750,Crossing Roadway – Vehicle Not Turning,0,Not a Cyclist,
12,120260,0,1,5,Pedestrian,51,Female,None Noted,None Noted,None Noted,760,Pedestrian Failed to Yield,0,Not a Cyclist,Not At Intersection,Not a Cyclist,Travel Lane,Not a Cyclist,Not Applicable,Not a Cyclist,Not Applicable,Not Applicable,Not Applicable,8,Not Applicable,750,Crossing Roadway – Vehicle Not Turning,0,Not a Cyclist,
12,121855,0,1,5,Pedestrian,57,Female,None Noted,None Noted,None Noted,760,Pedestrian Failed to Yield,0,Not a Cyclist,Not At Intersection,Not a Cyclist,Travel Lane,Not a Cyclist,Not Applicable,Not a Cyclist,Not Applicable,Not Applicable,Not Applicable,8,Not Applicable,750,Crossing Roadway – Vehicle Not Turning,0,Not a Cyclist,
12,122440,0,1,5,Pedestrian,76,Female,None Noted,None Noted,None Noted,760,Pedestrian Failed to Yield,0,Not a Cyclist,Not At Intersection,Not a Cyclist,Travel Lane,Not a Cyclist,Not Applicable,Not a Cyclist,Not Applicable,Not Applicable,Not Applicable,8,Not Applicable,750,Crossing Roadway – Vehicle Not Turning,0,Not a Cyclist,
12,122520,0,1,5,Pedestrian,63,Male,None Noted,None Noted,None Noted,760,Pedestrian Failed to Yield,0,Not a Cyclist,Not At Intersection,Not a Cyclist,Travel Lane,Not a Cyclist,Not Applicable,Not a Cyclist,Not Applicable,Not Applicable,Not Applicable,8,Not Applicable,750,Crossing Roadway – Vehicle Not Turning,0,Not a Cyclist,
12,122557,0,1,5,Pedestrian,37,Male,None Noted,None Noted,None Noted,760,Pedestrian Failed to Yield,0,Not a Cyclist,Not At Intersection,Not a Cyclist,Travel Lane,Not a Cyclist,Not Applicable,Not a Cyclist,Not Applicable,Not Applicable,Not Applicable,8,Not Applicable,750,Crossing Roadway – Vehicle Not Turning,0,Not a Cyclist,
12,122572,0,1,5,Pedestrian,76,Male,None Noted,None Noted,None Noted,760,Pedestrian Failed to Yield,0,Not a Cyclist,Not At Intersection,Not a Cyclist,Travel Lane,Not a Cyclist,Not Applicable,Not a Cyclist,Not Applicable,Not Applicable,Not Applicable,8,Not Applicable,750,Crossing Roadway – Vehicle Not Turning,0,Not a Cyclist,
12,122400,0,1,5,Pedestrian,16,Male,None Noted,None Noted,None Noted,760,Pedestrian Failed to Yield,0,Not a Cyclist,Not At Intersection,Not a Cyclist,Travel Lane,Not a Cyclist,Not Applicable,Not a Cyclist,Not Applicable,Not Applicable,Not Applicable,8,Not Applicable,750,Crossing Roadway – Vehicle Not Turning,0,Not a Cyclist,
12,122674,0,1,5,Pedestrian,54,Unknown,None Noted,None Noted,None Noted,760,Pedestrian Failed to Yield,0,Not a Cyclist,Not At Intersection,Not a Cyclist,Travel Lane,Not a Cyclist,Not Applicable,Not a Cyclist,Not Applicable,Not Applicable,Not Applicable,8,Not Applicable,750,Crossing Roadway – Vehicle Not Turning,0,Not a Cyclist,
12,122679,0,1,5,Pedestrian,45,Male,None Noted,None Noted,None Noted,760,Pedestrian Failed to Yield,0,Not a Cyclist,Not At Intersection,Not a Cyclist,Travel Lane,Not a Cyclist,Not Applicable,Not a Cyclist,Not Applicable,Not Applicable,Not Applicable,8,Not Applicable,750,Crossing Roadway – Vehicle Not Turning,0,Not a Cyclist,
12,122597,0,1,5,Pedestrian,34,Male,None Noted,None Noted,None Noted,760,Pedestrian Failed to Yield,0,Not a Cyclist,Not At Intersection,Not a Cyclist,Travel Lane,Not a Cyclist,Not Applicable,Not a Cyclist,Not Applicable,Not Applicable,Not Applicable,8,Not Applicable,750,Crossing Roadway – Vehicle Not Turning,0,Not a Cyclist,
12,122282,0,1,5,Pedestrian,57,Male,None Noted,None Noted,None Noted,760,Pedestrian Failed to Yield,0,Not a Cyclist,Not At Intersection,Not a Cyclist,Travel Lane,Not a Cyclist,Not Applicable,Not a Cyclist,Not Applicable,Not Applicable,Not Applicable,8,Not Applicable,750,Crossing Roadway – Vehicle Not Turning,0,Not a Cyclist,
12,122306,0,1,5,Pedestrian,49,Male,None Noted,None Noted,None Noted,760,Pedestrian Failed to Yield,0,Not a Cyclist,Not At Intersection,Not a Cyclist,Travel Lane,Not a Cyclist,Not Applicable,Not a Cyclist,Not Applicable,Not Applicable,Not Applicable,8,Not Applicable,750,Crossing Roadway – Vehicle Not Turning,0,Not a Cyclist,
12,122319,0,1,5,Pedestrian,58,Male,None Noted,None Noted,None Noted,760,Pedestrian Failed to Yield,0,Not a Cyclist,Not At Intersection,Not a Cyclist,Travel Lane,Not a Cyclist,Not Applicable,Not a Cyclist,Not Applicable,Not Applicable,Not Applicable,8,Not Applicable,750,Crossing Roadway – Vehicle Not Turning,0,Not a Cyclist,
12,122284,0,1,5,Pedestrian,70,Male,None Noted,None Noted,None Noted,760,Pedestrian Failed to Yield,0,Not a Cyclist,Not At Intersection,Not a Cyclist,Travel Lane,Not a Cyclist,Not Applicable,Not a Cyclist,Not Applicable,Not Applicable,Not Applicable,8,Not Applicable,750,Crossing Roadway – Vehicle Not Turning,0,Not a Cyclist,
12,122366,0,1,5,Pedestrian,60,Male,None Noted,None Noted,None Noted,760,Pedestrian Failed to Yield,0,Not a Cyclist,Not At Intersection,Not a Cyclist,Travel Lane,Not a Cyclist,Not Applicable,Not a Cyclist,Not Applicable,Not Applicable,Not Applicable,8,Not Applicable,750,Crossing Roadway – Vehicle Not Turning,0,Not a Cyclist,
12,122263,0,1,5,Pedestrian,55,Female,None Noted,None Noted,None Noted,760,Pedestrian Failed to Yield,0,Not a Cyclist,Not At Intersection,Not a Cyclist,Travel Lane,Not a Cyclist,Not Applicable,Not a Cyclist,Not Applicable,Not Applicable,Not Applicable,8,Not Applicable,750,Crossing Roadway – Vehicle Not Turning,0,Not a Cyclist,
12,122233,0,1,5,Pedestrian,35,Male,None Noted,None Noted,None Noted,760,Pedestrian Failed to Yield,0,Not a Cyclist,Not At Intersection,Not a Cyclist,Travel Lane,Not a Cyclist,Not Applicable,Not a Cyclist,Not Applicable,Not Applicable,Not Applicable,8,Not Applicable,750,Crossing Roadway – Vehicle Not Turning,0,Not a Cyclist,
12,121762,0,1,5,Pedestrian,88,Female,None Noted,None Noted,None Noted,760,Pedestrian Failed to Yield,0,Not a Cyclist,Not At Intersection,Not a Cyclist,Travel Lane,Not a Cyclist,Not Applicable,Not a Cyclist,Not Applicable,Not Applicable,Not Applicable,8,Not Applicable,750,Crossing Roadway – Vehicle Not Turning,0,Not a Cyclist,
12,122449,0,1,5,Pedestrian,48,Female,Yes,None Noted,None Noted,760,Pedestrian Failed to Yield,0,Not a Cyclist,Not At Intersection,Not a Cyclist,Travel Lane,Not a Cyclist,Not Applicable,Not a Cyclist,Not Applicable,Not Applicable,Not Applicable,8,Not Applicable,750,Crossing Roadway – Vehicle Not Turning,0,Not a Cyclist,
12,122459,0,1,5,Pedestrian,56,Male,None Noted,None Noted,None Noted,760,Pedestrian Failed to Yield,0,Not a Cyclist,Not At Intersection,Not a Cyclist,Travel Lane,Not a Cyclist,Not Applicable,Not a Cyclist,Not Applicable,Not Applicable,Not Applicable,8,Not Applicable,750,Crossing Roadway – Vehicle Not Turning,0,Not a Cyclist,
12,122485,0,1,5,Pedestrian,66,Male,None Noted,None Noted,None Noted,760,Pedestrian Failed to Yield,0,Not a Cyclist,Not At Intersection,Not a Cyclist,Travel Lane,Not a Cyclist,Not Applicable,Not a Cyclist,Not Applicable,Not Applicable,Not Applicable,8,Not Applicable,750,Crossing Roadway – Vehicle Not Turning,0,Not a Cyclist,
12,122487,0,1,5,Pedestrian,52,Female,None Noted,None Noted,None Noted,760,Pedestrian Failed to Yield,0,Not a Cyclist,Not At Intersection,Not a Cyclist,Travel Lane,Not a Cyclist,Not Applicable,Not a Cyclist,Not Applicable,Not Applicable,Not Applicable,8,Not Applicable,750,Crossing Roadway – Vehicle Not Turning,0,Not a Cyclist,
12,122420,0,1,5,Pedestrian,12,Male,None Noted,None Noted,None Noted,760,Pedestrian Failed to Yield,0,Not a Cyclist,Not At Intersection,Not a Cyclist,Travel Lane,Not a Cyclist,Not Applicable,Not a Cyclist,Not Applicable,Not Applicable,Not Applicable,8,Not Applicable,750,Crossing Roadway – Vehicle Not Turning,0,Not a Cyclist,
41,410395,0,1,5,Pedestrian,81,Male,None Noted,None Noted,None Noted,770,Motorist Failed to Yield,0,Not a Cyclist,Not At Intersection,Not a Cyclist,Travel Lane,Not a Cyclist,Not Applicable,Not a Cyclist,Not Applicable,Not Applicable,Not Applicable,8,Not Applicable,750,Crossing Roadway – Vehicle Not Turning,0,Not a Cyclist,
12,122255,0,1,5,Pedestrian,83,Female,None Noted,None Noted,None Noted,760,Pedestrian Failed to Yield,0,Not a Cyclist,Not At Intersection,Not a Cyclist,Travel Lane,Not a Cyclist,Not Applicable,Not a Cyclist,Not Applicable,Not Applicable,Not Applicable,8,Not Applicable,750,Crossing Roadway – Vehicle Not Turning,0,Not a Cyclist,
12,121434,0,1,5,Pedestrian,50,Male,None Noted,None Noted,None Noted,760,Pedestrian Failed to Yield,0,Not a Cyclist,Not At Intersection,Not a Cyclist,Travel Lane,Not a Cyclist,Not Applicable,Not a Cyclist,Not Applicable,Not Applicable,Not Applicable,8,Not Applicable,750,Crossing Roadway – Vehicle Not Turning,0,Not a Cyclist,
12,121452,0,1,5,Pedestrian,85,Male,None Noted,None Noted,None Noted,760,Pedestrian Failed to Yield,0,Not a Cyclist,Not At Intersection,Not a Cyclist,Travel Lane,Not a Cyclist,Not Applicable,Not a Cyclist,Not Applicable,Not Applicable,Not Applicable,8,Not Applicable,750,Crossing Roadway – Vehicle Not Turning,0,Not a Cyclist,
12,121456,0,1,5,Pedestrian,74,Male,None Noted,None Noted,None Noted,760,Pedestrian Failed to Yield,0,Not a Cyclist,Not At Intersection,Not a Cyclist,Travel Lane,Not a Cyclist,Not Applicable,Not a Cyclist,Not Applicable,Not Applicable,Not Applicable,8,Not Applicable,750,Crossing Roadway – Vehicle Not Turning,0,Not a Cyclist,
12,122507,0,1,5,Pedestrian,50,Male,None Noted,None Noted,None Noted,760,Pedestrian Failed to Yield,0,Not a Cyclist,Not At Intersection,Not a Cyclist,Travel Lane,Not a Cyclist,Not Applicable,Not a Cyclist,Not Applicable,Not Applicable,Not Applicable,8,Not Applicable,750,Crossing Roadway – Vehicle Not Turning,0,Not a Cyclist,
12,122077,0,1,5,Pedestrian,74,Female,None Noted,None Noted,None Noted,760,Pedestrian Failed to Yield,0,Not a Cyclist,Not At Intersection,Not a Cyclist,Travel Lane,Not a Cyclist,Not Applicable,Not a Cyclist,Not Applicable,Not Applicable,Not Applicable,8,Not Applicable,750,Crossing Roadway – Vehicle Not Turning,0,Not a Cyclist,
55,550023,0,1,5,Pedestrian,83,Female,None Noted,None Noted,None Noted,770,Motorist Failed to Yield,0,Not a Cyclist,Not At Intersection,Not a Cyclist,Travel Lane,Not a Cyclist,Not Applicable,Not a Cyclist,Not Applicable,Not Applicable,Not Applicable,8,Not Applicable,750,Crossing Roadway – Vehicle Not Turning,0,Not a Cyclist,
55,550023,0,2,5,Pedestrian,83,Male,None Noted,None Noted,None Noted,770,Motorist Failed to Yield,0,Not a Cyclist,Not At Intersection,Not a Cyclist,Travel Lane,Not a Cyclist,Not Applicable,Not a Cyclist,Not Applicable,Not Applicable,Not Applicable,8,Not Applicable,750,Crossing Roadway – Vehicle Not Turning,0,Not a Cyclist,