state_number,consecutive_number,vehicle_number,person_number,person_type,person_type_name,age,sex,marked_crosswalk_present,sidewalk_present,school_zone,crash_type_pedestrian,crash_type_pedestrian_name,crash_type_bicycle,crash_type_bicycle_name,crash_location_pedestrian,crash_location_bicycle,pedestrian_position,bicyclist_position,pedestrian_initial_direction_of_travel,bicyclist_initial_direction_of_travel,motorist_initial_direction_of_travel,motorist_maneuver,intersection_leg,pedestrian_scenario,pedestrian_scenario_name,crash_group_pedestrian,crash_group_pedestrian_name,crash_group_bicycle,crash_group_bicycle_name
48,481724,0,2,5,Pedestrian,20,Female,None Noted,None Noted,None Noted,760,Pedestrian Failed to Yield,0,Not a Cyclist,Not At Intersection,Not a Cyclist,Travel Lane,Not a Cyclist,Not Applicable,Not a Cyclist,Not Applicable,Not Applicable,Not Applicable,8,Not Applicable,750,Crossing Roadway – Vehicle Not Turning,0,Not a Cyclist,
36,360450,0,1,5,Pedestrian,78,Male,None Noted,None Noted,None Noted,760,Pedestrian Failed to Yield,0,Not a Cyclist,Not At Intersection,Not a Cyclist,Travel Lane,Not a Cyclist,Not Applicable,Not a Cyclist,Not Applicable,Not Applicable,Not Applicable,8,Not Applicable,750,Crossing Roadway – Vehicle Not Turning,0,Not a Cyclist,
48,481760,0,1,5,Pedestrian,35,Male,None Noted,None Noted,None Noted,760,Pedestrian Failed to Yield,0,Not a Cyclist,Not At Intersection,Not a Cyclist,Travel Lane,Not a Cyclist,Not Applicable,Not a Cyclist,Not Applicable,Not Applicable,Not Applicable,8,Not Applicable,750,Crossing Roadway – Vehicle Not Turning,0,Not a Cyclist,
48,481761,0,1,5,Pedestrian,43,Male,None Noted,None Noted,None Noted,760,Pedestrian Failed to Yield,0,Not a Cyclist,Not At Intersection,Not a Cyclist,Travel Lane,Not a Cyclist,Not Applicable,Not a Cyclist,Not Applicable,Not Applicable,Not Applicable,8,Not Applicable,750,Crossing Roadway – Vehicle Not Turning,0,Not a Cyclist,
48,481796,0,1,5,Pedestrian,83,Male,None Noted,None Noted,None Noted,760,Pedestrian Failed to Yield,0,Not a Cyclist,Not At Intersection,Not a Cyclist,Travel Lane,Not a Cyclist,Not Applicable,Not a Cyclist,Not Applicable,Not Applicable,Not Applicable,8,Not Applicable,750,Crossing Roadway – Vehicle Not Turning,0,Not a Cyclist,
54,540098,0,1,5,Pedestrian,31,Male,None Noted,None Noted,None Noted,760,Pedestrian Failed to Yield,0,Not a Cyclist,Not At Intersection,Not a Cyclist,Travel Lane,Not a Cyclist,Not Applicable,Not a Cyclist,Not Applicable,Not Applicable,Not Applicable,8,Not Applicable,750,Crossing Roadway – Vehicle Not Turning,0,Not a Cyclist,
54,540178,0,1,5,Pedestrian,47,Female,None Noted,None Noted,None Noted,760,Pedestrian Failed to Yield,0,Not a Cyclist,Not At Intersection,Not a Cyclist,Travel Lane,Not a Cyclist,Not Applicable,Not a Cyclist,Not Applicable,Not Applicable,Not Applicable,8,Not Applicable,750,Crossing Roadway – Vehicle Not Turning,0,Not a Cyclist,
56,560048,0,1,5,Pedestrian,37,Male,None Noted,None Noted,None Noted,760,Pedestrian Failed to Yield,0,Not a Cyclist,Not At Intersection,Not a Cyclist,Travel Lane,Not a Cyclist,Not Applicable,Not a Cyclist,Not Applicable,Not Applicable,Not Applicable,8,Not Applicable,750,Crossing Roadway – Vehicle Not Turning,0,Not a Cyclist,
48,481652,0,1,5,Pedestrian,12,Male,None Noted,None Noted,None Noted,760,Pedestrian Failed to Yield,0,Not a Cyclist,Not At Intersection,Not a Cyclist,Travel Lane,Not a Cyclist,Not Applicable,Not a Cyclist,Not Applicable,Not Applicable,Not Applicable,8,Not Applicable,750,Crossing Roadway – Vehicle Not Turning,0,Not a Cyclist,
48,481626,0,1,5,Pedestrian,34,Female,None Noted,None Noted,None Noted,760,Pedestrian Failed to Yield,0,Not a Cyclist,Not At Intersection,Not a Cyclist,Travel Lane,Not a Cyclist,Not Applicable,Not a Cyclist,Not Applicable,Not Applicable,Not Applicable,8,Not Applicable,750,Crossing Roadway – Vehicle Not Turning,0,Not a Cyclist,
48,481522,0,1,5,Pedestrian,51,Male,None Noted,None Noted,None Noted,760,Pedestrian Failed to Yield,0,Not a Cyclist,Not At Intersection,Not a Cyclist,Travel Lane,Not a Cyclist,Not Applicable,Not a Cyclist,Not Applicable,Not Applicable,Not Applicable,8,Not Applicable,750,Crossing Roadway – Vehicle Not Turning,0,Not a Cyclist,
48,481582,0,1,5,Pedestrian,27,Male,None Noted,None Noted,None Noted,760,Pedestrian Failed to Yield,0,Not a Cyclist,Not At Intersection,Not a Cyclist,Travel Lane,Not a Cyclist,Not Applicable,Not a Cyclist,Not Applicable,Not Applicable,Not Applicable,8,Not Applicable,750,Crossing Roadway – Vehicle Not Turning,0,Not a Cyclist,
4,40180,0,1,8,Person on Personal Conveyances,59,Male,None Noted,None Noted,None Noted,760,Pedestrian Failed to Yield,0,Not a Cyclist,Not At Intersection,Not a Cyclist,Travel Lane,Not a Cyclist,Not Applicable,Not a Cyclist,Not Applicable,Not Applicable,Not Applicable,8,Not Applicable,750,Crossing Roadway – Vehicle Not Turning,0,Not a Cyclist,
35,350235,0,1,5,Pedestrian,56,Male,None Noted,None Noted,None Noted,760,Pedestrian Failed to Yield,0,Not a Cyclist,Not At Intersection,Not a Cyclist,Travel Lane,Not a Cyclist,Not Applicable,Not a Cyclist,Not Applicable,Not Applicable,Not Applicable,8,Not Applicable,750,Crossing Roadway – Vehicle Not Turning,0,Not a Cyclist,
35,350142,0,1,5,Pedestrian,35,Male,None Noted,None Noted,None Noted,760,Pedestrian Failed to Yield,0,Not a Cyclist,Not At Intersection,Not a Cyclist,Travel Lane,Not a Cyclist,Not Applicable,Not a Cyclist,Not Applicable,Not Applicable,Not Applicable,8,Not Applicable,750,Crossing Roadway – Vehicle Not Turning,0,Not a Cyclist,
36,360988,0,1,5,Pedestrian,85,Female,None Noted,None Noted,None Noted,760,Pedestrian Failed to Yield,0,Not a Cyclist,Not At Intersection,Not a Cyclist,Travel Lane,Not a Cyclist,Not Applicable,Not a Cyclist,Not Applicable,Not Applicable,Not Applicable,8,Not Applicable,750,Crossing Roadway – Vehicle Not Turning,0,Not a Cyclist,
42,420955,0,1,8,Person on Personal Conveyances,14,Male,Yes,None Noted,None Noted,760,Pedestrian Failed to Yield,0,Not a Cyclist,Not At Intersection,Not a Cyclist,Crosswalk Area,Not a Cyclist,Not Applicable,Not a Cyclist,Not Applicable,Not Applicable,Not Applicable,8,Not Applicable,750,Crossing Roadway – Vehicle Not Turning,0,Not a Cyclist,
39,390950,0,1,5,Pedestrian,60,Male,None Noted,None Noted,None Noted,760,Pedestrian Failed to Yield,0,Not a Cyclist,Not At Intersection,Not a Cyclist,Travel Lane,Not a Cyclist,Not Applicable,Not a Cyclist,Not Applicable,Not Applicable,Not Applicable,8,Not Applicable,750,Crossing Roadway – Vehicle Not Turning,0,Not a Cyclist,
42,420992,0,1,5,Pedestrian,56,Female,None Noted,None Noted,None Noted,760,Pedestrian Failed to Yield,0,Not a Cyclist,Not At Intersection,Not a Cyclist,Travel Lane,Not a Cyclist,Not Applicable,Not a Cyclist,Not Applicable,Not Applicable,Not Applicable,8,Not Applicable,750,Crossing Roadway – Vehicle Not Turning,0,Not a Cyclist,
37,371202,0,1,5,Pedestrian,1,Female,None Noted,None Noted,None Noted,760,Pedestrian Failed to Yield,0,Not a Cyclist,Not At Intersection,Not a Cyclist,Travel Lane,Not a Cyclist,Not Applicable,Not a Cyclist,Not Applicable,Not Applicable,Not Applicable,8,Not Applicable,750,Crossing Roadway – Vehicle Not Turning,0,Not a Cyclist,
37,371223,0,1,5,Pedestrian,19,Female,None Noted,None Noted,None Noted,760,Pedestrian Failed to Yield,0,Not a Cyclist,Not At Intersection,Not a Cyclist,Travel Lane,Not a Cyclist,Not Applicable,Not a Cyclist,Not Applicable,Not Applicable,Not Applicable,8,Not Applicable,750,Crossing Roadway – Vehicle Not Turning,0,Not a Cyclist,
37,371243,0,1,5,Pedestrian,14,Male,None Noted,None Noted,None Noted,760,Pedestrian Failed to Yield,0,Not a Cyclist,Not At Intersection,Not a Cyclist,Travel Lane,Not a Cyclist,Not Applicable,Not a Cyclist,Not Applicable,Not Applicable,Not Applicable,8,Not Applicable,750,Crossing Roadway – Vehicle Not Turning,0,Not a Cyclist,
12,122434,0,1,8,Person on Personal Conveyances,58,Male,None Noted,None Noted,None Noted,760,Pedestrian Failed to Yield,0,Not a Cyclist,Not At Intersection,Not a Cyclist,Travel Lane,Not a Cyclist,Not Applicable,Not a Cyclist,Not Applicable,Not Applicable,Not Applicable,8,Not Applicable,750,Crossing Roadway – Vehicle Not Turning,0,Not a Cyclist,
36,360411,0,1,5,Pedestrian,62,Male,None Noted,None Noted,None Noted,760,Pedestrian Failed to Yield,0,Not a Cyclist,Not At Intersection,Not a Cyclist,Travel Lane,Not a Cyclist,Not Applicable,Not a Cyclist,Not Applicable,Not Applicable,Not Applicable,8,Not Applicable,750,Crossing Roadway – Vehicle Not Turning,0,Not a Cyclist,
42,421025,0,1,5,Pedestrian,63,Male,None Noted,None Noted,None Noted,760,Pedestrian Failed to Yield,0,Not a Cyclist,Not At Intersection,Not a Cyclist,Travel Lane,Not a Cyclist,Not Applicable,Not a Cyclist,Not Applicable,Not Applicable,Not Applicable,8,Not Applicable,750,Crossing Roadway – Vehicle Not Turning,0,Not a Cyclist,
37,371190,0,1,5,Pedestrian,50,Male,None Noted,None Noted,None Noted,760,Pedestrian Failed to Yield,0,Not a Cyclist,Not At Intersection,Not a Cyclist,Travel Lane,Not a Cyclist,Not Applicable,Not a Cyclist,Not Applicable,Not Applicable,Not Applicable,8,Not Applicable,750,Crossing Roadway – Vehicle Not Turning,0,Not a Cyclist,
36,360613,0,1,5,Pedestrian,41,Female,None Noted,None Noted,None Noted,760,Pedestrian Failed to Yield,0,Not a Cyclist,Not At Intersection,Not a Cyclist,Travel Lane,Not a Cyclist,Not Applicable,Not a Cyclist,Not Applicable,Not Applicable,Not Applicable,8,Not Applicable,750,Crossing Roadway – Vehicle Not Turning,0,Not a Cyclist,
36,360836,0,1,5,Pedestrian,40,Male,None Noted,None Noted,None Noted,760,Pedestrian Failed to Yield,0,Not a Cyclist,Not At Intersection,Not a Cyclist,Travel Lane,Not a Cyclist,Not Applicable,Not a Cyclist,Not Applicable,Not Applicable,Not Applicable,8,Not Applicable,750,Crossing Roadway – Vehicle Not Turning,0,Not a Cyclist,
44,440013,0,1,5,Pedestrian,53,Female,None Noted,None Noted,None Noted,760,Pedestrian Failed to Yield,0,Not a Cyclist,Not At Intersection,Not a Cyclist,Travel Lane,Not a Cyclist,Not Applicable,Not a Cyclist,Not Applicable,Not Applicable,Not Applicable,8,Not Applicable,750,Crossing Roadway – Vehicle Not Turning,0,Not a Cyclist,
37,371048,0,1,5,Pedestrian,66,Male,None Noted,None Noted,None Noted,760,Pedestrian Failed to Yield,0,Not a Cyclist,Not At Intersection,Not a Cyclist,Travel Lane,Not a Cyclist,Not Applicable,Not a Cyclist,Not Applicable,Not Applicable,Not Applicable,8,Not Applicable,750,Crossing Roadway – Vehicle Not Turning,0,Not a Cyclist,
39,391050,0,1,5,Pedestrian,51,Male,None Noted,None Noted,None Noted,760,Pedestrian Failed to Yield,0,Not a Cyclist,Not At Intersection,Not a Cyclist,Travel Lane,Not a Cyclist,Not Applicable,Not a Cyclist,Not Applicable,Not Applicable,Not Applicable,8,Not Applicable,750,Crossing Roadway – Vehicle Not Turning,0,Not a Cyclist,
39,391061,0,1,5,Pedestrian,76,Female,None Noted,None Noted,None Noted,760,Pedestrian Failed to Yield,0,Not a Cyclist,Not At Intersection,Not a Cyclist,Travel Lane,Not a Cyclist,Not Applicable,Not a Cyclist,Not Applicable,Not Applicable,Not Applicable,8,Not Applicable,750,Crossing Roadway – Vehicle Not Turning,0,Not a Cyclist,
39,390424,0,1,5,Pedestrian,25,Female,None Noted,None Noted,None Noted,760,Pedestrian Failed to Yield,0,Not a Cyclist,Not At Intersection,Not a Cyclist,Travel Lane,Not a Cyclist,Not Applicable,Not a Cyclist,Not Applicable,Not Applicable,Not Applicable,8,Not Applicable,750,Crossing Roadway – Vehicle Not Turning,0,Not a Cyclist,
39,390453,0,1,5,Pedestrian,55,Female,None Noted,None Noted,None Noted,760,Pedestrian Failed to Yield,0,Not a Cyclist,Not At Intersection,Not a Cyclist,Travel Lane,Not a Cyclist,Not Applicable,Not a Cyclist,Not Applicable,Not Applicable,Not Applicable,8,Not Applicable,750,Crossing Roadway – Vehicle Not Turning,0,Not a Cyclist,
28,280138,0,1,5,Pedestrian,50,Female,None Noted,None Noted,None Noted,760,Pedestrian Failed to Yield,0,Not a Cyclist,Not At Intersection,Not a Cyclist,Travel Lane,Not a Cyclist,Not Applicable,Not a Cyclist,Not Applicable,Not Applicable,Not Applicable,8,Not Applicable,750,Crossing Roadway – Vehicle Not Turning,0,Not a Cyclist,
15,150062,0,1,5,Pedestrian,44,Male,None Noted,None Noted,None Noted,760,Pedestrian Failed to Yield,0,Not a Cyclist,Not At Intersection,Not a Cyclist,Travel Lane,Not a Cyclist,Not Applicable,Not a Cyclist,Not Applicable,Not Applicable,Not Applicable,8,Not Applicable,750,Crossing Roadway – Vehicle Not Turning,0,Not a Cyclist,
38,380099,0,1,5,Pedestrian,58,Male,None Noted,None Noted,None Noted,760,Pedestrian Failed to Yield,0,Not a Cyclist,Not At Intersection,Not a Cyclist,Travel Lane,Not a Cyclist,Not Applicable,Not a Cyclist,Not Applicable,Not Applicable,Not Applicable,8,Not Applicable,750,Crossing Roadway – Vehicle Not Turning,0,Not a Cyclist,
37,371115,0,1,5,Pedestrian,55,Male,None Noted,None Noted,None Noted,760,Pedestrian Failed to Yield,0,Not a Cyclist,Not At Intersection,Not a Cyclist,Travel Lane,Not a Cyclist,Not Applicable,Not a Cyclist,Not Applicable,Not Applicable,Not Applicable,8,Not Applicable,750,Crossing Roadway – Vehicle Not Turning,0,Not a Cyclist,
37,371119,0,1,5,Pedestrian,62,Male,None Noted,None Noted,None Noted,760,Pedestrian Failed to Yield,0,Not a Cyclist,Not At Intersection,Not a Cyclist,Travel Lane,Not a Cyclist,Not Applicable,Not a Cyclist,Not Applicable,Not Applicable,Not Applicable,8,Not Applicable,750,Crossing Roadway – Vehicle Not Turning,0,Not a Cyclist,
37,371134,0,1,5,Pedestrian,58,Male,None Noted,None Noted,None Noted,760,Pedestrian Failed to Yield,0,Not a Cyclist,Not At Intersection,Not a Cyclist,Travel Lane,Not a Cyclist,Not Applicable,Not a Cyclist,Not Applicable,Not Applicable,Not Applicable,8,Not Applicable,750,Crossing Roadway – Vehicle Not Turning,0,Not a Cyclist,
37,370198,0,1,5,Pedestrian,28,Male,None Noted,None Noted,None Noted,760,Pedestrian Failed to Yield,0,Not a Cyclist,Not At Intersection,Not a Cyclist,Travel Lane,Not a Cyclist,Not Applicable,Not a Cyclist,Not Applicable,Not Applicable,Not Applicable,8,Not Applicable,750,Crossing Roadway – Vehicle Not Turning,0,Not a Cyclist,
37,370102,0,1,5,Pedestrian,79,Female,None Noted,None Noted,None Noted,760,Pedestrian Failed to Yield,0,Not a Cyclist,Not At Intersection,Not a Cyclist,Travel Lane,Not a Cyclist,Not Applicable,Not a Cyclist,Not Applicable,Not Applicable,Not Applicable,8,Not Applicable,750,Crossing Roadway – Vehicle Not Turning,0,Not a Cyclist,
39,390554,0,1,5,Pedestrian,36,Male,None Noted,None Noted,None Noted,760,Pedestrian Failed to Yield,0,Not a Cyclist,Not At Intersection,Not a Cyclist,Travel Lane,Not a Cyclist,Not Applicable,Not a Cyclist,Not Applicable,Not Applicable,Not Applicable,8,Not Applicable,750,Crossing Roadway – Vehicle Not Turning,0,Not a Cyclist,
28,280438,0,1,5,Pedestrian,52,Male,None Noted,None Noted,None Noted,760,Pedestrian Failed to Yield,0,Not a Cyclist,Not At Intersection,Not a Cyclist,Travel Lane,Not a Cyclist,Not Applicable,Not a Cyclist,Not Applicable,Not Applicable,Not Applicable,8,Not Applicable,750,Crossing Roadway – Vehicle Not Turning,0,Not a Cyclist,
28,280097,0,1,5,Pedestrian,32,Male,None Noted,None Noted,None Noted,760,Pedestrian Failed to Yield,0,Not a Cyclist,Not At Intersection,Not a Cyclist,Travel Lane,Not a Cyclist,Not Applicable,Not a Cyclist,Not Applicable,Not Applicable,Not Applicable,8,Not Applicable,750,Crossing Roadway – Vehicle Not Turning,0,Not a Cyclist,
28,280255,0,1,5,Pedestrian,31,Female,None Noted,None Noted,None Noted,760,Pedestrian Failed to Yield,0,Not a Cyclist,Not At Intersection,Not a Cyclist,Travel Lane,Not a Cyclist,Not Applicable,Not a Cyclist,Not Applicable,Not Applicable,Not Applicable,8,Not Applicable,750,Crossing Roadway – Vehicle Not Turning,0,Not a Cyclist,
28,280496,0,1,5,Pedestrian,40,Male,None Noted,None Noted,None Noted,760,Pedestrian Failed to Yield,0,Not a Cyclist,Not At Intersection,Not a Cyclist,Travel Lane,Not a Cyclist,Not Applicable,Not a Cyclist,Not Applicable,Not Applicable,Not Applicable,8,Not Applicable,750,Crossing Roadway – Vehicle Not Turning,0,Not a Cyclist,
28,280165,0,1,5,Pedestrian,68,Male,None Noted,None Noted,None Noted,760,Pedestrian Failed to Yield,0,Not a Cyclist,Not At Intersection,Not a Cyclist,Travel Lane,Not a Cyclist,Not Applicable,Not a Cyclist,Not Applicable,Not Applicable,Not Applicable,8,Not Applicable,750,Crossing Roadway – Vehicle Not Turning,0,Not a Cyclist,
28,280166,0,1,5,Pedestrian,62,Male,None Noted,None Noted,None Noted,760,Pedestrian Failed to Yield,0,Not a Cyclist,Not At Intersection,Not a Cyclist,Travel Lane,Not a Cyclist,Not Applicable,Not a Cyclist,Not Applicable,Not Applicable,Not Applicable,8,Not Applicable,750,Crossing Roadway – Vehicle Not Turning,0,Not a Cyclist,
28,280182,0,1,5,Pedestrian,71,Male,None Noted,None Noted,None Noted,760,Pedestrian Failed to Yield,0,Not a Cyclist,Not At Intersection,Not a Cyclist,Travel Lane,Not a Cyclist,Not Applicable,Not a Cyclist,Not Applicable,Not Applicable,Not Applicable,8,Not Applicable,750,Crossing Roadway – Vehicle Not Turning,0,Not a Cyclist,
28,280226,0,1,5,Pedestrian,44,Male,None Noted,None Noted,None Noted,760,Pedestrian Failed to Yield,0,Not a Cyclist,Not At Intersection,Not a Cyclist,Travel Lane,Not a Cyclist,Not Applicable,Not a Cyclist,Not Applicable,Not Applicable,Not Applicable,8,Not Applicable,750,Crossing Roadway – Vehicle Not Turning,0,Not a Cyclist,
28,280245,0,1,5,Pedestrian,33,Male,None Noted,None Noted,None Noted,760,Pedestrian Failed to Yield,0,Not a Cyclist,Not At Intersection,Not a Cyclist,Travel Lane,Not a Cyclist,Not Applicable,Not a Cyclist,Not Applicable,Not Applicable,Not Applicable,8,Not Applicable,750,Crossing Roadway – Vehicle Not Turning,0,Not a Cyclist,
28,280115,0,1,5,Pedestrian,58,Male,None Noted,None Noted,None Noted,760,Pedestrian Failed to Yield,0,Not a Cyclist,Not At Intersection,Not a Cyclist,Travel Lane,Not a Cyclist,Not Applicable,Not a Cyclist,Not Applicable,Not Applicable,Not Applicable,8,Not Applicable,750,Crossing Roadway – Vehicle Not Turning,0,Not a Cyclist,
29,290106,0,1,5,Pedestrian,88,Male,None Noted,None Noted,None Noted,760,Pedestrian Failed to Yield,0,Not a Cyclist,Not At Intersection,Not a Cyclist,Travel Lane,Not a Cyclist,Not Applicable,Not a Cyclist,Not Applicable,Not Applicable,Not Applicable,8,Not Applicable,750,Crossing Roadway – Vehicle Not Turning,0,Not a Cyclist,
28,280433,0,1,5,Pedestrian,36,Male,None Noted,None Noted,None Noted,760,Pedestrian Failed to Yield,0,Not a Cyclist,Not At Intersection,Not a Cyclist,Travel Lane,Not a Cyclist,Not Applicable,Not a Cyclist,Not Applicable,Not Applicable,Not Applicable,8,Not Applicable,750,Crossing Roadway – Vehicle Not Turning,0,Not a Cyclist,
28,280323,0,1,5,Pedestrian,52,Male,None Noted,None Noted,None Noted,760,Pedestrian Failed to Yield,0,Not a Cyclist,Not At Intersection,Not a Cyclist,Travel Lane,Not a Cyclist,Not Applicable,Not a Cyclist,Not Applicable,Not Applicable,Not Applicable,8,Not Applicable,750,Crossing Roadway – Vehicle Not Turning,0,Not a Cyclist,
28,280137,0,1,5,Pedestrian,27,Male,None Noted,None Noted,None Noted,760,Pedestrian Failed to Yield,0,Not a Cyclist,Not At Intersection,Not a Cyclist,Travel Lane,Not a Cyclist,Not Applicable,Not a Cyclist,Not Applicable,Not Applicable,Not Applicable,8,Not Applicable,750,Crossing Roadway – Vehicle Not Turning,0,Not a Cyclist,
29,290232,0,1,5,Pedestrian,37,Male,None Noted,None Noted,None Noted,760,Pedestrian Failed to Yield,0,Not a Cyclist,Not At Intersection,Not a Cyclist,Travel Lane,Not a Cyclist,Not Applicable,Not a Cyclist,Not Applicable,Not Applicable,Not Applicable,8,Not Applicable,750,Crossing Roadway – Vehicle Not Turning,0,Not a Cyclist,
29,290286,0,1,5,Pedestrian,27,Male,None Noted,None Noted,None Noted,760,Pedestrian Failed to Yield,0,Not a Cyclist,Not At Intersection,Not a Cyclist,Travel Lane,Not a Cyclist,Not Applicable,Not a Cyclist,Not Applicable,Not Applicable,Not Applicable,8,Not Applicable,750,Crossing Roadway – Vehicle Not Turning,0,Not a Cyclist,
28,280517,0,1,5,Pedestrian,65,Male,None Noted,None Noted,None Noted,760,Pedestrian Failed to Yield,0,Not a Cyclist,Not At Intersection,Not a Cyclist,Travel Lane,Not a Cyclist,Not Applicable,Not a Cyclist,Not Applicable,Not Applicable,Not Applicable,8,Not Applicable,750,Crossing Roadway – Vehicle Not Turning,0,Not a Cyclist,
28,280530,0,1,5,Pedestrian,35,Female,None Noted,None Noted,None Noted,760,Pedestrian Failed to Yield,0,Not a Cyclist,Not At Intersection,Not a Cyclist,Travel Lane,Not a Cyclist,Not Applicable,Not a Cyclist,Not Applicable,Not Applicable,Not Applicable,8,Not Applicable,750,Crossing Roadway – Vehicle Not Turning,0,Not a Cyclist,
37,370647,0,1,5,Pedestrian,71,Male,None Noted,None Noted,None Noted,760,Pedestrian Failed to Yield,0,Not a Cyclist,Not At Intersection,Not a Cyclist,Travel Lane,Not a Cyclist,Not Applicable,Not a Cyclist,Not Applicable,Not Applicable,Not Applicable,8,Not Applicable,750,Crossing Roadway – Vehicle Not Turning,0,Not a Cyclist,
28,280001,0,1,5,Pedestrian,30,Male,None Noted,None Noted,None Noted,760,Pedestrian Failed to Yield,0,Not a Cyclist,Not At Intersection,Not a Cyclist,Travel Lane,Not a Cyclist,Not Applicable,Not a Cyclist,Not Applicable,Not Applicable,Not Applicable,8,Not Applicable,750,Crossing Roadway – Vehicle Not Turning,0,Not a Cyclist,
37,371047,0,1,5,Pedestrian,50,Male,None Noted,None Noted,None Noted,760,Pedestrian Failed to Yield,0,Not a Cyclist,Not At Intersection,Not a Cyclist,Travel Lane,Not a Cyclist,Not Applicable,Not a Cyclist,Not Applicable,Not Applicable,Not Applicable,8,Not Applicable,750,Crossing Roadway – Vehicle Not Turning,0,Not a Cyclist,
26,260164,0,1,5,Pedestrian,61,Male,None Noted,None Noted,None Noted,760,Pedestrian Failed to Yield,0,Not a Cyclist,Not At Intersection,Not a Cyclist,Travel Lane,Not a Cyclist,Not Applicable,Not a Cyclist,Not Applicable,Not Applicable,Not Applicable,8,Not Applicable,750,Crossing Roadway – Vehicle Not Turning,0,Not a Cyclist,
28,280174,0,1,5,Pedestrian,11,Male,None Noted,None Noted,None Noted,760,Pedestrian Failed to Yield,0,Not a Cyclist,Not At Intersection,Not a Cyclist,Travel Lane,Not a Cyclist,Not Applicable,Not a Cyclist,Not Applicable,Not Applicable,Not Applicable,8,Not Applicable,750,Crossing Roadway – Vehicle Not Turning,0,Not a Cyclist,
28,280535,0,1,5,Pedestrian,36,Female,None Noted,None Noted,None Noted,760,Pedestrian Failed to Yield,0,Not a Cyclist,Not At Intersection,Not a Cyclist,Travel Lane,Not a Cyclist,Not Applicable,Not a Cyclist,Not Applicable,Not Applicable,Not Applicable,8,Not Applicable,750,Crossing Roadway – Vehicle Not Turning,0,Not a Cyclist,
26,260869,0,1,5,Pedestrian,61,Male,None Noted,None Noted,None Noted,760,Pedestrian Failed to Yield,0,Not a Cyclist,Not At Intersection,Not a Cyclist,Travel Lane,Not a Cyclist,Not Applicable,Not a Cyclist,Not Applicable,Not Applicable,Not Applicable,8,Not Applicable,750,Crossing Roadway – Vehicle Not Turning,0,Not a Cyclist,
37,370380,0,1,5,Pedestrian,64,Male,None Noted,None Noted,None Noted,760,Pedestrian Failed to Yield,0,Not a Cyclist,Not At Intersection,Not a Cyclist,Travel Lane,Not a Cyclist,Not Applicable,Not a Cyclist,Not Applicable,Not Applicable,Not Applicable,8,Not Applicable,750,Crossing Roadway – Vehicle Not Turning,0,Not a Cyclist,
28,280092,0,1,5,Pedestrian,53,Male,None Noted,None Noted,None Noted,760,Pedestrian Failed to Yield,0,Not a Cyclist,Not At Intersection,Not a Cyclist,Travel Lane,Not a Cyclist,Not Applicable,Not a Cyclist,Not Applicable,Not Applicable,Not Applicable,8,Not Applicable,750,Crossing Roadway – Vehicle Not Turning,0,Not a Cyclist,
18,180735,0,1,5,Pedestrian,21,Male,None Noted,None Noted,None Noted,760,Pedestrian Failed to Yield,0,Not a Cyclist,Not At Intersection,Not a Cyclist,Travel Lane,Not a Cyclist,Not Applicable,Not a Cyclist,Not Applicable,Not Applicable,Not Applicable,8,Not Applicable,750,Crossing Roadway – Vehicle Not Turning,0,Not a Cyclist,
13,130039,0,1,5,Pedestrian,76,Male,None Noted,None Noted,None Noted,760,Pedestrian Failed to Yield,0,Not a Cyclist,Not At Intersection,Not a Cyclist,Travel Lane,Not a Cyclist,Not Applicable,Not a Cyclist,Not Applicable,Not Applicable,Not Applicable,8,Not Applicable,750,Crossing Roadway – Vehicle Not Turning,0,Not a Cyclist,
13,131131,0,1,5,Pedestrian,61,Male,None Noted,None Noted,None Noted,760,Pedestrian Failed to Yield,0,Not a Cyclist,Not At Intersection,Not a Cyclist,Travel Lane,Not a Cyclist,Not Applicable,Not a Cyclist,Not Applicable,Not Applicable,Not Applicable,8,Not Applicable,750,Crossing Roadway – Vehicle Not Turning,0,Not a Cyclist,
15,150058,0,1,5,Pedestrian,79,Female,None Noted,None Noted,None Noted,760,Pedestrian Failed to Yield,0,Not a Cyclist,Not At Intersection,Not a Cyclist,Travel Lane,Not a Cyclist,Not Applicable,Not a Cyclist,Not Applicable,Not Applicable,Not Applicable,8,Not Applicable,750,Crossing Roadway – Vehicle Not Turning,0,Not a Cyclist,
15,150060,0,1,5,Pedestrian,48,Male,None Noted,None Noted,None Noted,760,Pedestrian Failed to Yield,0,Not a Cyclist,Not At Intersection,Not a Cyclist,Travel Lane,Not a Cyclist,Not Applicable,Not a Cyclist,Not Applicable,Not Applicable,Not Applicable,8,Not Applicable,750,Crossing Roadway – Vehicle Not Turning,0,Not a Cyclist,
15,150064,0,1,5,Pedestrian,83,Male,None Noted,None Noted,None Noted,760,Pedestrian Failed to Yield,0,Not a Cyclist,Not At Intersection,Not a Cyclist,Travel Lane,Not a Cyclist,Not Applicable,Not a Cyclist,Not Applicable,Not Applicable,Not Applicable,8,Not Applicable,750,Crossing Roadway – Vehicle Not Turning,0,Not a Cyclist,
13,131217,0,1,5,Pedestrian,57,Male,None Noted,None Noted,None Noted,760,Pedestrian Failed to Yield,0,Not a Cyclist,Not At Intersection,Not a Cyclist,Travel Lane,Not a Cyclist,Not Applicable,Not a Cyclist,Not Applicable,Not Applicable,Not Applicable,8,Not Applicable,750,Crossing Roadway – Vehicle Not Turning,0,Not a Cyclist,
48,480205,0,1,5,Pedestrian,48,Female,None Noted,None Noted,None Noted,760,Pedestrian Failed to Yield,0,Not a Cyclist,Not At Intersection,Not a Cyclist,Travel Lane,Not a Cyclist,Not Applicable,Not a Cyclist,Not Applicable,Not Applicable,Not Applicable,8,Not Applicable,750,Crossing Roadway – Vehicle Not Turning,0,Not a Cyclist,
13,131122,0,1,5,Pedestrian,55,Male,None Noted,None Noted,None Noted,760,Pedestrian Failed to Yield,0,Not a Cyclist,Not At Intersection,Not a Cyclist,Travel Lane,Not a Cyclist,Not Applicable,Not a Cyclist,Not Applicable,Not Applicable,Not Applicable,8,Not Applicable,750,Crossing Roadway – Vehicle Not Turning,0,Not a Cyclist,