state_number,consecutive_number,vehicle_number,person_number,person_type,person_type_name,age,sex,marked_crosswalk_present,sidewalk_present,school_zone,crash_type_pedestrian,crash_type_pedestrian_name,crash_type_bicycle,crash_type_bicycle_name,crash_location_pedestrian,crash_location_bicycle,pedestrian_position,bicyclist_position,pedestrian_initial_direction_of_travel,bicyclist_initial_direction_of_travel,motorist_initial_direction_of_travel,motorist_maneuver,intersection_leg,pedestrian_scenario,pedestrian_scenario_name,crash_group_pedestrian,crash_group_pedestrian_name,crash_group_bicycle,crash_group_bicycle_name
12,122230,0,1,5,Pedestrian,52,Female,None Noted,None Noted,None Noted,741,Dash,0,Not a Cyclist,Intersection-Related,Not a Cyclist,Travel Lane,Not a Cyclist,Northbound,Not a Cyclist,Westbound,Straight Through,Nearside,2a,MOTORIST TRAVELING STRAIGHT THROUGH – CRASH OCCURRED ON NEAR (APPROACH) SIDE OF INTERSECTION Pedestrian Outside Crosswalk Area  Traveled From Motorist’s Left.,740,Dash/Dart-Out,0,Not a Cyclist,
13,130093,0,1,5,Pedestrian,28,Female,None Noted,None Noted,None Noted,741,Dash,0,Not a Cyclist,Intersection-Related,Not a Cyclist,Travel Lane,Not a Cyclist,Westbound,Not a Cyclist,Southbound,Straight Through,Nearside,2a,MOTORIST TRAVELING STRAIGHT THROUGH – CRASH OCCURRED ON NEAR (APPROACH) SIDE OF INTERSECTION Pedestrian Outside Crosswalk Area  Traveled From Motorist’s Left.,740,Dash/Dart-Out,0,Not a Cyclist,
12,122565,0,1,5,Pedestrian,83,Male,None Noted,None Noted,None Noted,741,Dash,0,Not a Cyclist,Intersection-Related,Not a Cyclist,Travel Lane,Not a Cyclist,Northbound,Not a Cyclist,Westbound,Straight Through,Nearside,2a,MOTORIST TRAVELING STRAIGHT THROUGH – CRASH OCCURRED ON NEAR (APPROACH) SIDE OF INTERSECTION Pedestrian Outside Crosswalk Area  Traveled From Motorist’s Left.,740,Dash/Dart-Out,0,Not a Cyclist,
34,340183,0,1,5,Pedestrian,16,Male,None Noted,None Noted,None Noted,741,Dash,0,Not a Cyclist,Intersection-Related,Not a Cyclist,Travel Lane,Not a Cyclist,Southbound,Not a Cyclist,Eastbound,Straight Through,Nearside,2a,MOTORIST TRAVELING STRAIGHT THROUGH – CRASH OCCURRED ON NEAR (APPROACH) SIDE OF INTERSECTION Pedestrian Outside Crosswalk Area  Traveled From Motorist’s Left.,740,Dash/Dart-Out,0,Not a Cyclist,
48,480482,0,1,5,Pedestrian,55,Male,None Noted,None Noted,None Noted,741,Dash,0,Not a Cyclist,Intersection-Related,Not a Cyclist,Travel Lane,Not a Cyclist,Northbound,Not a Cyclist,Westbound,Straight Through,Nearside,2a,MOTORIST TRAVELING STRAIGHT THROUGH – CRASH OCCURRED ON NEAR (APPROACH) SIDE OF INTERSECTION Pedestrian Outside Crosswalk Area  Traveled From Motorist’s Left.,740,Dash/Dart-Out,0,Not a Cyclist,
34,340141,0,1,5,Pedestrian,66,Male,None Noted,None Noted,None Noted,742,Dart-Out,0,Not a Cyclist,Intersection-Related,Not a Cyclist,Travel Lane,Not a Cyclist,Westbound,Not a Cyclist,Northbound,Straight Through,Nearside,2b,MOTORIST TRAVELING STRAIGHT THROUGH – CRASH OCCURRED ON NEAR (APPROACH) SIDE OF INTERSECTION Pedestrian Outside Crosswalk Area  Traveled From Motorist’s Right.,740,Dash/Dart-Out,0,Not a Cyclist,
10,100040,0,1,5,Pedestrian,44,Female,None Noted,None Noted,None Noted,741,Dash,0,Not a Cyclist,Intersection-Related,Not a Cyclist,Travel Lane,Not a Cyclist,Northbound,Not a Cyclist,Eastbound,Straight Through,Nearside,2b,MOTORIST TRAVELING STRAIGHT THROUGH – CRASH OCCURRED ON NEAR (APPROACH) SIDE OF INTERSECTION Pedestrian Outside Crosswalk Area  Traveled From Motorist’s Right.,740,Dash/Dart-Out,0,Not a Cyclist,
12,120745,0,1,5,Pedestrian,44,Male,None Noted,None Noted,None Noted,741,Dash,0,Not a Cyclist,Intersection-Related,Not a Cyclist,Travel Lane,Not a Cyclist,Northbound,Not a Cyclist,Eastbound,Straight Through,Nearside,2b,MOTORIST TRAVELING STRAIGHT THROUGH – CRASH OCCURRED ON NEAR (APPROACH) SIDE OF INTERSECTION Pedestrian Outside Crosswalk Area  Traveled From Motorist’s Right.,740,Dash/Dart-Out,0,Not a Cyclist,
21,210176,0,1,5,Pedestrian,5,Female,None Noted,None Noted,None Noted,741,Dash,0,Not a Cyclist,Intersection-Related,Not a Cyclist,Travel Lane,Not a Cyclist,Northbound,Not a Cyclist,Westbound,Straight Through,Farside,4a,MOTORIST TRAVELING STRAIGHT THROUGH – CRASH OCCURRED ON FAR SIDE OF INTERSECTION Pedestrian Outside Crosswalk Area  Traveled From Motorist’s Left.,740,Dash/Dart-Out,0,Not a Cyclist,
12,122531,0,1,5,Pedestrian,57,Unknown,None Noted,None Noted,None Noted,741,Dash,0,Not a Cyclist,Intersection-Related,Not a Cyclist,Travel Lane,Not a Cyclist,Northbound,Not a Cyclist,Westbound,Straight Through,Farside,4a,MOTORIST TRAVELING STRAIGHT THROUGH – CRASH OCCURRED ON FAR SIDE OF INTERSECTION Pedestrian Outside Crosswalk Area  Traveled From Motorist’s Left.,740,Dash/Dart-Out,0,Not a Cyclist,
12,121680,0,1,5,Pedestrian,38,Female,None Noted,None Noted,None Noted,741,Dash,0,Not a Cyclist,Intersection-Related,Not a Cyclist,Travel Lane,Not a Cyclist,Eastbound,Not a Cyclist,Northbound,Straight Through,Farside,4a,MOTORIST TRAVELING STRAIGHT THROUGH – CRASH OCCURRED ON FAR SIDE OF INTERSECTION Pedestrian Outside Crosswalk Area  Traveled From Motorist’s Left.,740,Dash/Dart-Out,0,Not a Cyclist,
48,480347,0,1,5,Pedestrian,22,Male,None Noted,None Noted,None Noted,742,Dart-Out,0,Not a Cyclist,Intersection-Related,Not a Cyclist,Travel Lane,Not a Cyclist,Eastbound,Not a Cyclist,Eastbound,Left Turn,Farside,12a,MOTORIST TURNING LEFT – CRASH OCCURRED ON FAR SIDE OF INTERSECTION Pedestrian Outside Crosswalk Area  Approach Direction Same as Motorist’s.,740,Dash/Dart-Out,0,Not a Cyclist,
39,390162,0,1,5,Pedestrian,50,Female,None Noted,None Noted,None Noted,742,Dart-Out,0,Not a Cyclist,Intersection-Related,Not a Cyclist,Travel Lane,Not a Cyclist,Unknown Initial Direction of Travel,Not a Cyclist,Northbound,Straight Through,Nearside,2c,MOTORIST TRAVELING STRAIGHT THROUGH – CRASH OCCURRED ON NEAR (APPROACH) SIDE OF INTERSECTION Pedestrian Outside Crosswalk Area  Approach Direction Unknown.,740,Dash/Dart-Out,0,Not a Cyclist,
13,130532,0,1,5,Pedestrian,62,Female,None Noted,None Noted,None Noted,742,Dart-Out,0,Not a Cyclist,Intersection-Related,Not a Cyclist,Travel Lane,Not a Cyclist,Westbound,Not a Cyclist,Northbound,Straight Through,Farside,4b,MOTORIST TRAVELING STRAIGHT THROUGH – CRASH OCCURRED ON FAR SIDE OF INTERSECTION Pedestrian Outside Crosswalk Area  Traveled From Motorist’s Right.,740,Dash/Dart-Out,0,Not a Cyclist,
42,420497,0,1,5,Pedestrian,41,Female,None Noted,None Noted,None Noted,742,Dart-Out,0,Not a Cyclist,Intersection-Related,Not a Cyclist,Travel Lane,Not a Cyclist,Southbound,Not a Cyclist,Westbound,Straight Through,Farside,4b,MOTORIST TRAVELING STRAIGHT THROUGH – CRASH OCCURRED ON FAR SIDE OF INTERSECTION Pedestrian Outside Crosswalk Area  Traveled From Motorist’s Right.,740,Dash/Dart-Out,0,Not a Cyclist,
17,170841,0,1,5,Pedestrian,18,Male,None Noted,None Noted,None Noted,741,Dash,0,Not a Cyclist,Intersection-Related,Not a Cyclist,Travel Lane,Not a Cyclist,Southbound,Not a Cyclist,Westbound,Straight Through,Farside,4b,MOTORIST TRAVELING STRAIGHT THROUGH – CRASH OCCURRED ON FAR SIDE OF INTERSECTION Pedestrian Outside Crosswalk Area  Traveled From Motorist’s Right.,740,Dash/Dart-Out,0,Not a Cyclist,
12,121697,0,1,5,Pedestrian,39,Male,Yes,None Noted,None Noted,741,Dash,0,Not a Cyclist,Intersection-Related,Not a Cyclist,Travel Lane,Not a Cyclist,Northbound,Not a Cyclist,Eastbound,Straight Through,Farside,4b,MOTORIST TRAVELING STRAIGHT THROUGH – CRASH OCCURRED ON FAR SIDE OF INTERSECTION Pedestrian Outside Crosswalk Area  Traveled From Motorist’s Right.,740,Dash/Dart-Out,0,Not a Cyclist,
12,121518,0,1,5,Pedestrian,23,Male,None Noted,None Noted,None Noted,741,Dash,0,Not a Cyclist,Intersection-Related,Not a Cyclist,Travel Lane,Not a Cyclist,Southbound,Not a Cyclist,Westbound,Straight Through,Farside,4b,MOTORIST TRAVELING STRAIGHT THROUGH – CRASH OCCURRED ON FAR SIDE OF INTERSECTION Pedestrian Outside Crosswalk Area  Traveled From Motorist’s Right.,740,Dash/Dart-Out,0,Not a Cyclist,
28,280061,0,1,5,Pedestrian,49,Male,None Noted,None Noted,None Noted,320,Entering/Exiting Parked or Stopped Vehicle,0,Not a Cyclist,Intersection-Related,Not a Cyclist,Travel Lane,Not a Cyclist,Westbound,Not a Cyclist,Southbound,Straight Through,Farside,4a,MOTORIST TRAVELING STRAIGHT THROUGH – CRASH OCCURRED ON FAR SIDE OF INTERSECTION Pedestrian Outside Crosswalk Area  Traveled From Motorist’s Left.,350,Unique Midblock,0,Not a Cyclist,
36,360688,0,1,5,Pedestrian,44,Male,None Noted,None Noted,None Noted,311,Working in Roadway,0,Not a Cyclist,Intersection-Related,Not a Cyclist,Travel Lane,Not a Cyclist,Not Applicable,Not a Cyclist,Northbound,Straight Through,Unknown,8,Not Applicable,310,Working or Playing in Roadway,0,Not a Cyclist,
55,550186,0,1,5,Pedestrian,90,Female,None Noted,None Noted,None Noted,190,Other Unusual Circumstances,0,Not a Cyclist,Intersection-Related,Not a Cyclist,Unpaved Right-of-Way,Not a Cyclist,Not Applicable,Not a Cyclist,Unknown Initial Direction of Travel,Not Applicable,Not Applicable,8,Not Applicable,100,Unusual Circumstances,0,Not a Cyclist,
48,482587,0,1,5,Pedestrian,55,Male,None Noted,None Noted,None Noted,230,Disabled Vehicle-Related,0,Not a Cyclist,Intersection-Related,Not a Cyclist,Travel Lane,Not a Cyclist,Not Applicable,Not a Cyclist,Westbound,Straight Through,Unknown,8,Not Applicable,100,Unusual Circumstances,0,Not a Cyclist,
29,290547,0,1,5,Pedestrian,53,Female,None Noted,None Noted,None Noted,140,Vehicle-Vehicle/Object,0,Not a Cyclist,Intersection-Related,Not a Cyclist,Travel Lane,Not a Cyclist,Not Applicable,Not a Cyclist,Eastbound,Straight Through,Unknown,8,Not Applicable,100,Unusual Circumstances,0,Not a Cyclist,
12,120907,0,1,5,Pedestrian,998,Male,None Noted,None Noted,None Noted,160,Pedestrian Loss of Control,0,Not a Cyclist,Intersection-Related,Not a Cyclist,Travel Lane,Not a Cyclist,Northbound,Not a Cyclist,Eastbound,Straight Through,Farside,4b,MOTORIST TRAVELING STRAIGHT THROUGH – CRASH OCCURRED ON FAR SIDE OF INTERSECTION Pedestrian Outside Crosswalk Area  Traveled From Motorist’s Right.,100,Unusual Circumstances,0,Not a Cyclist,
12,120328,0,1,5,Pedestrian,25,Male,None Noted,None Noted,None Noted,120,Dispute-Related,0,Not a Cyclist,Intersection-Related,Not a Cyclist,Travel Lane,Not a Cyclist,Unknown Initial Direction of Travel,Not a Cyclist,Eastbound,Right Turn,Nearside,6c,MOTORIST TURNING RIGHT – CRASH OCCURRED ON NEAR (APPROACH) SIDE OF INTERSECTION Pedestrian Outside Crosswalk Area  Approach Direction Unknown.,100,Unusual Circumstances,0,Not a Cyclist,
12,122038,0,1,5,Pedestrian,71,Male,None Noted,None Noted,None Noted,140,Vehicle-Vehicle/Object,0,Not a Cyclist,Intersection-Related,Not a Cyclist,Other/Unknown,Not a Cyclist,Unknown Initial Direction of Travel,Not a Cyclist,Southbound,Straight Through,Farside,4c,MOTORIST TRAVELING STRAIGHT THROUGH – CRASH OCCURRED ON FAR SIDE OF INTERSECTION Pedestrian Outside Crosswalk Area  Approach Direction Unknown.,100,Unusual Circumstances,0,Not a Cyclist,
26,260834,0,1,5,Pedestrian,62,Male,None Noted,None Noted,None Noted,160,Pedestrian Loss of Control,0,Not a Cyclist,Intersection-Related,Not a Cyclist,Travel Lane,Not a Cyclist,Southbound,Not a Cyclist,Eastbound,Straight Through,Nearside,2a,MOTORIST TRAVELING STRAIGHT THROUGH – CRASH OCCURRED ON NEAR (APPROACH) SIDE OF INTERSECTION Pedestrian Outside Crosswalk Area  Traveled From Motorist’s Left.,100,Unusual Circumstances,0,Not a Cyclist,
37,371139,0,1,5,Pedestrian,43,Male,None Noted,None Noted,None Noted,230,Disabled Vehicle-Related,0,Not a Cyclist,Intersection-Related,Not a Cyclist,Travel Lane,Not a Cyclist,Unknown Initial Direction of Travel,Not a Cyclist,Northbound,Straight Through,Farside,4c,MOTORIST TRAVELING STRAIGHT THROUGH – CRASH OCCURRED ON FAR SIDE OF INTERSECTION Pedestrian Outside Crosswalk Area  Approach Direction Unknown.,100,Unusual Circumstances,0,Not a Cyclist,
12,122300,0,1,5,Pedestrian,74,Female,None Noted,None Noted,None Noted,230,Disabled Vehicle-Related,0,Not a Cyclist,Intersection-Related,Not a Cyclist,Travel Lane,Not a Cyclist,Unknown Initial Direction of Travel,Not a Cyclist,Northbound,Straight Through,Farside,4c,MOTORIST TRAVELING STRAIGHT THROUGH – CRASH OCCURRED ON FAR SIDE OF INTERSECTION Pedestrian Outside Crosswalk Area  Approach Direction Unknown.,100,Unusual Circumstances,0,Not a Cyclist,
12,122443,0,1,5,Pedestrian,42,Male,None Noted,None Noted,None Noted,230,Disabled Vehicle-Related,0,Not a Cyclist,Intersection-Related,Not a Cyclist,Travel Lane,Not a Cyclist,Unknown Initial Direction of Travel,Not a Cyclist,Eastbound,Straight Through,Farside,4c,MOTORIST TRAVELING STRAIGHT THROUGH – CRASH OCCURRED ON FAR SIDE OF INTERSECTION Pedestrian Outside Crosswalk Area  Approach Direction Unknown.,100,Unusual Circumstances,0,Not a Cyclist,
12,122300,0,2,5,Pedestrian,55,Female,None Noted,None Noted,None Noted,230,Disabled Vehicle-Related,0,Not a Cyclist,Intersection-Related,Not a Cyclist,Travel Lane,Not a Cyclist,Unknown Initial Direction of Travel,Not a Cyclist,Northbound,Straight Through,Farside,4c,MOTORIST TRAVELING STRAIGHT THROUGH – CRASH OCCURRED ON FAR SIDE OF INTERSECTION Pedestrian Outside Crosswalk Area  Approach Direction Unknown.,100,Unusual Circumstances,0,Not a Cyclist,
48,481474,0,1,5,Pedestrian,79,Male,None Noted,None Noted,None Noted,160,Pedestrian Loss of Control,0,Not a Cyclist,Intersection-Related,Not a Cyclist,Travel Lane,Not a Cyclist,Southbound,Not a Cyclist,Westbound,Right Turn,Nearside,6b,MOTORIST TURNING RIGHT – CRASH OCCURRED ON NEAR (APPROACH) SIDE OF INTERSECTION Pedestrian Outside Crosswalk Area  Traveled From Motorist’s Right.,100,Unusual Circumstances,0,Not a Cyclist,
34,340077,0,1,5,Pedestrian,71,Male,None Noted,None Noted,None Noted,690,At Intersection – Other/Unknown,0,Not a Cyclist,Intersection-Related,Not a Cyclist,Travel Lane,Not a Cyclist,Not Applicable,Not a Cyclist,Southbound,Straight Through,Unknown,8,Not Applicable,990,Other/Unknown – Insufficient Details,0,Not a Cyclist,
29,290814,0,1,5,Pedestrian,67,Male,None Noted,None Noted,None Noted,690,At Intersection – Other/Unknown,0,Not a Cyclist,Intersection-Related,Not a Cyclist,Travel Lane,Not a Cyclist,Not Applicable,Not a Cyclist,Southbound,Unknown Motorist Maneuver,Not Applicable,8,Not Applicable,990,Other/Unknown – Insufficient Details,0,Not a Cyclist,
4,40263,0,1,5,Pedestrian,50,Male,Yes,None Noted,None Noted,690,At Intersection – Other/Unknown,0,Not a Cyclist,Intersection-Related,Not a Cyclist,Other/Unknown,Not a Cyclist,Not Applicable,Not a Cyclist,Southbound,Straight Through,Unknown,8,Not Applicable,990,Other/Unknown – Insufficient Details,0,Not a Cyclist,
21,210575,0,1,5,Pedestrian,59,Male,None Noted,None Noted,None Noted,690,At Intersection – Other/Unknown,0,Not a Cyclist,Intersection-Related,Not a Cyclist,Travel Lane,Not a Cyclist,Not Applicable,Not a Cyclist,Southbound,Straight Through,Unknown,8,Not Applicable,990,Other/Unknown – Insufficient Details,0,Not a Cyclist,
48,482000,0,1,5,Pedestrian,35,Male,None Noted,None Noted,None Noted,690,At Intersection – Other/Unknown,0,Not a Cyclist,Intersection-Related,Not a Cyclist,Travel Lane,Not a Cyclist,Westbound,Not a Cyclist,Southbound,Straight Through,Farside,4a,MOTORIST TRAVELING STRAIGHT THROUGH – CRASH OCCURRED ON FAR SIDE OF INTERSECTION Pedestrian Outside Crosswalk Area  Traveled From Motorist’s Left.,990,Other/Unknown – Insufficient Details,0,Not a Cyclist,
24,240036,0,1,5,Pedestrian,49,Female,None Noted,None Noted,None Noted,690,At Intersection – Other/Unknown,0,Not a Cyclist,Intersection-Related,Not a Cyclist,Travel Lane,Not a Cyclist,Unknown Initial Direction of Travel,Not a Cyclist,Southbound,Straight Through,Farside,4c,MOTORIST TRAVELING STRAIGHT THROUGH – CRASH OCCURRED ON FAR SIDE OF INTERSECTION Pedestrian Outside Crosswalk Area  Approach Direction Unknown.,990,Other/Unknown – Insufficient Details,0,Not a Cyclist,
12,122655,0,1,5,Pedestrian,31,Female,None Noted,None Noted,None Noted,690,At Intersection – Other/Unknown,0,Not a Cyclist,Intersection-Related,Not a Cyclist,Travel Lane,Not a Cyclist,Unknown Initial Direction of Travel,Not a Cyclist,Northbound,Straight Through,Farside,4c,MOTORIST TRAVELING STRAIGHT THROUGH – CRASH OCCURRED ON FAR SIDE OF INTERSECTION Pedestrian Outside Crosswalk Area  Approach Direction Unknown.,990,Other/Unknown – Insufficient Details,0,Not a Cyclist,
55,550028,0,1,5,Pedestrian,26,Male,None Noted,None Noted,None Noted,690,At Intersection – Other/Unknown,0,Not a Cyclist,Intersection-Related,Not a Cyclist,Travel Lane,Not a Cyclist,Unknown Initial Direction of Travel,Not a Cyclist,Eastbound,Straight Through,Farside,4c,MOTORIST TRAVELING STRAIGHT THROUGH – CRASH OCCURRED ON FAR SIDE OF INTERSECTION Pedestrian Outside Crosswalk Area  Approach Direction Unknown.,990,Other/Unknown – Insufficient Details,0,Not a Cyclist,
37,370980,0,1,5,Pedestrian,27,Male,None Noted,None Noted,None Noted,690,At Intersection – Other/Unknown,0,Not a Cyclist,Intersection-Related,Not a Cyclist,Travel Lane,Not a Cyclist,Unknown Initial Direction of Travel,Not a Cyclist,Westbound,Straight Through,Farside,4c,MOTORIST TRAVELING STRAIGHT THROUGH – CRASH OCCURRED ON FAR SIDE OF INTERSECTION Pedestrian Outside Crosswalk Area  Approach Direction Unknown.,990,Other/Unknown – Insufficient Details,0,Not a Cyclist,
26,260724,0,1,5,Pedestrian,43,Female,None Noted,None Noted,None Noted,690,At Intersection – Other/Unknown,0,Not a Cyclist,Intersection-Related,Not a Cyclist,Travel Lane,Not a Cyclist,Unknown Initial Direction of Travel,Not a Cyclist,Northbound,Straight Through,Farside,4c,MOTORIST TRAVELING STRAIGHT THROUGH – CRASH OCCURRED ON FAR SIDE OF INTERSECTION Pedestrian Outside Crosswalk Area  Approach Direction Unknown.,990,Other/Unknown – Insufficient Details,0,Not a Cyclist,
12,120668,0,1,5,Pedestrian,48,Male,None Noted,None Noted,None Noted,690,At Intersection – Other/Unknown,0,Not a Cyclist,Intersection-Related,Not a Cyclist,Travel Lane,Not a Cyclist,Westbound,Not a Cyclist,Southbound,Straight Through,Nearside,2a,MOTORIST TRAVELING STRAIGHT THROUGH – CRASH OCCURRED ON NEAR (APPROACH) SIDE OF INTERSECTION Pedestrian Outside Crosswalk Area  Traveled From Motorist’s Left.,990,Other/Unknown – Insufficient Details,0,Not a Cyclist,
13,131062,0,1,5,Pedestrian,22,Male,None Noted,None Noted,None Noted,690,At Intersection – Other/Unknown,0,Not a Cyclist,Intersection-Related,Not a Cyclist,Travel Lane,Not a Cyclist,Northbound,Not a Cyclist,Westbound,Straight Through,Nearside,2a,MOTORIST TRAVELING STRAIGHT THROUGH – CRASH OCCURRED ON NEAR (APPROACH) SIDE OF INTERSECTION Pedestrian Outside Crosswalk Area  Traveled From Motorist’s Left.,990,Other/Unknown – Insufficient Details,0,Not a Cyclist,
12,120348,0,1,5,Pedestrian,44,Male,None Noted,None Noted,None Noted,690,At Intersection – Other/Unknown,0,Not a Cyclist,Intersection-Related,Not a Cyclist,Travel Lane,Not a Cyclist,Not Applicable,Not a Cyclist,Unknown Initial Direction of Travel,Not Applicable,Not Applicable,8,Not Applicable,990,Other/Unknown – Insufficient Details,0,Not a Cyclist,
26,260082,0,1,5,Pedestrian,28,Male,None Noted,None Noted,None Noted,690,At Intersection – Other/Unknown,0,Not a Cyclist,Intersection-Related,Not a Cyclist,Travel Lane,Not a Cyclist,Not Applicable,Not a Cyclist,Unknown Initial Direction of Travel,Not Applicable,Not Applicable,8,Not Applicable,990,Other/Unknown – Insufficient Details,0,Not a Cyclist,
26,260572,0,1,5,Pedestrian,51,Female,None Noted,None Noted,None Noted,690,At Intersection – Other/Unknown,0,Not a Cyclist,Intersection-Related,Not a Cyclist,Travel Lane,Not a Cyclist,Unknown Initial Direction of Travel,Not a Cyclist,Northbound,Straight Through,Nearside,2c,MOTORIST TRAVELING STRAIGHT THROUGH – CRASH OCCURRED ON NEAR (APPROACH) SIDE OF INTERSECTION Pedestrian Outside Crosswalk Area  Approach Direction Unknown.,990,Other/Unknown – Insufficient Details,0,Not a Cyclist,
26,260156,0,1,5,Pedestrian,48,Male,None Noted,None Noted,None Noted,690,At Intersection – Other/Unknown,0,Not a Cyclist,Intersection-Related,Not a Cyclist,Travel Lane,Not a Cyclist,Unknown Initial Direction of Travel,Not a Cyclist,Westbound,Straight Through,Farside,3c,MOTORIST TRAVELING STRAIGHT THROUGH – CRASH OCCURRED ON FAR SIDE OF INTERSECTION Pedestrian Within Crosswalk Area  Approach Direction Unknown.,990,Other/Unknown – Insufficient Details,0,Not a Cyclist,
12,122324,0,1,5,Pedestrian,72,Male,Yes,None Noted,None Noted,690,At Intersection – Other/Unknown,0,Not a Cyclist,Intersection-Related,Not a Cyclist,Travel Lane,Not a Cyclist,Eastbound,Not a Cyclist,Southbound,Straight Through,Farside,4b,MOTORIST TRAVELING STRAIGHT THROUGH – CRASH OCCURRED ON FAR SIDE OF INTERSECTION Pedestrian Outside Crosswalk Area  Traveled From Motorist’s Right.,990,Other/Unknown – Insufficient Details,0,Not a Cyclist,
13,130808,0,1,5,Pedestrian,25,Male,None Noted,None Noted,None Noted,690,At Intersection – Other/Unknown,0,Not a Cyclist,Intersection-Related,Not a Cyclist,Travel Lane,Not a Cyclist,Northbound,Not a Cyclist,Eastbound,Straight Through,Farside,4b,MOTORIST TRAVELING STRAIGHT THROUGH – CRASH OCCURRED ON FAR SIDE OF INTERSECTION Pedestrian Outside Crosswalk Area  Traveled From Motorist’s Right.,990,Other/Unknown – Insufficient Details,0,Not a Cyclist,
22,220174,0,1,5,Pedestrian,68,Female,None Noted,None Noted,None Noted,781,Motorist Left Turn – Parallel Paths,0,Not a Cyclist,Intersection-Related,Not a Cyclist,Travel Lane,Not a Cyclist,Westbound,Not a Cyclist,Eastbound,Left Turn,Farside,12b,MOTORIST TURNING LEFT – CRASH OCCURRED ON FAR SIDE OF INTERSECTION Pedestrian Outside Crosswalk Area  Approach Direction Opposite Motorist’s.,790,Crossing Roadway – Vehicle Turning,0,Not a Cyclist,
12,121040,0,1,5,Pedestrian,998,Male,None Noted,None Noted,None Noted,781,Motorist Left Turn – Parallel Paths,0,Not a Cyclist,Intersection-Related,Not a Cyclist,Travel Lane,Not a Cyclist,Northbound,Not a Cyclist,Southbound,Left Turn,Farside,12b,MOTORIST TURNING LEFT – CRASH OCCURRED ON FAR SIDE OF INTERSECTION Pedestrian Outside Crosswalk Area  Approach Direction Opposite Motorist’s.,790,Crossing Roadway – Vehicle Turning,0,Not a Cyclist,
22,220162,0,1,5,Pedestrian,48,Female,None Noted,None Noted,None Noted,781,Motorist Left Turn – Parallel Paths,0,Not a Cyclist,Intersection-Related,Not a Cyclist,Travel Lane,Not a Cyclist,Eastbound,Not a Cyclist,Westbound,Left Turn,Farside,12b,MOTORIST TURNING LEFT – CRASH OCCURRED ON FAR SIDE OF INTERSECTION Pedestrian Outside Crosswalk Area  Approach Direction Opposite Motorist’s.,790,Crossing Roadway – Vehicle Turning,0,Not a Cyclist,
12,120452,0,1,5,Pedestrian,70,Female,None Noted,None Noted,None Noted,781,Motorist Left Turn – Parallel Paths,0,Not a Cyclist,Intersection-Related,Not a Cyclist,Travel Lane,Not a Cyclist,Eastbound,Not a Cyclist,Westbound,Left Turn,Farside,12b,MOTORIST TURNING LEFT – CRASH OCCURRED ON FAR SIDE OF INTERSECTION Pedestrian Outside Crosswalk Area  Approach Direction Opposite Motorist’s.,790,Crossing Roadway – Vehicle Turning,0,Not a Cyclist,
51,510541,0,1,5,Pedestrian,60,Female,Yes,None Noted,None Noted,799,Motorist Turn/Merge – Other/Unknown,0,Not a Cyclist,Intersection-Related,Not a Cyclist,Travel Lane,Not a Cyclist,Unknown Initial Direction of Travel,Not a Cyclist,Eastbound,Right Turn,Farside,8c,MOTORIST TURNING RIGHT – CRASH OCCURRED ON FAR SIDE OF INTERSECTION Pedestrian Outside Crosswalk Area  Approach Direction Unknown.,790,Crossing Roadway – Vehicle Turning,0,Not a Cyclist,
13,131162,0,1,5,Pedestrian,999,Male,None Noted,None Noted,None Noted,791,Motorist Right Turn – Parallel Paths,0,Not a Cyclist,Intersection-Related,Not a Cyclist,Travel Lane,Not a Cyclist,Southbound,Not a Cyclist,Southbound,Right Turn,Farside,8a,MOTORIST TURNING RIGHT – CRASH OCCURRED ON FAR SIDE OF INTERSECTION Pedestrian Outside Crosswalk Area  Approach Direction Same as Motorist’s.,790,Crossing Roadway – Vehicle Turning,0,Not a Cyclist,
18,180046,0,1,5,Pedestrian,47,Female,None Noted,None Noted,None Noted,799,Motorist Turn/Merge – Other/Unknown,0,Not a Cyclist,Intersection-Related,Not a Cyclist,Travel Lane,Not a Cyclist,Not Applicable,Not a Cyclist,Westbound,Right Turn,Unknown,8,Not Applicable,790,Crossing Roadway – Vehicle Turning,0,Not a Cyclist,
12,122001,0,1,5,Pedestrian,42,Female,Yes,None Noted,None Noted,799,Motorist Turn/Merge – Other/Unknown,0,Not a Cyclist,Intersection-Related,Not a Cyclist,Travel Lane,Not a Cyclist,Not Applicable,Not a Cyclist,Unknown Initial Direction of Travel,Not Applicable,Not Applicable,8,Not Applicable,790,Crossing Roadway – Vehicle Turning,0,Not a Cyclist,
29,290786,0,1,5,Pedestrian,47,Male,None Noted,None Noted,None Noted,781,Motorist Left Turn – Parallel Paths,0,Not a Cyclist,Intersection-Related,Not a Cyclist,Travel Lane,Not a Cyclist,Eastbound,Not a Cyclist,Eastbound,Left Turn,Farside,12a,MOTORIST TURNING LEFT – CRASH OCCURRED ON FAR SIDE OF INTERSECTION Pedestrian Outside Crosswalk Area  Approach Direction Same as Motorist’s.,790,Crossing Roadway – Vehicle Turning,0,Not a Cyclist,
34,340106,0,1,5,Pedestrian,68,Female,None Noted,None Noted,None Noted,781,Motorist Left Turn – Parallel Paths,0,Not a Cyclist,Intersection-Related,Not a Cyclist,Travel Lane,Not a Cyclist,Unknown Initial Direction of Travel,Not a Cyclist,Southbound,Left Turn,Farside,12c,MOTORIST TURNING LEFT – CRASH OCCURRED ON FAR SIDE OF INTERSECTION Pedestrian Outside Crosswalk Area  Approach Direction Unknown.,790,Crossing Roadway – Vehicle Turning,0,Not a Cyclist,
29,290786,0,2,5,Pedestrian,21,Female,None Noted,None Noted,None Noted,781,Motorist Left Turn – Parallel Paths,0,Not a Cyclist,Intersection-Related,Not a Cyclist,Travel Lane,Not a Cyclist,Eastbound,Not a Cyclist,Eastbound,Left Turn,Farside,12a,MOTORIST TURNING LEFT – CRASH OCCURRED ON FAR SIDE OF INTERSECTION Pedestrian Outside Crosswalk Area  Approach Direction Same as Motorist’s.,790,Crossing Roadway – Vehicle Turning,0,Not a Cyclist,
9,90189,0,1,5,Pedestrian,46,Male,None Noted,None Noted,None Noted,799,Motorist Turn/Merge – Other/Unknown,0,Not a Cyclist,Intersection-Related,Not a Cyclist,Travel Lane,Not a Cyclist,Unknown Initial Direction of Travel,Not a Cyclist,Eastbound,Left Turn,Farside,12c,MOTORIST TURNING LEFT – CRASH OCCURRED ON FAR SIDE OF INTERSECTION Pedestrian Outside Crosswalk Area  Approach Direction Unknown.,790,Crossing Roadway – Vehicle Turning,0,Not a Cyclist,
48,483060,0,1,5,Pedestrian,53,Male,Yes,None Noted,None Noted,781,Motorist Left Turn – Parallel Paths,0,Not a Cyclist,Intersection-Related,Not a Cyclist,Travel Lane,Not a Cyclist,Unknown Initial Direction of Travel,Not a Cyclist,Northbound,Left Turn,Farside,12c,MOTORIST TURNING LEFT – CRASH OCCURRED ON FAR SIDE OF INTERSECTION Pedestrian Outside Crosswalk Area  Approach Direction Unknown.,790,Crossing Roadway – Vehicle Turning,0,Not a Cyclist,