state_number,consecutive_number,vehicle_number,person_number,person_type,person_type_name,age,sex,marked_crosswalk_present,sidewalk_present,school_zone,crash_type_pedestrian,crash_type_pedestrian_name,crash_type_bicycle,crash_type_bicycle_name,crash_location_pedestrian,crash_location_bicycle,pedestrian_position,bicyclist_position,pedestrian_initial_direction_of_travel,bicyclist_initial_direction_of_travel,motorist_initial_direction_of_travel,motorist_maneuver,intersection_leg,pedestrian_scenario,pedestrian_scenario_name,crash_group_pedestrian,crash_group_pedestrian_name,crash_group_bicycle,crash_group_bicycle_name
24,240402,0,1,5,Pedestrian,47,Male,None Noted,None Noted,None Noted,760,Pedestrian Failed to Yield,0,Not a Cyclist,Intersection-Related,Not a Cyclist,Travel Lane,Not a Cyclist,Westbound,Not a Cyclist,Northbound,Straight Through,Nearside,2b,MOTORIST TRAVELING STRAIGHT THROUGH – CRASH OCCURRED ON NEAR (APPROACH) SIDE OF INTERSECTION Pedestrian Outside Crosswalk Area  Traveled From Motorist’s Right.,750,Crossing Roadway – Vehicle Not Turning,0,Not a Cyclist,
5,50440,0,1,5,Pedestrian,12,Male,None Noted,None Noted,None Noted,760,Pedestrian Failed to Yield,0,Not a Cyclist,Intersection-Related,Not a Cyclist,Travel Lane,Not a Cyclist,Eastbound,Not a Cyclist,Southbound,Straight Through,Nearside,2b,MOTORIST TRAVELING STRAIGHT THROUGH – CRASH OCCURRED ON NEAR (APPROACH) SIDE OF INTERSECTION Pedestrian Outside Crosswalk Area  Traveled From Motorist’s Right.,750,Crossing Roadway – Vehicle Not Turning,0,Not a Cyclist,
12,121148,0,1,5,Pedestrian,21,Male,None Noted,None Noted,None Noted,760,Pedestrian Failed to Yield,0,Not a Cyclist,Intersection-Related,Not a Cyclist,Travel Lane,Not a Cyclist,Westbound,Not a Cyclist,Northbound,Straight Through,Nearside,2b,MOTORIST TRAVELING STRAIGHT THROUGH – CRASH OCCURRED ON NEAR (APPROACH) SIDE OF INTERSECTION Pedestrian Outside Crosswalk Area  Traveled From Motorist’s Right.,750,Crossing Roadway – Vehicle Not Turning,0,Not a Cyclist,
48,482662,0,1,5,Pedestrian,42,Male,None Noted,None Noted,None Noted,760,Pedestrian Failed to Yield,0,Not a Cyclist,Intersection-Related,Not a Cyclist,Travel Lane,Not a Cyclist,Northbound,Not a Cyclist,Eastbound,Straight Through,Nearside,2b,MOTORIST TRAVELING STRAIGHT THROUGH – CRASH OCCURRED ON NEAR (APPROACH) SIDE OF INTERSECTION Pedestrian Outside Crosswalk Area  Traveled From Motorist’s Right.,750,Crossing Roadway – Vehicle Not Turning,0,Not a Cyclist,
48,482675,0,1,5,Pedestrian,28,Male,None Noted,None Noted,None Noted,760,Pedestrian Failed to Yield,0,Not a Cyclist,Intersection-Related,Not a Cyclist,Travel Lane,Not a Cyclist,Eastbound,Not a Cyclist,Southbound,Straight Through,Nearside,2b,MOTORIST TRAVELING STRAIGHT THROUGH – CRASH OCCURRED ON NEAR (APPROACH) SIDE OF INTERSECTION Pedestrian Outside Crosswalk Area  Traveled From Motorist’s Right.,750,Crossing Roadway – Vehicle Not Turning,0,Not a Cyclist,
12,120135,0,1,8,Person on Personal Conveyances,56,Male,Yes,None Noted,None Noted,760,Pedestrian Failed to Yield,0,Not a Cyclist,Intersection-Related,Not a Cyclist,Travel Lane,Not a Cyclist,Northbound,Not a Cyclist,Eastbound,Straight Through,Nearside,2b,MOTORIST TRAVELING STRAIGHT THROUGH – CRASH OCCURRED ON NEAR (APPROACH) SIDE OF INTERSECTION Pedestrian Outside Crosswalk Area  Traveled From Motorist’s Right.,750,Crossing Roadway – Vehicle Not Turning,0,Not a Cyclist,
48,483196,0,1,5,Pedestrian,64,Male,None Noted,None Noted,None Noted,760,Pedestrian Failed to Yield,0,Not a Cyclist,Intersection-Related,Not a Cyclist,Travel Lane,Not a Cyclist,Westbound,Not a Cyclist,Northbound,Straight Through,Nearside,2b,MOTORIST TRAVELING STRAIGHT THROUGH – CRASH OCCURRED ON NEAR (APPROACH) SIDE OF INTERSECTION Pedestrian Outside Crosswalk Area  Traveled From Motorist’s Right.,750,Crossing Roadway – Vehicle Not Turning,0,Not a Cyclist,
12,122339,0,1,5,Pedestrian,40,Male,None Noted,None Noted,None Noted,760,Pedestrian Failed to Yield,0,Not a Cyclist,Intersection-Related,Not a Cyclist,Travel Lane,Not a Cyclist,Northbound,Not a Cyclist,Eastbound,Straight Through,Nearside,2b,MOTORIST TRAVELING STRAIGHT THROUGH – CRASH OCCURRED ON NEAR (APPROACH) SIDE OF INTERSECTION Pedestrian Outside Crosswalk Area  Traveled From Motorist’s Right.,750,Crossing Roadway – Vehicle Not Turning,0,Not a Cyclist,
26,260907,0,1,5,Pedestrian,85,Female,None Noted,None Noted,None Noted,760,Pedestrian Failed to Yield,0,Not a Cyclist,Intersection-Related,Not a Cyclist,Travel Lane,Not a Cyclist,Northbound,Not a Cyclist,Eastbound,Straight Through,Nearside,2b,MOTORIST TRAVELING STRAIGHT THROUGH – CRASH OCCURRED ON NEAR (APPROACH) SIDE OF INTERSECTION Pedestrian Outside Crosswalk Area  Traveled From Motorist’s Right.,750,Crossing Roadway – Vehicle Not Turning,0,Not a Cyclist,
20,200303,0,1,5,Pedestrian,42,Male,None Noted,None Noted,None Noted,760,Pedestrian Failed to Yield,0,Not a Cyclist,Intersection-Related,Not a Cyclist,Travel Lane,Not a Cyclist,Unknown Initial Direction of Travel,Not a Cyclist,Southbound,Straight Through,Farside,4c,MOTORIST TRAVELING STRAIGHT THROUGH – CRASH OCCURRED ON FAR SIDE OF INTERSECTION Pedestrian Outside Crosswalk Area  Approach Direction Unknown.,750,Crossing Roadway – Vehicle Not Turning,0,Not a Cyclist,
12,120719,0,1,5,Pedestrian,18,Female,None Noted,None Noted,None Noted,760,Pedestrian Failed to Yield,0,Not a Cyclist,Intersection-Related,Not a Cyclist,Travel Lane,Not a Cyclist,Unknown Initial Direction of Travel,Not a Cyclist,Westbound,Straight Through,Farside,4c,MOTORIST TRAVELING STRAIGHT THROUGH – CRASH OCCURRED ON FAR SIDE OF INTERSECTION Pedestrian Outside Crosswalk Area  Approach Direction Unknown.,750,Crossing Roadway – Vehicle Not Turning,0,Not a Cyclist,
12,120510,0,1,5,Pedestrian,76,Male,None Noted,None Noted,None Noted,760,Pedestrian Failed to Yield,0,Not a Cyclist,Intersection-Related,Not a Cyclist,Travel Lane,Not a Cyclist,Unknown Initial Direction of Travel,Not a Cyclist,Northbound,Straight Through,Farside,4c,MOTORIST TRAVELING STRAIGHT THROUGH – CRASH OCCURRED ON FAR SIDE OF INTERSECTION Pedestrian Outside Crosswalk Area  Approach Direction Unknown.,750,Crossing Roadway – Vehicle Not Turning,0,Not a Cyclist,
13,130273,0,1,5,Pedestrian,56,Female,Yes,None Noted,None Noted,760,Pedestrian Failed to Yield,0,Not a Cyclist,Intersection-Related,Not a Cyclist,Travel Lane,Not a Cyclist,Unknown Initial Direction of Travel,Not a Cyclist,Northbound,Straight Through,Farside,4c,MOTORIST TRAVELING STRAIGHT THROUGH – CRASH OCCURRED ON FAR SIDE OF INTERSECTION Pedestrian Outside Crosswalk Area  Approach Direction Unknown.,750,Crossing Roadway – Vehicle Not Turning,0,Not a Cyclist,
12,122677,0,1,5,Pedestrian,19,Female,None Noted,None Noted,None Noted,760,Pedestrian Failed to Yield,0,Not a Cyclist,Intersection-Related,Not a Cyclist,Other/Unknown,Not a Cyclist,Unknown Initial Direction of Travel,Not a Cyclist,Northbound,Straight Through,Farside,4c,MOTORIST TRAVELING STRAIGHT THROUGH – CRASH OCCURRED ON FAR SIDE OF INTERSECTION Pedestrian Outside Crosswalk Area  Approach Direction Unknown.,750,Crossing Roadway – Vehicle Not Turning,0,Not a Cyclist,
35,350172,0,1,5,Pedestrian,28,Male,None Noted,None Noted,None Noted,760,Pedestrian Failed to Yield,0,Not a Cyclist,Intersection-Related,Not a Cyclist,Travel Lane,Not a Cyclist,Unknown Initial Direction of Travel,Not a Cyclist,Westbound,Straight Through,Farside,4c,MOTORIST TRAVELING STRAIGHT THROUGH – CRASH OCCURRED ON FAR SIDE OF INTERSECTION Pedestrian Outside Crosswalk Area  Approach Direction Unknown.,750,Crossing Roadway – Vehicle Not Turning,0,Not a Cyclist,
26,260623,0,1,5,Pedestrian,30,Male,None Noted,None Noted,None Noted,760,Pedestrian Failed to Yield,0,Not a Cyclist,Intersection-Related,Not a Cyclist,Travel Lane,Not a Cyclist,Southbound,Not a Cyclist,Eastbound,Straight Through,Nearside,2a,MOTORIST TRAVELING STRAIGHT THROUGH – CRASH OCCURRED ON NEAR (APPROACH) SIDE OF INTERSECTION Pedestrian Outside Crosswalk Area  Traveled From Motorist’s Left.,750,Crossing Roadway – Vehicle Not Turning,0,Not a Cyclist,
48,482250,0,1,5,Pedestrian,46,Male,None Noted,None Noted,None Noted,770,Motorist Failed to Yield,0,Not a Cyclist,Intersection-Related,Not a Cyclist,Travel Lane,Not a Cyclist,Westbound,Not a Cyclist,Southbound,Straight Through,Nearside,2a,MOTORIST TRAVELING STRAIGHT THROUGH – CRASH OCCURRED ON NEAR (APPROACH) SIDE OF INTERSECTION Pedestrian Outside Crosswalk Area  Traveled From Motorist’s Left.,750,Crossing Roadway – Vehicle Not Turning,0,Not a Cyclist,
12,122094,0,1,5,Pedestrian,57,Male,None Noted,None Noted,None Noted,760,Pedestrian Failed to Yield,0,Not a Cyclist,Intersection-Related,Not a Cyclist,Travel Lane,Not a Cyclist,Northbound,Not a Cyclist,Westbound,Straight Through,Nearside,2a,MOTORIST TRAVELING STRAIGHT THROUGH – CRASH OCCURRED ON NEAR (APPROACH) SIDE OF INTERSECTION Pedestrian Outside Crosswalk Area  Traveled From Motorist’s Left.,750,Crossing Roadway – Vehicle Not Turning,0,Not a Cyclist,
12,122178,0,1,5,Pedestrian,69,Female,Yes,None Noted,None Noted,760,Pedestrian Failed to Yield,0,Not a Cyclist,Intersection-Related,Not a Cyclist,Travel Lane,Not a Cyclist,Eastbound,Not a Cyclist,Northbound,Straight Through,Nearside,2a,MOTORIST TRAVELING STRAIGHT THROUGH – CRASH OCCURRED ON NEAR (APPROACH) SIDE OF INTERSECTION Pedestrian Outside Crosswalk Area  Traveled From Motorist’s Left.,750,Crossing Roadway – Vehicle Not Turning,0,Not a Cyclist,
12,122185,0,1,5,Pedestrian,61,Female,None Noted,None Noted,None Noted,760,Pedestrian Failed to Yield,0,Not a Cyclist,Intersection-Related,Not a Cyclist,Travel Lane,Not a Cyclist,Northbound,Not a Cyclist,Westbound,Straight Through,Nearside,2a,MOTORIST TRAVELING STRAIGHT THROUGH – CRASH OCCURRED ON NEAR (APPROACH) SIDE OF INTERSECTION Pedestrian Outside Crosswalk Area  Traveled From Motorist’s Left.,750,Crossing Roadway – Vehicle Not Turning,0,Not a Cyclist,
12,122551,0,1,5,Pedestrian,55,Male,None Noted,None Noted,None Noted,760,Pedestrian Failed to Yield,0,Not a Cyclist,Intersection-Related,Not a Cyclist,Travel Lane,Not a Cyclist,Southbound,Not a Cyclist,Eastbound,Straight Through,Nearside,2a,MOTORIST TRAVELING STRAIGHT THROUGH – CRASH OCCURRED ON NEAR (APPROACH) SIDE OF INTERSECTION Pedestrian Outside Crosswalk Area  Traveled From Motorist’s Left.,750,Crossing Roadway – Vehicle Not Turning,0,Not a Cyclist,
12,122376,0,1,5,Pedestrian,61,Female,None Noted,None Noted,None Noted,760,Pedestrian Failed to Yield,0,Not a Cyclist,Intersection-Related,Not a Cyclist,Travel Lane,Not a Cyclist,Southbound,Not a Cyclist,Eastbound,Straight Through,Nearside,2a,MOTORIST TRAVELING STRAIGHT THROUGH – CRASH OCCURRED ON NEAR (APPROACH) SIDE OF INTERSECTION Pedestrian Outside Crosswalk Area  Traveled From Motorist’s Left.,750,Crossing Roadway – Vehicle Not Turning,0,Not a Cyclist,
12,122157,0,1,5,Pedestrian,63,Male,None Noted,None Noted,None Noted,760,Pedestrian Failed to Yield,0,Not a Cyclist,Intersection-Related,Not a Cyclist,Travel Lane,Not a Cyclist,Northbound,Not a Cyclist,Westbound,Straight Through,Nearside,2a,MOTORIST TRAVELING STRAIGHT THROUGH – CRASH OCCURRED ON NEAR (APPROACH) SIDE OF INTERSECTION Pedestrian Outside Crosswalk Area  Traveled From Motorist’s Left.,750,Crossing Roadway – Vehicle Not Turning,0,Not a Cyclist,
51,510097,0,1,5,Pedestrian,52,Male,None Noted,None Noted,None Noted,760,Pedestrian Failed to Yield,0,Not a Cyclist,Intersection-Related,Not a Cyclist,Travel Lane,Not a Cyclist,Southbound,Not a Cyclist,Eastbound,Straight Through,Nearside,2a,MOTORIST TRAVELING STRAIGHT THROUGH – CRASH OCCURRED ON NEAR (APPROACH) SIDE OF INTERSECTION Pedestrian Outside Crosswalk Area  Traveled From Motorist’s Left.,750,Crossing Roadway – Vehicle Not Turning,0,Not a Cyclist,
22,220213,0,1,5,Pedestrian,39,Female,None Noted,None Noted,None Noted,760,Pedestrian Failed to Yield,0,Not a Cyclist,Intersection-Related,Not a Cyclist,Travel Lane,Not a Cyclist,Southbound,Not a Cyclist,Eastbound,Straight Through,Nearside,1a,MOTORIST TRAVELING STRAIGHT THROUGH – CRASH OCCURRED ON NEAR (APPROACH) SIDE OF INTERSECTION Pedestrian Within Crosswalk Area  Traveled From Motorist’s Left.,750,Crossing Roadway – Vehicle Not Turning,0,Not a Cyclist,
12,120182,0,1,5,Pedestrian,47,Female,Yes,None Noted,None Noted,760,Pedestrian Failed to Yield,0,Not a Cyclist,Intersection-Related,Not a Cyclist,Travel Lane,Not a Cyclist,Southbound,Not a Cyclist,Eastbound,Straight Through,Farside,3a,MOTORIST TRAVELING STRAIGHT THROUGH – CRASH OCCURRED ON FAR SIDE OF INTERSECTION Pedestrian Within Crosswalk Area  Traveled From Motorist’s Left.,750,Crossing Roadway – Vehicle Not Turning,0,Not a Cyclist,
13,130045,0,1,5,Pedestrian,30,Male,Yes,None Noted,None Noted,760,Pedestrian Failed to Yield,0,Not a Cyclist,Intersection-Related,Not a Cyclist,Travel Lane,Not a Cyclist,Northbound,Not a Cyclist,Westbound,Straight Through,Farside,4a,MOTORIST TRAVELING STRAIGHT THROUGH – CRASH OCCURRED ON FAR SIDE OF INTERSECTION Pedestrian Outside Crosswalk Area  Traveled From Motorist’s Left.,750,Crossing Roadway – Vehicle Not Turning,0,Not a Cyclist,
22,220397,0,1,5,Pedestrian,58,Female,None Noted,None Noted,None Noted,760,Pedestrian Failed to Yield,0,Not a Cyclist,Intersection-Related,Not a Cyclist,Travel Lane,Not a Cyclist,Northbound,Not a Cyclist,Westbound,Straight Through,Farside,4a,MOTORIST TRAVELING STRAIGHT THROUGH – CRASH OCCURRED ON FAR SIDE OF INTERSECTION Pedestrian Outside Crosswalk Area  Traveled From Motorist’s Left.,750,Crossing Roadway – Vehicle Not Turning,0,Not a Cyclist,
36,360998,0,1,5,Pedestrian,49,Female,None Noted,None Noted,None Noted,760,Pedestrian Failed to Yield,0,Not a Cyclist,Intersection-Related,Not a Cyclist,Travel Lane,Not a Cyclist,Eastbound,Not a Cyclist,Northbound,Straight Through,Farside,4a,MOTORIST TRAVELING STRAIGHT THROUGH – CRASH OCCURRED ON FAR SIDE OF INTERSECTION Pedestrian Outside Crosswalk Area  Traveled From Motorist’s Left.,750,Crossing Roadway – Vehicle Not Turning,0,Not a Cyclist,
12,122498,0,1,5,Pedestrian,65,Male,None Noted,None Noted,None Noted,760,Pedestrian Failed to Yield,0,Not a Cyclist,Intersection-Related,Not a Cyclist,Travel Lane,Not a Cyclist,Eastbound,Not a Cyclist,Southbound,Straight Through,Farside,3b,MOTORIST TRAVELING STRAIGHT THROUGH – CRASH OCCURRED ON FAR SIDE OF INTERSECTION Pedestrian Within Crosswalk Area  Traveled From Motorist’s Right.,750,Crossing Roadway – Vehicle Not Turning,0,Not a Cyclist,
48,482570,0,2,5,Pedestrian,54,Male,None Noted,None Noted,None Noted,760,Pedestrian Failed to Yield,0,Not a Cyclist,Intersection-Related,Not a Cyclist,Travel Lane,Not a Cyclist,Westbound,Not a Cyclist,Southbound,Straight Through,Farside,4a,MOTORIST TRAVELING STRAIGHT THROUGH – CRASH OCCURRED ON FAR SIDE OF INTERSECTION Pedestrian Outside Crosswalk Area  Traveled From Motorist’s Left.,750,Crossing Roadway – Vehicle Not Turning,0,Not a Cyclist,
12,122592,0,1,5,Pedestrian,66,Male,None Noted,None Noted,None Noted,760,Pedestrian Failed to Yield,0,Not a Cyclist,Intersection-Related,Not a Cyclist,Travel Lane,Not a Cyclist,Northbound,Not a Cyclist,Westbound,Straight Through,Farside,4a,MOTORIST TRAVELING STRAIGHT THROUGH – CRASH OCCURRED ON FAR SIDE OF INTERSECTION Pedestrian Outside Crosswalk Area  Traveled From Motorist’s Left.,750,Crossing Roadway – Vehicle Not Turning,0,Not a Cyclist,
12,120402,0,1,5,Pedestrian,55,Male,None Noted,None Noted,None Noted,760,Pedestrian Failed to Yield,0,Not a Cyclist,Intersection-Related,Not a Cyclist,Travel Lane,Not a Cyclist,Northbound,Not a Cyclist,Westbound,Straight Through,Farside,4a,MOTORIST TRAVELING STRAIGHT THROUGH – CRASH OCCURRED ON FAR SIDE OF INTERSECTION Pedestrian Outside Crosswalk Area  Traveled From Motorist’s Left.,750,Crossing Roadway – Vehicle Not Turning,0,Not a Cyclist,
12,121181,0,1,5,Pedestrian,29,Male,None Noted,None Noted,None Noted,760,Pedestrian Failed to Yield,0,Not a Cyclist,Intersection-Related,Not a Cyclist,Travel Lane,Not a Cyclist,Eastbound,Not a Cyclist,Northbound,Straight Through,Farside,4a,MOTORIST TRAVELING STRAIGHT THROUGH – CRASH OCCURRED ON FAR SIDE OF INTERSECTION Pedestrian Outside Crosswalk Area  Traveled From Motorist’s Left.,750,Crossing Roadway – Vehicle Not Turning,0,Not a Cyclist,
12,120577,0,1,5,Pedestrian,33,Female,None Noted,None Noted,None Noted,760,Pedestrian Failed to Yield,0,Not a Cyclist,Intersection-Related,Not a Cyclist,Travel Lane,Not a Cyclist,Northbound,Not a Cyclist,Westbound,Straight Through,Farside,4a,MOTORIST TRAVELING STRAIGHT THROUGH – CRASH OCCURRED ON FAR SIDE OF INTERSECTION Pedestrian Outside Crosswalk Area  Traveled From Motorist’s Left.,750,Crossing Roadway – Vehicle Not Turning,0,Not a Cyclist,
12,121554,0,1,5,Pedestrian,54,Male,None Noted,None Noted,None Noted,760,Pedestrian Failed to Yield,0,Not a Cyclist,Intersection-Related,Not a Cyclist,Travel Lane,Not a Cyclist,Northbound,Not a Cyclist,Westbound,Straight Through,Farside,4a,MOTORIST TRAVELING STRAIGHT THROUGH – CRASH OCCURRED ON FAR SIDE OF INTERSECTION Pedestrian Outside Crosswalk Area  Traveled From Motorist’s Left.,750,Crossing Roadway – Vehicle Not Turning,0,Not a Cyclist,
12,120903,0,1,5,Pedestrian,33,Female,None Noted,None Noted,None Noted,760,Pedestrian Failed to Yield,0,Not a Cyclist,Intersection-Related,Not a Cyclist,Travel Lane,Not a Cyclist,Southbound,Not a Cyclist,Eastbound,Straight Through,Farside,4a,MOTORIST TRAVELING STRAIGHT THROUGH – CRASH OCCURRED ON FAR SIDE OF INTERSECTION Pedestrian Outside Crosswalk Area  Traveled From Motorist’s Left.,750,Crossing Roadway – Vehicle Not Turning,0,Not a Cyclist,
48,482570,0,1,5,Pedestrian,58,Female,None Noted,None Noted,None Noted,760,Pedestrian Failed to Yield,0,Not a Cyclist,Intersection-Related,Not a Cyclist,Travel Lane,Not a Cyclist,Westbound,Not a Cyclist,Southbound,Straight Through,Farside,4a,MOTORIST TRAVELING STRAIGHT THROUGH – CRASH OCCURRED ON FAR SIDE OF INTERSECTION Pedestrian Outside Crosswalk Area  Traveled From Motorist’s Left.,750,Crossing Roadway – Vehicle Not Turning,0,Not a Cyclist,
24,240197,0,1,5,Pedestrian,81,Male,None Noted,None Noted,None Noted,760,Pedestrian Failed to Yield,0,Not a Cyclist,Intersection-Related,Not a Cyclist,Travel Lane,Not a Cyclist,Northbound,Not a Cyclist,Westbound,Straight Through,Farside,4a,MOTORIST TRAVELING STRAIGHT THROUGH – CRASH OCCURRED ON FAR SIDE OF INTERSECTION Pedestrian Outside Crosswalk Area  Traveled From Motorist’s Left.,750,Crossing Roadway – Vehicle Not Turning,0,Not a Cyclist,
26,260368,0,1,5,Pedestrian,30,Male,None Noted,None Noted,None Noted,760,Pedestrian Failed to Yield,0,Not a Cyclist,Intersection-Related,Not a Cyclist,Travel Lane,Not a Cyclist,Westbound,Not a Cyclist,Southbound,Straight Through,Farside,4a,MOTORIST TRAVELING STRAIGHT THROUGH – CRASH OCCURRED ON FAR SIDE OF INTERSECTION Pedestrian Outside Crosswalk Area  Traveled From Motorist’s Left.,750,Crossing Roadway – Vehicle Not Turning,0,Not a Cyclist,
26,260085,0,1,5,Pedestrian,58,Female,None Noted,None Noted,None Noted,760,Pedestrian Failed to Yield,0,Not a Cyclist,Intersection-Related,Not a Cyclist,Travel Lane,Not a Cyclist,Westbound,Not a Cyclist,Southbound,Straight Through,Farside,4a,MOTORIST TRAVELING STRAIGHT THROUGH – CRASH OCCURRED ON FAR SIDE OF INTERSECTION Pedestrian Outside Crosswalk Area  Traveled From Motorist’s Left.,750,Crossing Roadway – Vehicle Not Turning,0,Not a Cyclist,
37,370076,0,1,5,Pedestrian,50,Male,None Noted,None Noted,None Noted,760,Pedestrian Failed to Yield,0,Not a Cyclist,Intersection-Related,Not a Cyclist,Travel Lane,Not a Cyclist,Eastbound,Not a Cyclist,Northbound,Straight Through,Farside,4a,MOTORIST TRAVELING STRAIGHT THROUGH – CRASH OCCURRED ON FAR SIDE OF INTERSECTION Pedestrian Outside Crosswalk Area  Traveled From Motorist’s Left.,750,Crossing Roadway – Vehicle Not Turning,0,Not a Cyclist,
37,371077,0,1,5,Pedestrian,78,Female,None Noted,None Noted,None Noted,760,Pedestrian Failed to Yield,0,Not a Cyclist,Intersection-Related,Not a Cyclist,Travel Lane,Not a Cyclist,Eastbound,Not a Cyclist,Northbound,Straight Through,Farside,4a,MOTORIST TRAVELING STRAIGHT THROUGH – CRASH OCCURRED ON FAR SIDE OF INTERSECTION Pedestrian Outside Crosswalk Area  Traveled From Motorist’s Left.,750,Crossing Roadway – Vehicle Not Turning,0,Not a Cyclist,
12,122346,0,1,8,Person on Personal Conveyances,71,Male,None Noted,None Noted,None Noted,760,Pedestrian Failed to Yield,0,Not a Cyclist,Intersection-Related,Not a Cyclist,Travel Lane,Not a Cyclist,Eastbound,Not a Cyclist,Northbound,Straight Through,Farside,4a,MOTORIST TRAVELING STRAIGHT THROUGH – CRASH OCCURRED ON FAR SIDE OF INTERSECTION Pedestrian Outside Crosswalk Area  Traveled From Motorist’s Left.,750,Crossing Roadway – Vehicle Not Turning,0,Not a Cyclist,
36,360946,0,1,5,Pedestrian,56,Male,None Noted,None Noted,None Noted,760,Pedestrian Failed to Yield,0,Not a Cyclist,Intersection-Related,Not a Cyclist,Travel Lane,Not a Cyclist,Eastbound,Not a Cyclist,Northbound,Straight Through,Farside,4a,MOTORIST TRAVELING STRAIGHT THROUGH – CRASH OCCURRED ON FAR SIDE OF INTERSECTION Pedestrian Outside Crosswalk Area  Traveled From Motorist’s Left.,750,Crossing Roadway – Vehicle Not Turning,0,Not a Cyclist,
55,550172,0,1,5,Pedestrian,77,Female,Yes,None Noted,None Noted,760,Pedestrian Failed to Yield,0,Not a Cyclist,Intersection-Related,Not a Cyclist,Travel Lane,Not a Cyclist,Westbound,Not a Cyclist,Southbound,Straight Through,Farside,4a,MOTORIST TRAVELING STRAIGHT THROUGH – CRASH OCCURRED ON FAR SIDE OF INTERSECTION Pedestrian Outside Crosswalk Area  Traveled From Motorist’s Left.,750,Crossing Roadway – Vehicle Not Turning,0,Not a Cyclist,
51,510697,0,1,5,Pedestrian,69,Female,None Noted,None Noted,None Noted,760,Pedestrian Failed to Yield,0,Not a Cyclist,Intersection-Related,Not a Cyclist,Travel Lane,Not a Cyclist,Southbound,Not a Cyclist,Eastbound,Straight Through,Farside,4a,MOTORIST TRAVELING STRAIGHT THROUGH – CRASH OCCURRED ON FAR SIDE OF INTERSECTION Pedestrian Outside Crosswalk Area  Traveled From Motorist’s Left.,750,Crossing Roadway – Vehicle Not Turning,0,Not a Cyclist,
48,482178,0,1,5,Pedestrian,37,Female,None Noted,None Noted,None Noted,760,Pedestrian Failed to Yield,0,Not a Cyclist,Intersection-Related,Not a Cyclist,Travel Lane,Not a Cyclist,Southbound,Not a Cyclist,Eastbound,Straight Through,Farside,4a,MOTORIST TRAVELING STRAIGHT THROUGH – CRASH OCCURRED ON FAR SIDE OF INTERSECTION Pedestrian Outside Crosswalk Area  Traveled From Motorist’s Left.,750,Crossing Roadway – Vehicle Not Turning,0,Not a Cyclist,
31,310156,0,1,5,Pedestrian,66,Male,Yes,None Noted,None Noted,760,Pedestrian Failed to Yield,0,Not a Cyclist,Intersection-Related,Not a Cyclist,Travel Lane,Not a Cyclist,Northbound,Not a Cyclist,Westbound,Straight Through,Farside,4a,MOTORIST TRAVELING STRAIGHT THROUGH – CRASH OCCURRED ON FAR SIDE OF INTERSECTION Pedestrian Outside Crosswalk Area  Traveled From Motorist’s Left.,750,Crossing Roadway – Vehicle Not Turning,0,Not a Cyclist,
34,340510,0,1,5,Pedestrian,28,Female,None Noted,None Noted,None Noted,760,Pedestrian Failed to Yield,0,Not a Cyclist,Intersection-Related,Not a Cyclist,Travel Lane,Not a Cyclist,Not Applicable,Not a Cyclist,Northbound,Straight Through,Unknown,8,Not Applicable,750,Crossing Roadway – Vehicle Not Turning,0,Not a Cyclist,
34,340510,0,2,5,Pedestrian,26,Male,None Noted,None Noted,None Noted,760,Pedestrian Failed to Yield,0,Not a Cyclist,Intersection-Related,Not a Cyclist,Travel Lane,Not a Cyclist,Not Applicable,Not a Cyclist,Northbound,Straight Through,Unknown,8,Not Applicable,750,Crossing Roadway – Vehicle Not Turning,0,Not a Cyclist,
51,510195,0,1,5,Pedestrian,70,Female,None Noted,None Noted,None Noted,760,Pedestrian Failed to Yield,0,Not a Cyclist,Intersection-Related,Not a Cyclist,Travel Lane,Not a Cyclist,Not Applicable,Not a Cyclist,Unknown Initial Direction of Travel,Not Applicable,Not Applicable,8,Not Applicable,750,Crossing Roadway – Vehicle Not Turning,0,Not a Cyclist,
34,340075,0,1,5,Pedestrian,27,Male,None Noted,None Noted,None Noted,760,Pedestrian Failed to Yield,0,Not a Cyclist,Intersection-Related,Not a Cyclist,Travel Lane,Not a Cyclist,Not Applicable,Not a Cyclist,Southbound,Straight Through,Unknown,8,Not Applicable,750,Crossing Roadway – Vehicle Not Turning,0,Not a Cyclist,
13,130123,0,1,5,Pedestrian,74,Female,None Noted,None Noted,None Noted,760,Pedestrian Failed to Yield,0,Not a Cyclist,Intersection-Related,Not a Cyclist,Travel Lane,Not a Cyclist,Not Applicable,Not a Cyclist,Unknown Initial Direction of Travel,Not Applicable,Not Applicable,8,Not Applicable,750,Crossing Roadway – Vehicle Not Turning,0,Not a Cyclist,
12,121363,0,1,5,Pedestrian,61,Male,None Noted,None Noted,None Noted,760,Pedestrian Failed to Yield,0,Not a Cyclist,Intersection-Related,Not a Cyclist,Travel Lane,Not a Cyclist,Not Applicable,Not a Cyclist,Southbound,Straight Through,Unknown,8,Not Applicable,750,Crossing Roadway – Vehicle Not Turning,0,Not a Cyclist,
34,340059,0,1,5,Pedestrian,51,Male,None Noted,None Noted,None Noted,760,Pedestrian Failed to Yield,0,Not a Cyclist,Intersection-Related,Not a Cyclist,Travel Lane,Not a Cyclist,Not Applicable,Not a Cyclist,Northbound,Straight Through,Unknown,8,Not Applicable,750,Crossing Roadway – Vehicle Not Turning,0,Not a Cyclist,
37,370928,0,1,5,Pedestrian,54,Male,None Noted,None Noted,None Noted,760,Pedestrian Failed to Yield,0,Not a Cyclist,Intersection-Related,Not a Cyclist,Travel Lane,Not a Cyclist,Not Applicable,Not a Cyclist,Unknown Initial Direction of Travel,Not Applicable,Not Applicable,8,Not Applicable,750,Crossing Roadway – Vehicle Not Turning,0,Not a Cyclist,
48,480610,0,2,5,Pedestrian,49,Female,None Noted,None Noted,None Noted,890,Non-Trafficway – Other/Unknown,0,Not a Cyclist,Non-Trafficway Location,Not a Cyclist,Non-Trafficway – Parking Lot/Other,Not a Cyclist,Not Applicable,Not a Cyclist,Not Applicable,Not Applicable,Not Applicable,8,Not Applicable,800,Non-Trafficway,0,Not a Cyclist,
48,480610,0,4,5,Pedestrian,54,Male,None Noted,None Noted,None Noted,890,Non-Trafficway – Other/Unknown,0,Not a Cyclist,Non-Trafficway Location,Not a Cyclist,Non-Trafficway – Parking Lot/Other,Not a Cyclist,Not Applicable,Not a Cyclist,Not Applicable,Not Applicable,Not Applicable,8,Not Applicable,800,Non-Trafficway,0,Not a Cyclist,
48,482550,0,2,5,Pedestrian,39,Male,None Noted,None Noted,None Noted,890,Non-Trafficway – Other/Unknown,0,Not a Cyclist,Non-Trafficway Location,Not a Cyclist,Other/Unknown,Not a Cyclist,Not Applicable,Not a Cyclist,Not Applicable,Not Applicable,Not Applicable,8,Not Applicable,800,Non-Trafficway,0,Not a Cyclist,