state_number,consecutive_number,vehicle_number,person_number,person_type,person_type_name,age,sex,marked_crosswalk_present,sidewalk_present,school_zone,crash_type_pedestrian,crash_type_pedestrian_name,crash_type_bicycle,crash_type_bicycle_name,crash_location_pedestrian,crash_location_bicycle,pedestrian_position,bicyclist_position,pedestrian_initial_direction_of_travel,bicyclist_initial_direction_of_travel,motorist_initial_direction_of_travel,motorist_maneuver,intersection_leg,pedestrian_scenario,pedestrian_scenario_name,crash_group_pedestrian,crash_group_pedestrian_name,crash_group_bicycle,crash_group_bicycle_name
48,482550,0,1,5,Pedestrian,23,Male,None Noted,None Noted,None Noted,890,Non-Trafficway – Other/Unknown,0,Not a Cyclist,Non-Trafficway Location,Not a Cyclist,Other/Unknown,Not a Cyclist,Not Applicable,Not a Cyclist,Not Applicable,Not Applicable,Not Applicable,8,Not Applicable,800,Non-Trafficway,0,Not a Cyclist,
45,450789,0,1,5,Pedestrian,11,Male,None Noted,None Noted,None Noted,890,Non-Trafficway – Other/Unknown,0,Not a Cyclist,Non-Trafficway Location,Not a Cyclist,Non-Trafficway – Parking Lot/Other,Not a Cyclist,Not Applicable,Not a Cyclist,Not Applicable,Not Applicable,Not Applicable,8,Not Applicable,800,Non-Trafficway,0,Not a Cyclist,
48,480610,0,6,5,Pedestrian,30,Male,None Noted,None Noted,None Noted,890,Non-Trafficway – Other/Unknown,0,Not a Cyclist,Non-Trafficway Location,Not a Cyclist,Non-Trafficway – Parking Lot/Other,Not a Cyclist,Not Applicable,Not a Cyclist,Not Applicable,Not Applicable,Not Applicable,8,Not Applicable,800,Non-Trafficway,0,Not a Cyclist,
48,480610,0,3,5,Pedestrian,37,Male,None Noted,None Noted,None Noted,890,Non-Trafficway – Other/Unknown,0,Not a Cyclist,Non-Trafficway Location,Not a Cyclist,Non-Trafficway – Parking Lot/Other,Not a Cyclist,Not Applicable,Not a Cyclist,Not Applicable,Not Applicable,Not Applicable,8,Not Applicable,800,Non-Trafficway,0,Not a Cyclist,
48,480610,0,1,5,Pedestrian,24,Female,None Noted,None Noted,None Noted,890,Non-Trafficway – Other/Unknown,0,Not a Cyclist,Non-Trafficway Location,Not a Cyclist,Non-Trafficway – Parking Lot/Other,Not a Cyclist,Not Applicable,Not a Cyclist,Not Applicable,Not Applicable,Not Applicable,8,Not Applicable,800,Non-Trafficway,0,Not a Cyclist,
1,10446,0,1,5,Pedestrian,53,Female,None Noted,None Noted,None Noted,890,Non-Trafficway – Other/Unknown,0,Not a Cyclist,Non-Trafficway Location,Not a Cyclist,Non-Trafficway – Parking Lot/Other,Not a Cyclist,Not Applicable,Not a Cyclist,Not Applicable,Not Applicable,Not Applicable,8,Not Applicable,800,Non-Trafficway,0,Not a Cyclist,
42,420679,0,2,5,Pedestrian,34,Female,None Noted,None Noted,None Noted,890,Non-Trafficway – Other/Unknown,0,Not a Cyclist,Non-Trafficway Location,Not a Cyclist,Non-Trafficway – Parking Lot/Other,Not a Cyclist,Not Applicable,Not a Cyclist,Not Applicable,Not Applicable,Not Applicable,8,Not Applicable,800,Non-Trafficway,0,Not a Cyclist,
42,420603,0,1,5,Pedestrian,69,Female,None Noted,None Noted,None Noted,890,Non-Trafficway – Other/Unknown,0,Not a Cyclist,Non-Trafficway Location,Not a Cyclist,Non-Trafficway – Parking Lot/Other,Not a Cyclist,Not Applicable,Not a Cyclist,Not Applicable,Not Applicable,Not Applicable,8,Not Applicable,800,Non-Trafficway,0,Not a Cyclist,
42,420679,0,1,5,Pedestrian,6,Female,None Noted,None Noted,None Noted,890,Non-Trafficway – Other/Unknown,0,Not a Cyclist,Non-Trafficway Location,Not a Cyclist,Non-Trafficway – Parking Lot/Other,Not a Cyclist,Not Applicable,Not a Cyclist,Not Applicable,Not Applicable,Not Applicable,8,Not Applicable,800,Non-Trafficway,0,Not a Cyclist,
35,350144,0,1,5,Pedestrian,1,Female,None Noted,None Noted,None Noted,890,Non-Trafficway – Other/Unknown,0,Not a Cyclist,Non-Trafficway Location,Not a Cyclist,Other/Unknown,Not a Cyclist,Not Applicable,Not a Cyclist,Not Applicable,Not Applicable,Not Applicable,8,Not Applicable,800,Non-Trafficway,0,Not a Cyclist,
19,190093,0,1,5,Pedestrian,6,Male,None Noted,None Noted,None Noted,890,Non-Trafficway – Other/Unknown,0,Not a Cyclist,Non-Trafficway Location,Not a Cyclist,Non-Trafficway – Parking Lot/Other,Not a Cyclist,Not Applicable,Not a Cyclist,Not Applicable,Not Applicable,Not Applicable,8,Not Applicable,800,Non-Trafficway,0,Not a Cyclist,
12,121577,0,1,5,Pedestrian,70,Male,None Noted,None Noted,None Noted,890,Non-Trafficway – Other/Unknown,0,Not a Cyclist,Non-Trafficway Location,Not a Cyclist,Non-Trafficway – Parking Lot/Other,Not a Cyclist,Not Applicable,Not a Cyclist,Not Applicable,Not Applicable,Not Applicable,8,Not Applicable,800,Non-Trafficway,0,Not a Cyclist,
12,121419,0,1,5,Pedestrian,53,Female,None Noted,None Noted,None Noted,890,Non-Trafficway – Other/Unknown,0,Not a Cyclist,Non-Trafficway Location,Not a Cyclist,Non-Trafficway – Parking Lot/Other,Not a Cyclist,Not Applicable,Not a Cyclist,Not Applicable,Not Applicable,Not Applicable,8,Not Applicable,800,Non-Trafficway,0,Not a Cyclist,
47,470334,0,1,5,Pedestrian,72,Male,None Noted,None Noted,None Noted,890,Non-Trafficway – Other/Unknown,0,Not a Cyclist,Non-Trafficway Location,Not a Cyclist,Non-Trafficway – Parking Lot/Other,Not a Cyclist,Not Applicable,Not a Cyclist,Not Applicable,Not Applicable,Not Applicable,8,Not Applicable,800,Non-Trafficway,0,Not a Cyclist,
18,180601,0,1,5,Pedestrian,56,Male,None Noted,None Noted,None Noted,830,Non-Trafficway – Parking Lot,0,Not a Cyclist,Non-Trafficway Location,Not a Cyclist,Non-Trafficway – Parking Lot/Other,Not a Cyclist,Not Applicable,Not a Cyclist,Not Applicable,Not Applicable,Not Applicable,8,Not Applicable,800,Non-Trafficway,0,Not a Cyclist,
19,190093,0,2,5,Pedestrian,4,Male,None Noted,None Noted,None Noted,890,Non-Trafficway – Other/Unknown,0,Not a Cyclist,Non-Trafficway Location,Not a Cyclist,Non-Trafficway – Parking Lot/Other,Not a Cyclist,Not Applicable,Not a Cyclist,Not Applicable,Not Applicable,Not Applicable,8,Not Applicable,800,Non-Trafficway,0,Not a Cyclist,
5,50341,0,2,5,Pedestrian,998,Female,None Noted,None Noted,None Noted,890,Non-Trafficway – Other/Unknown,0,Not a Cyclist,Non-Trafficway Location,Not a Cyclist,Other/Unknown,Not a Cyclist,Not Applicable,Not a Cyclist,Not Applicable,Not Applicable,Not Applicable,8,Not Applicable,800,Non-Trafficway,0,Not a Cyclist,
5,50341,0,1,5,Pedestrian,998,Female,None Noted,None Noted,None Noted,890,Non-Trafficway – Other/Unknown,0,Not a Cyclist,Non-Trafficway Location,Not a Cyclist,Other/Unknown,Not a Cyclist,Not Applicable,Not a Cyclist,Not Applicable,Not Applicable,Not Applicable,8,Not Applicable,800,Non-Trafficway,0,Not a Cyclist,
48,482071,0,1,5,Pedestrian,30,Female,None Noted,None Noted,None Noted,890,Non-Trafficway – Other/Unknown,0,Not a Cyclist,Non-Trafficway Location,Not a Cyclist,Non-Trafficway – Parking Lot/Other,Not a Cyclist,Not Applicable,Not a Cyclist,Not Applicable,Not Applicable,Not Applicable,8,Not Applicable,800,Non-Trafficway,0,Not a Cyclist,
48,483228,0,1,5,Pedestrian,52,Female,None Noted,None Noted,None Noted,890,Non-Trafficway – Other/Unknown,0,Not a Cyclist,Non-Trafficway Location,Not a Cyclist,Non-Trafficway – Parking Lot/Other,Not a Cyclist,Not Applicable,Not a Cyclist,Not Applicable,Not Applicable,Not Applicable,8,Not Applicable,800,Non-Trafficway,0,Not a Cyclist,
56,560052,0,1,5,Pedestrian,44,Female,None Noted,None Noted,None Noted,890,Non-Trafficway – Other/Unknown,0,Not a Cyclist,Non-Trafficway Location,Not a Cyclist,Non-Trafficway – Parking Lot/Other,Not a Cyclist,Not Applicable,Not a Cyclist,Not Applicable,Not Applicable,Not Applicable,8,Not Applicable,800,Non-Trafficway,0,Not a Cyclist,
18,180549,0,1,5,Pedestrian,2,Female,None Noted,None Noted,None Noted,830,Non-Trafficway – Parking Lot,0,Not a Cyclist,Non-Trafficway Location,Not a Cyclist,Non-Trafficway – Parking Lot/Other,Not a Cyclist,Not Applicable,Not a Cyclist,Not Applicable,Not Applicable,Not Applicable,8,Not Applicable,800,Non-Trafficway,0,Not a Cyclist,
39,391032,0,2,5,Pedestrian,38,Male,None Noted,None Noted,None Noted,890,Non-Trafficway – Other/Unknown,0,Not a Cyclist,Non-Trafficway Location,Not a Cyclist,Non-Trafficway – Parking Lot/Other,Not a Cyclist,Not Applicable,Not a Cyclist,Not Applicable,Not Applicable,Not Applicable,8,Not Applicable,800,Non-Trafficway,0,Not a Cyclist,
39,391032,0,1,5,Pedestrian,19,Male,None Noted,None Noted,None Noted,890,Non-Trafficway – Other/Unknown,0,Not a Cyclist,Non-Trafficway Location,Not a Cyclist,Non-Trafficway – Parking Lot/Other,Not a Cyclist,Not Applicable,Not a Cyclist,Not Applicable,Not Applicable,Not Applicable,8,Not Applicable,800,Non-Trafficway,0,Not a Cyclist,
18,180501,0,1,5,Pedestrian,28,Male,None Noted,None Noted,None Noted,830,Non-Trafficway – Parking Lot,0,Not a Cyclist,Non-Trafficway Location,Not a Cyclist,Non-Trafficway – Parking Lot/Other,Not a Cyclist,Not Applicable,Not a Cyclist,Not Applicable,Not Applicable,Not Applicable,8,Not Applicable,800,Non-Trafficway,0,Not a Cyclist,
18,180512,0,1,5,Pedestrian,78,Male,None Noted,None Noted,None Noted,830,Non-Trafficway – Parking Lot,0,Not a Cyclist,Non-Trafficway Location,Not a Cyclist,Non-Trafficway – Parking Lot/Other,Not a Cyclist,Not Applicable,Not a Cyclist,Not Applicable,Not Applicable,Not Applicable,8,Not Applicable,800,Non-Trafficway,0,Not a Cyclist,
18,180516,0,1,5,Pedestrian,4,Male,None Noted,None Noted,None Noted,830,Non-Trafficway – Parking Lot,0,Not a Cyclist,Non-Trafficway Location,Not a Cyclist,Non-Trafficway – Parking Lot/Other,Not a Cyclist,Not Applicable,Not a Cyclist,Not Applicable,Not Applicable,Not Applicable,8,Not Applicable,800,Non-Trafficway,0,Not a Cyclist,
31,310180,0,1,5,Pedestrian,36,Male,None Noted,None Noted,None Noted,890,Non-Trafficway – Other/Unknown,0,Not a Cyclist,Non-Trafficway Location,Not a Cyclist,Non-Trafficway – Parking Lot/Other,Not a Cyclist,Not Applicable,Not a Cyclist,Not Applicable,Not Applicable,Not Applicable,8,Not Applicable,800,Non-Trafficway,0,Not a Cyclist,
18,180512,0,2,5,Pedestrian,76,Female,None Noted,None Noted,None Noted,830,Non-Trafficway – Parking Lot,0,Not a Cyclist,Non-Trafficway Location,Not a Cyclist,Non-Trafficway – Parking Lot/Other,Not a Cyclist,Not Applicable,Not a Cyclist,Not Applicable,Not Applicable,Not Applicable,8,Not Applicable,800,Non-Trafficway,0,Not a Cyclist,
49,490258,0,1,5,Pedestrian,5,Female,None Noted,None Noted,Yes,830,Non-Trafficway – Parking Lot,0,Not a Cyclist,Non-Trafficway Location,Not a Cyclist,Non-Trafficway – Parking Lot/Other,Not a Cyclist,Not Applicable,Not a Cyclist,Not Applicable,Not Applicable,Not Applicable,8,Not Applicable,800,Non-Trafficway,0,Not a Cyclist,
41,410082,0,1,5,Pedestrian,65,Male,Yes,None Noted,None Noted,830,Non-Trafficway – Parking Lot,0,Not a Cyclist,Non-Trafficway Location,Not a Cyclist,Non-Trafficway – Parking Lot/Other,Not a Cyclist,Not Applicable,Not a Cyclist,Not Applicable,Not Applicable,Not Applicable,8,Not Applicable,800,Non-Trafficway,0,Not a Cyclist,
12,121514,0,1,5,Pedestrian,39,Male,None Noted,None Noted,None Noted,830,Non-Trafficway – Parking Lot,0,Not a Cyclist,Non-Trafficway Location,Not a Cyclist,Non-Trafficway – Parking Lot/Other,Not a Cyclist,Not Applicable,Not a Cyclist,Not Applicable,Not Applicable,Not Applicable,8,Not Applicable,800,Non-Trafficway,0,Not a Cyclist,
12,121514,0,2,5,Pedestrian,36,Female,None Noted,None Noted,None Noted,830,Non-Trafficway – Parking Lot,0,Not a Cyclist,Non-Trafficway Location,Not a Cyclist,Non-Trafficway – Parking Lot/Other,Not a Cyclist,Not Applicable,Not a Cyclist,Not Applicable,Not Applicable,Not Applicable,8,Not Applicable,800,Non-Trafficway,0,Not a Cyclist,
12,121305,0,1,5,Pedestrian,66,Male,None Noted,None Noted,None Noted,830,Non-Trafficway – Parking Lot,0,Not a Cyclist,Non-Trafficway Location,Not a Cyclist,Non-Trafficway – Parking Lot/Other,Not a Cyclist,Not Applicable,Not a Cyclist,Not Applicable,Not Applicable,Not Applicable,8,Not Applicable,800,Non-Trafficway,0,Not a Cyclist,
22,220560,0,2,5,Pedestrian,59,Male,None Noted,None Noted,None Noted,890,Non-Trafficway – Other/Unknown,0,Not a Cyclist,Non-Trafficway Location,Not a Cyclist,Non-Trafficway – Parking Lot/Other,Not a Cyclist,Not Applicable,Not a Cyclist,Not Applicable,Not Applicable,Not Applicable,8,Not Applicable,800,Non-Trafficway,0,Not a Cyclist,
26,260311,0,1,5,Pedestrian,8,Male,None Noted,None Noted,None Noted,890,Non-Trafficway – Other/Unknown,0,Not a Cyclist,Non-Trafficway Location,Not a Cyclist,Non-Trafficway – Parking Lot/Other,Not a Cyclist,Not Applicable,Not a Cyclist,Not Applicable,Not Applicable,Not Applicable,8,Not Applicable,800,Non-Trafficway,0,Not a Cyclist,
26,260571,0,1,5,Pedestrian,998,Male,None Noted,None Noted,None Noted,890,Non-Trafficway – Other/Unknown,0,Not a Cyclist,Non-Trafficway Location,Not a Cyclist,Non-Trafficway – Parking Lot/Other,Not a Cyclist,Not Applicable,Not a Cyclist,Not Applicable,Not Applicable,Not Applicable,8,Not Applicable,800,Non-Trafficway,0,Not a Cyclist,
37,370949,0,1,5,Pedestrian,74,Female,None Noted,None Noted,None Noted,890,Non-Trafficway – Other/Unknown,0,Not a Cyclist,Non-Trafficway Location,Not a Cyclist,Non-Trafficway – Parking Lot/Other,Not a Cyclist,Not Applicable,Not a Cyclist,Not Applicable,Not Applicable,Not Applicable,8,Not Applicable,800,Non-Trafficway,0,Not a Cyclist,
26,260042,0,1,5,Pedestrian,64,Male,None Noted,None Noted,None Noted,890,Non-Trafficway – Other/Unknown,0,Not a Cyclist,Non-Trafficway Location,Not a Cyclist,Non-Trafficway – Driveway,Not a Cyclist,Not Applicable,Not a Cyclist,Not Applicable,Not Applicable,Not Applicable,8,Not Applicable,800,Non-Trafficway,0,Not a Cyclist,
26,260015,0,1,5,Pedestrian,47,Female,None Noted,None Noted,None Noted,890,Non-Trafficway – Other/Unknown,0,Not a Cyclist,Non-Trafficway Location,Not a Cyclist,Non-Trafficway – Driveway,Not a Cyclist,Not Applicable,Not a Cyclist,Not Applicable,Not Applicable,Not Applicable,8,Not Applicable,800,Non-Trafficway,0,Not a Cyclist,
24,240482,0,1,5,Pedestrian,24,Female,None Noted,None Noted,None Noted,890,Non-Trafficway – Other/Unknown,0,Not a Cyclist,Non-Trafficway Location,Not a Cyclist,Other/Unknown,Not a Cyclist,Not Applicable,Not a Cyclist,Not Applicable,Not Applicable,Not Applicable,8,Not Applicable,800,Non-Trafficway,0,Not a Cyclist,
22,220560,0,1,5,Pedestrian,55,Male,None Noted,None Noted,None Noted,890,Non-Trafficway – Other/Unknown,0,Not a Cyclist,Non-Trafficway Location,Not a Cyclist,Non-Trafficway – Parking Lot/Other,Not a Cyclist,Not Applicable,Not a Cyclist,Not Applicable,Not Applicable,Not Applicable,8,Not Applicable,800,Non-Trafficway,0,Not a Cyclist,
37,370441,0,2,5,Pedestrian,74,Female,None Noted,None Noted,None Noted,890,Non-Trafficway – Other/Unknown,0,Not a Cyclist,Non-Trafficway Location,Not a Cyclist,Non-Trafficway – Parking Lot/Other,Not a Cyclist,Not Applicable,Not a Cyclist,Not Applicable,Not Applicable,Not Applicable,8,Not Applicable,800,Non-Trafficway,0,Not a Cyclist,
37,370162,0,1,5,Pedestrian,9,Male,None Noted,None Noted,None Noted,890,Non-Trafficway – Other/Unknown,0,Not a Cyclist,Non-Trafficway Location,Not a Cyclist,Non-Trafficway – Parking Lot/Other,Not a Cyclist,Not Applicable,Not a Cyclist,Not Applicable,Not Applicable,Not Applicable,8,Not Applicable,800,Non-Trafficway,0,Not a Cyclist,
18,180506,0,1,8,Person on Personal Conveyances,52,Male,None Noted,None Noted,None Noted,890,Non-Trafficway – Other/Unknown,0,Not a Cyclist,Non-Trafficway Location,Not a Cyclist,Non-Trafficway – Parking Lot/Other,Not a Cyclist,Not Applicable,Not a Cyclist,Not Applicable,Not Applicable,Not Applicable,8,Not Applicable,800,Non-Trafficway,0,Not a Cyclist,
37,370441,0,1,5,Pedestrian,87,Male,None Noted,None Noted,None Noted,890,Non-Trafficway – Other/Unknown,0,Not a Cyclist,Non-Trafficway Location,Not a Cyclist,Non-Trafficway – Parking Lot/Other,Not a Cyclist,Not Applicable,Not a Cyclist,Not Applicable,Not Applicable,Not Applicable,8,Not Applicable,800,Non-Trafficway,0,Not a Cyclist,
48,480610,0,5,5,Pedestrian,33,Female,None Noted,None Noted,None Noted,890,Non-Trafficway – Other/Unknown,0,Not a Cyclist,Non-Trafficway Location,Not a Cyclist,Non-Trafficway – Parking Lot/Other,Not a Cyclist,Not Applicable,Not a Cyclist,Not Applicable,Not Applicable,Not Applicable,8,Not Applicable,800,Non-Trafficway,0,Not a Cyclist,
39,391032,0,3,5,Pedestrian,48,Male,None Noted,None Noted,None Noted,890,Non-Trafficway – Other/Unknown,0,Not a Cyclist,Non-Trafficway Location,Not a Cyclist,Non-Trafficway – Parking Lot/Other,Not a Cyclist,Not Applicable,Not a Cyclist,Not Applicable,Not Applicable,Not Applicable,8,Not Applicable,800,Non-Trafficway,0,Not a Cyclist,
39,390003,0,1,5,Pedestrian,51,Male,None Noted,None Noted,None Noted,230,Disabled Vehicle-Related,0,Not a Cyclist,Non-Trafficway Location,Not a Cyclist,Non-Trafficway – Parking Lot/Other,Not a Cyclist,Not Applicable,Not a Cyclist,Not Applicable,Not Applicable,Not Applicable,8,Not Applicable,100,Unusual Circumstances,0,Not a Cyclist,
22,220109,0,2,5,Pedestrian,24,Female,None Noted,None Noted,None Noted,140,Vehicle-Vehicle/Object,0,Not a Cyclist,Non-Trafficway Location,Not a Cyclist,Non-Trafficway – Parking Lot/Other,Not a Cyclist,Not Applicable,Not a Cyclist,Not Applicable,Not Applicable,Not Applicable,8,Not Applicable,100,Unusual Circumstances,0,Not a Cyclist,
48,482462,0,1,5,Pedestrian,15,Male,None Noted,None Noted,None Noted,140,Vehicle-Vehicle/Object,0,Not a Cyclist,Non-Trafficway Location,Not a Cyclist,Other/Unknown,Not a Cyclist,Not Applicable,Not a Cyclist,Not Applicable,Not Applicable,Not Applicable,8,Not Applicable,100,Unusual Circumstances,0,Not a Cyclist,
48,482462,0,2,5,Pedestrian,18,Male,None Noted,None Noted,None Noted,140,Vehicle-Vehicle/Object,0,Not a Cyclist,Non-Trafficway Location,Not a Cyclist,Other/Unknown,Not a Cyclist,Not Applicable,Not a Cyclist,Not Applicable,Not Applicable,Not Applicable,8,Not Applicable,100,Unusual Circumstances,0,Not a Cyclist,
48,482462,0,3,5,Pedestrian,17,Male,None Noted,None Noted,None Noted,140,Vehicle-Vehicle/Object,0,Not a Cyclist,Non-Trafficway Location,Not a Cyclist,Other/Unknown,Not a Cyclist,Not Applicable,Not a Cyclist,Not Applicable,Not Applicable,Not Applicable,8,Not Applicable,100,Unusual Circumstances,0,Not a Cyclist,
12,120271,0,1,5,Pedestrian,24,Male,None Noted,None Noted,None Noted,140,Vehicle-Vehicle/Object,0,Not a Cyclist,Non-Trafficway Location,Not a Cyclist,Non-Trafficway – Parking Lot/Other,Not a Cyclist,Not Applicable,Not a Cyclist,Not Applicable,Not Applicable,Not Applicable,8,Not Applicable,100,Unusual Circumstances,0,Not a Cyclist,
22,220109,0,1,5,Pedestrian,24,Male,None Noted,None Noted,None Noted,140,Vehicle-Vehicle/Object,0,Not a Cyclist,Non-Trafficway Location,Not a Cyclist,Non-Trafficway – Parking Lot/Other,Not a Cyclist,Not Applicable,Not a Cyclist,Not Applicable,Not Applicable,Not Applicable,8,Not Applicable,100,Unusual Circumstances,0,Not a Cyclist,
24,240424,0,1,5,Pedestrian,39,Male,None Noted,None Noted,None Noted,190,Other Unusual Circumstances,0,Not a Cyclist,Non-Trafficway Location,Not a Cyclist,Non-Trafficway – Parking Lot/Other,Not a Cyclist,Not Applicable,Not a Cyclist,Not Applicable,Not Applicable,Not Applicable,8,Not Applicable,100,Unusual Circumstances,0,Not a Cyclist,
12,121345,0,1,5,Pedestrian,40,Female,None Noted,None Noted,None Noted,230,Disabled Vehicle-Related,0,Not a Cyclist,Non-Trafficway Location,Not a Cyclist,Non-Trafficway – Parking Lot/Other,Not a Cyclist,Not Applicable,Not a Cyclist,Not Applicable,Not Applicable,Not Applicable,8,Not Applicable,100,Unusual Circumstances,0,Not a Cyclist,
49,490208,0,1,5,Pedestrian,40,Male,None Noted,None Noted,None Noted,220,Driverless Vehicle,0,Not a Cyclist,Non-Trafficway Location,Not a Cyclist,Non-Trafficway – Parking Lot/Other,Not a Cyclist,Not Applicable,Not a Cyclist,Not Applicable,Not Applicable,Not Applicable,8,Not Applicable,100,Unusual Circumstances,0,Not a Cyclist,
42,420342,0,1,5,Pedestrian,83,Male,None Noted,None Noted,None Noted,140,Vehicle-Vehicle/Object,0,Not a Cyclist,Non-Trafficway Location,Not a Cyclist,Non-Trafficway – Parking Lot/Other,Not a Cyclist,Not Applicable,Not a Cyclist,Not Applicable,Not Applicable,Not Applicable,8,Not Applicable,100,Unusual Circumstances,0,Not a Cyclist,
42,420342,0,2,5,Pedestrian,80,Female,None Noted,None Noted,None Noted,140,Vehicle-Vehicle/Object,0,Not a Cyclist,Non-Trafficway Location,Not a Cyclist,Non-Trafficway – Parking Lot/Other,Not a Cyclist,Not Applicable,Not a Cyclist,Not Applicable,Not Applicable,Not Applicable,8,Not Applicable,100,Unusual Circumstances,0,Not a Cyclist,
21,210557,0,1,5,Pedestrian,68,Female,None Noted,None Noted,None Noted,220,Driverless Vehicle,0,Not a Cyclist,Non-Trafficway Location,Not a Cyclist,Non-Trafficway – Driveway,Not a Cyclist,Not Applicable,Not a Cyclist,Not Applicable,Not Applicable,Not Applicable,8,Not Applicable,100,Unusual Circumstances,0,Not a Cyclist,
55,550330,0,1,5,Pedestrian,93,Male,None Noted,None Noted,None Noted,214,Backing Vehicle – Non-Trafficway – Parking Lot,0,Not a Cyclist,Non-Trafficway Location,Not a Cyclist,Non-Trafficway – Parking Lot/Other,Not a Cyclist,Not Applicable,Not a Cyclist,Not Applicable,Not Applicable,Not Applicable,8,Not Applicable,200,Backing Vehicle,0,Not a Cyclist,
12,120177,0,2,5,Pedestrian,37,Male,None Noted,None Noted,None Noted,214,Backing Vehicle – Non-Trafficway – Parking Lot,0,Not a Cyclist,Non-Trafficway Location,Not a Cyclist,Non-Trafficway – Parking Lot/Other,Not a Cyclist,Not Applicable,Not a Cyclist,Not Applicable,Not Applicable,Not Applicable,8,Not Applicable,200,Backing Vehicle,0,Not a Cyclist,
12,120177,0,1,5,Pedestrian,54,Male,None Noted,None Noted,None Noted,214,Backing Vehicle – Non-Trafficway – Parking Lot,0,Not a Cyclist,Non-Trafficway Location,Not a Cyclist,Non-Trafficway – Parking Lot/Other,Not a Cyclist,Not Applicable,Not a Cyclist,Not Applicable,Not Applicable,Not Applicable,8,Not Applicable,200,Backing Vehicle,0,Not a Cyclist,
22,220451,0,1,5,Pedestrian,66,Female,None Noted,None Noted,None Noted,900,Other – Unknown Location,0,Not a Cyclist,Unknown/Insufficient Information,Not a Cyclist,Other/Unknown,Not a Cyclist,Not Applicable,Not a Cyclist,Unknown Initial Direction of Travel,Not Applicable,Not Applicable,8,Not Applicable,990,Other/Unknown – Insufficient Details,0,Not a Cyclist,
4,40050,0,1,5,Pedestrian,999,Female,None Noted,None Noted,None Noted,900,Other – Unknown Location,0,Not a Cyclist,Unknown/Insufficient Information,Not a Cyclist,Other/Unknown,Not a Cyclist,Not Applicable,Not a Cyclist,Westbound,Straight Through,Unknown,8,Not Applicable,990,Other/Unknown – Insufficient Details,0,Not a Cyclist,
22,220149,0,1,5,Pedestrian,72,Female,None Noted,None Noted,None Noted,900,Other – Unknown Location,0,Not a Cyclist,Unknown/Insufficient Information,Not a Cyclist,Other/Unknown,Not a Cyclist,Not Applicable,Not a Cyclist,Southbound,Unknown Motorist Maneuver,Not Applicable,8,Not Applicable,990,Other/Unknown – Insufficient Details,0,Not a Cyclist,
32,320164,0,1,5,Pedestrian,68,Male,None Noted,None Noted,None Noted,900,Other – Unknown Location,0,Not a Cyclist,Unknown/Insufficient Information,Not a Cyclist,Other/Unknown,Not a Cyclist,Not Applicable,Not a Cyclist,Southbound,Straight Through,Unknown,8,Not Applicable,990,Other/Unknown – Insufficient Details,0,Not a Cyclist,
4,40801,0,1,5,Pedestrian,55,Male,None Noted,None Noted,None Noted,900,Other – Unknown Location,0,Not a Cyclist,Unknown/Insufficient Information,Not a Cyclist,Other/Unknown,Not a Cyclist,Not Applicable,Not a Cyclist,Unknown Initial Direction of Travel,Not Applicable,Not Applicable,8,Not Applicable,990,Other/Unknown – Insufficient Details,0,Not a Cyclist,
28,280086,0,1,5,Pedestrian,44,Female,None Noted,None Noted,None Noted,900,Other – Unknown Location,0,Not a Cyclist,Unknown/Insufficient Information,Not a Cyclist,Other/Unknown,Not a Cyclist,Not Applicable,Not a Cyclist,Unknown Initial Direction of Travel,Not Applicable,Not Applicable,8,Not Applicable,990,Other/Unknown – Insufficient Details,0,Not a Cyclist,
22,220710,0,1,5,Pedestrian,43,Male,None Noted,None Noted,None Noted,900,Other – Unknown Location,0,Not a Cyclist,Unknown/Insufficient Information,Not a Cyclist,Other/Unknown,Not a Cyclist,Not Applicable,Not a Cyclist,Unknown Initial Direction of Travel,Not Applicable,Not Applicable,8,Not Applicable,990,Other/Unknown – Insufficient Details,0,Not a Cyclist,
4,40469,0,1,5,Pedestrian,19,Male,None Noted,None Noted,None Noted,900,Other – Unknown Location,0,Not a Cyclist,Unknown/Insufficient Information,Not a Cyclist,Other/Unknown,Not a Cyclist,Not Applicable,Not a Cyclist,Unknown Initial Direction of Travel,Not Applicable,Not Applicable,8,Not Applicable,990,Other/Unknown – Insufficient Details,0,Not a Cyclist,
4,40102,0,1,5,Pedestrian,72,Male,None Noted,None Noted,None Noted,900,Other – Unknown Location,0,Not a Cyclist,Unknown/Insufficient Information,Not a Cyclist,Other/Unknown,Not a Cyclist,Not Applicable,Not a Cyclist,Unknown Initial Direction of Travel,Not Applicable,Not Applicable,8,Not Applicable,990,Other/Unknown – Insufficient Details,0,Not a Cyclist,
4,40841,0,1,5,Pedestrian,53,Male,None Noted,None Noted,None Noted,900,Other – Unknown Location,0,Not a Cyclist,Unknown/Insufficient Information,Not a Cyclist,Other/Unknown,Not a Cyclist,Not Applicable,Not a Cyclist,Unknown Initial Direction of Travel,Not Applicable,Not Applicable,8,Not Applicable,990,Other/Unknown – Insufficient Details,0,Not a Cyclist,
5,50256,0,1,5,Pedestrian,999,Male,None Noted,None Noted,None Noted,900,Other – Unknown Location,0,Not a Cyclist,Unknown/Insufficient Information,Not a Cyclist,Other/Unknown,Not a Cyclist,Not Applicable,Not a Cyclist,Unknown Initial Direction of Travel,Not Applicable,Not Applicable,8,Not Applicable,990,Other/Unknown – Insufficient Details,0,Not a Cyclist,
4,40721,0,1,5,Pedestrian,46,Female,None Noted,None Noted,None Noted,900,Other – Unknown Location,0,Not a Cyclist,Unknown/Insufficient Information,Not a Cyclist,Other/Unknown,Not a Cyclist,Not Applicable,Not a Cyclist,Unknown Initial Direction of Travel,Not Applicable,Not Applicable,8,Not Applicable,990,Other/Unknown – Insufficient Details,0,Not a Cyclist,
42,420499,0,1,5,Pedestrian,13,Female,None Noted,None Noted,None Noted,900,Other – Unknown Location,0,Not a Cyclist,Unknown/Insufficient Information,Not a Cyclist,Other/Unknown,Not a Cyclist,Southbound,Not a Cyclist,Westbound,Straight Through,Farside,4b,MOTORIST TRAVELING STRAIGHT THROUGH – CRASH OCCURRED ON FAR SIDE OF INTERSECTION Pedestrian Outside Crosswalk Area  Traveled From Motorist’s Right.,990,Other/Unknown – Insufficient Details,0,Not a Cyclist,