state_number,consecutive_number,vehicle_number,person_number,person_type,person_type_name,age,sex,marked_crosswalk_present,sidewalk_present,school_zone,crash_type_pedestrian,crash_type_pedestrian_name,crash_type_bicycle,crash_type_bicycle_name,crash_location_pedestrian,crash_location_bicycle,pedestrian_position,bicyclist_position,pedestrian_initial_direction_of_travel,bicyclist_initial_direction_of_travel,motorist_initial_direction_of_travel,motorist_maneuver,intersection_leg,pedestrian_scenario,pedestrian_scenario_name,crash_group_pedestrian,crash_group_pedestrian_name,crash_group_bicycle,crash_group_bicycle_name
6,60972,0,1,5,Pedestrian,40,Male,None Noted,None Noted,None Noted,910,Crossing an Expressway,0,Not a Cyclist,Not At Intersection,Not a Cyclist,Travel Lane,Not a Cyclist,Not Applicable,Not a Cyclist,Not Applicable,Not Applicable,Not Applicable,8,Not Applicable,910,Crossing Expressway,0,Not a Cyclist,
6,60644,0,1,5,Pedestrian,54,Female,None Noted,None Noted,None Noted,910,Crossing an Expressway,0,Not a Cyclist,Not At Intersection,Not a Cyclist,Travel Lane,Not a Cyclist,Not Applicable,Not a Cyclist,Not Applicable,Not Applicable,Not Applicable,8,Not Applicable,910,Crossing Expressway,0,Not a Cyclist,
6,60542,0,1,5,Pedestrian,39,Male,None Noted,None Noted,None Noted,910,Crossing an Expressway,0,Not a Cyclist,Not At Intersection,Not a Cyclist,Travel Lane,Not a Cyclist,Not Applicable,Not a Cyclist,Not Applicable,Not Applicable,Not Applicable,8,Not Applicable,910,Crossing Expressway,0,Not a Cyclist,
6,60663,0,1,5,Pedestrian,28,Male,None Noted,None Noted,None Noted,910,Crossing an Expressway,0,Not a Cyclist,Not At Intersection,Not a Cyclist,Travel Lane,Not a Cyclist,Not Applicable,Not a Cyclist,Not Applicable,Not Applicable,Not Applicable,8,Not Applicable,910,Crossing Expressway,0,Not a Cyclist,
6,60134,0,1,5,Pedestrian,37,Female,None Noted,None Noted,None Noted,910,Crossing an Expressway,0,Not a Cyclist,Not At Intersection,Not a Cyclist,Travel Lane,Not a Cyclist,Not Applicable,Not a Cyclist,Not Applicable,Not Applicable,Not Applicable,8,Not Applicable,910,Crossing Expressway,0,Not a Cyclist,
6,62106,0,1,5,Pedestrian,68,Male,None Noted,None Noted,None Noted,910,Crossing an Expressway,0,Not a Cyclist,Not At Intersection,Not a Cyclist,Travel Lane,Not a Cyclist,Not Applicable,Not a Cyclist,Not Applicable,Not Applicable,Not Applicable,8,Not Applicable,910,Crossing Expressway,0,Not a Cyclist,
6,60185,0,1,5,Pedestrian,24,Male,None Noted,None Noted,None Noted,910,Crossing an Expressway,0,Not a Cyclist,Not At Intersection,Not a Cyclist,Travel Lane,Not a Cyclist,Not Applicable,Not a Cyclist,Not Applicable,Not Applicable,Not Applicable,8,Not Applicable,910,Crossing Expressway,0,Not a Cyclist,
6,61419,0,1,5,Pedestrian,52,Male,None Noted,None Noted,None Noted,910,Crossing an Expressway,0,Not a Cyclist,Not At Intersection,Not a Cyclist,Travel Lane,Not a Cyclist,Not Applicable,Not a Cyclist,Not Applicable,Not Applicable,Not Applicable,8,Not Applicable,910,Crossing Expressway,0,Not a Cyclist,
6,60972,0,2,5,Pedestrian,0,Male,None Noted,None Noted,None Noted,910,Crossing an Expressway,0,Not a Cyclist,Not At Intersection,Not a Cyclist,Travel Lane,Not a Cyclist,Not Applicable,Not a Cyclist,Not Applicable,Not Applicable,Not Applicable,8,Not Applicable,910,Crossing Expressway,0,Not a Cyclist,
6,61065,0,1,5,Pedestrian,65,Male,None Noted,None Noted,None Noted,910,Crossing an Expressway,0,Not a Cyclist,Not At Intersection,Not a Cyclist,Travel Lane,Not a Cyclist,Not Applicable,Not a Cyclist,Not Applicable,Not Applicable,Not Applicable,8,Not Applicable,910,Crossing Expressway,0,Not a Cyclist,
6,60421,0,1,5,Pedestrian,31,Male,None Noted,None Noted,None Noted,910,Crossing an Expressway,0,Not a Cyclist,Not At Intersection,Not a Cyclist,Travel Lane,Not a Cyclist,Not Applicable,Not a Cyclist,Not Applicable,Not Applicable,Not Applicable,8,Not Applicable,910,Crossing Expressway,0,Not a Cyclist,
6,60398,0,1,5,Pedestrian,21,Male,None Noted,None Noted,None Noted,910,Crossing an Expressway,0,Not a Cyclist,Not At Intersection,Not a Cyclist,Travel Lane,Not a Cyclist,Not Applicable,Not a Cyclist,Not Applicable,Not Applicable,Not Applicable,8,Not Applicable,910,Crossing Expressway,0,Not a Cyclist,
6,61019,0,1,5,Pedestrian,19,Male,None Noted,None Noted,None Noted,910,Crossing an Expressway,0,Not a Cyclist,Not At Intersection,Not a Cyclist,Travel Lane,Not a Cyclist,Not Applicable,Not a Cyclist,Not Applicable,Not Applicable,Not Applicable,8,Not Applicable,910,Crossing Expressway,0,Not a Cyclist,
6,61562,0,1,5,Pedestrian,44,Male,None Noted,None Noted,None Noted,910,Crossing an Expressway,0,Not a Cyclist,Not At Intersection,Not a Cyclist,Travel Lane,Not a Cyclist,Not Applicable,Not a Cyclist,Not Applicable,Not Applicable,Not Applicable,8,Not Applicable,910,Crossing Expressway,0,Not a Cyclist,
6,62988,0,1,5,Pedestrian,27,Male,None Noted,None Noted,None Noted,910,Crossing an Expressway,0,Not a Cyclist,Not At Intersection,Not a Cyclist,Travel Lane,Not a Cyclist,Not Applicable,Not a Cyclist,Not Applicable,Not Applicable,Not Applicable,8,Not Applicable,910,Crossing Expressway,0,Not a Cyclist,
6,61998,0,1,5,Pedestrian,35,Male,None Noted,None Noted,None Noted,910,Crossing an Expressway,0,Not a Cyclist,Not At Intersection,Not a Cyclist,Travel Lane,Not a Cyclist,Not Applicable,Not a Cyclist,Not Applicable,Not Applicable,Not Applicable,8,Not Applicable,910,Crossing Expressway,0,Not a Cyclist,
6,62151,0,1,5,Pedestrian,89,Female,None Noted,None Noted,None Noted,910,Crossing an Expressway,0,Not a Cyclist,Not At Intersection,Not a Cyclist,Travel Lane,Not a Cyclist,Not Applicable,Not a Cyclist,Not Applicable,Not Applicable,Not Applicable,8,Not Applicable,910,Crossing Expressway,0,Not a Cyclist,
6,62356,0,1,5,Pedestrian,54,Male,None Noted,None Noted,None Noted,910,Crossing an Expressway,0,Not a Cyclist,Not At Intersection,Not a Cyclist,Travel Lane,Not a Cyclist,Not Applicable,Not a Cyclist,Not Applicable,Not Applicable,Not Applicable,8,Not Applicable,910,Crossing Expressway,0,Not a Cyclist,
6,60493,0,1,5,Pedestrian,29,Male,None Noted,None Noted,None Noted,910,Crossing an Expressway,0,Not a Cyclist,Not At Intersection,Not a Cyclist,Travel Lane,Not a Cyclist,Not Applicable,Not a Cyclist,Not Applicable,Not Applicable,Not Applicable,8,Not Applicable,910,Crossing Expressway,0,Not a Cyclist,
6,61957,0,1,5,Pedestrian,56,Male,None Noted,None Noted,None Noted,910,Crossing an Expressway,0,Not a Cyclist,Not At Intersection,Not a Cyclist,Travel Lane,Not a Cyclist,Not Applicable,Not a Cyclist,Not Applicable,Not Applicable,Not Applicable,8,Not Applicable,910,Crossing Expressway,0,Not a Cyclist,
6,61966,0,1,5,Pedestrian,53,Male,None Noted,None Noted,None Noted,910,Crossing an Expressway,0,Not a Cyclist,Not At Intersection,Not a Cyclist,Travel Lane,Not a Cyclist,Not Applicable,Not a Cyclist,Not Applicable,Not Applicable,Not Applicable,8,Not Applicable,910,Crossing Expressway,0,Not a Cyclist,
6,61689,0,1,5,Pedestrian,54,Male,None Noted,None Noted,None Noted,910,Crossing an Expressway,0,Not a Cyclist,Not At Intersection,Not a Cyclist,Travel Lane,Not a Cyclist,Not Applicable,Not a Cyclist,Not Applicable,Not Applicable,Not Applicable,8,Not Applicable,910,Crossing Expressway,0,Not a Cyclist,
6,61051,0,1,5,Pedestrian,27,Male,None Noted,None Noted,None Noted,910,Crossing an Expressway,0,Not a Cyclist,Not At Intersection,Not a Cyclist,Travel Lane,Not a Cyclist,Not Applicable,Not a Cyclist,Not Applicable,Not Applicable,Not Applicable,8,Not Applicable,910,Crossing Expressway,0,Not a Cyclist,
6,60962,0,1,5,Pedestrian,45,Female,None Noted,None Noted,None Noted,910,Crossing an Expressway,0,Not a Cyclist,Not At Intersection,Not a Cyclist,Travel Lane,Not a Cyclist,Not Applicable,Not a Cyclist,Not Applicable,Not Applicable,Not Applicable,8,Not Applicable,910,Crossing Expressway,0,Not a Cyclist,
6,60562,0,1,5,Pedestrian,16,Male,None Noted,None Noted,None Noted,910,Crossing an Expressway,0,Not a Cyclist,Not At Intersection,Not a Cyclist,Travel Lane,Not a Cyclist,Not Applicable,Not a Cyclist,Not Applicable,Not Applicable,Not Applicable,8,Not Applicable,910,Crossing Expressway,0,Not a Cyclist,
6,61234,0,1,5,Pedestrian,41,Female,None Noted,None Noted,None Noted,910,Crossing an Expressway,0,Not a Cyclist,Not At Intersection,Not a Cyclist,Travel Lane,Not a Cyclist,Not Applicable,Not a Cyclist,Not Applicable,Not Applicable,Not Applicable,8,Not Applicable,910,Crossing Expressway,0,Not a Cyclist,
6,60544,0,1,5,Pedestrian,48,Male,None Noted,None Noted,None Noted,910,Crossing an Expressway,0,Not a Cyclist,Not At Intersection,Not a Cyclist,Travel Lane,Not a Cyclist,Not Applicable,Not a Cyclist,Not Applicable,Not Applicable,Not Applicable,8,Not Applicable,910,Crossing Expressway,0,Not a Cyclist,
6,60463,0,1,5,Pedestrian,31,Male,None Noted,None Noted,None Noted,910,Crossing an Expressway,0,Not a Cyclist,Not At Intersection,Not a Cyclist,Travel Lane,Not a Cyclist,Not Applicable,Not a Cyclist,Not Applicable,Not Applicable,Not Applicable,8,Not Applicable,910,Crossing Expressway,0,Not a Cyclist,
6,61000,0,1,5,Pedestrian,61,Male,None Noted,None Noted,None Noted,910,Crossing an Expressway,0,Not a Cyclist,Not At Intersection,Not a Cyclist,Travel Lane,Not a Cyclist,Not Applicable,Not a Cyclist,Not Applicable,Not Applicable,Not Applicable,8,Not Applicable,910,Crossing Expressway,0,Not a Cyclist,
6,60898,0,1,5,Pedestrian,38,Male,None Noted,None Noted,None Noted,910,Crossing an Expressway,0,Not a Cyclist,Not At Intersection,Not a Cyclist,Travel Lane,Not a Cyclist,Not Applicable,Not a Cyclist,Not Applicable,Not Applicable,Not Applicable,8,Not Applicable,910,Crossing Expressway,0,Not a Cyclist,
6,60908,0,1,5,Pedestrian,72,Male,None Noted,None Noted,None Noted,910,Crossing an Expressway,0,Not a Cyclist,Not At Intersection,Not a Cyclist,Travel Lane,Not a Cyclist,Not Applicable,Not a Cyclist,Not Applicable,Not Applicable,Not Applicable,8,Not Applicable,910,Crossing Expressway,0,Not a Cyclist,
6,63005,0,1,5,Pedestrian,42,Male,None Noted,None Noted,None Noted,910,Crossing an Expressway,0,Not a Cyclist,Not At Intersection,Not a Cyclist,Travel Lane,Not a Cyclist,Not Applicable,Not a Cyclist,Not Applicable,Not Applicable,Not Applicable,8,Not Applicable,910,Crossing Expressway,0,Not a Cyclist,
6,60606,0,1,5,Pedestrian,61,Male,None Noted,None Noted,None Noted,910,Crossing an Expressway,0,Not a Cyclist,Not At Intersection,Not a Cyclist,Travel Lane,Not a Cyclist,Not Applicable,Not a Cyclist,Not Applicable,Not Applicable,Not Applicable,8,Not Applicable,910,Crossing Expressway,0,Not a Cyclist,
6,60005,0,1,5,Pedestrian,28,Male,None Noted,None Noted,None Noted,910,Crossing an Expressway,0,Not a Cyclist,Not At Intersection,Not a Cyclist,Travel Lane,Not a Cyclist,Not Applicable,Not a Cyclist,Not Applicable,Not Applicable,Not Applicable,8,Not Applicable,910,Crossing Expressway,0,Not a Cyclist,
6,60832,0,1,5,Pedestrian,30,Male,None Noted,None Noted,None Noted,910,Crossing an Expressway,0,Not a Cyclist,Not At Intersection,Not a Cyclist,Travel Lane,Not a Cyclist,Not Applicable,Not a Cyclist,Not Applicable,Not Applicable,Not Applicable,8,Not Applicable,910,Crossing Expressway,0,Not a Cyclist,
6,60846,0,1,5,Pedestrian,36,Male,None Noted,None Noted,None Noted,910,Crossing an Expressway,0,Not a Cyclist,Not At Intersection,Not a Cyclist,Travel Lane,Not a Cyclist,Not Applicable,Not a Cyclist,Not Applicable,Not Applicable,Not Applicable,8,Not Applicable,910,Crossing Expressway,0,Not a Cyclist,
6,60924,0,1,5,Pedestrian,21,Male,None Noted,None Noted,None Noted,910,Crossing an Expressway,0,Not a Cyclist,Not At Intersection,Not a Cyclist,Travel Lane,Not a Cyclist,Not Applicable,Not a Cyclist,Not Applicable,Not Applicable,Not Applicable,8,Not Applicable,910,Crossing Expressway,0,Not a Cyclist,
6,60039,0,1,5,Pedestrian,35,Female,None Noted,None Noted,None Noted,910,Crossing an Expressway,0,Not a Cyclist,Not At Intersection,Not a Cyclist,Travel Lane,Not a Cyclist,Not Applicable,Not a Cyclist,Not Applicable,Not Applicable,Not Applicable,8,Not Applicable,910,Crossing Expressway,0,Not a Cyclist,
6,62708,0,1,5,Pedestrian,21,Male,None Noted,None Noted,None Noted,910,Crossing an Expressway,0,Not a Cyclist,Not At Intersection,Not a Cyclist,Travel Lane,Not a Cyclist,Not Applicable,Not a Cyclist,Not Applicable,Not Applicable,Not Applicable,8,Not Applicable,910,Crossing Expressway,0,Not a Cyclist,
6,61496,0,1,5,Pedestrian,38,Female,None Noted,None Noted,None Noted,910,Crossing an Expressway,0,Not a Cyclist,Not At Intersection,Not a Cyclist,Travel Lane,Not a Cyclist,Not Applicable,Not a Cyclist,Not Applicable,Not Applicable,Not Applicable,8,Not Applicable,910,Crossing Expressway,0,Not a Cyclist,
6,62339,0,1,5,Pedestrian,23,Male,None Noted,None Noted,None Noted,910,Crossing an Expressway,0,Not a Cyclist,Not At Intersection,Not a Cyclist,Travel Lane,Not a Cyclist,Not Applicable,Not a Cyclist,Not Applicable,Not Applicable,Not Applicable,8,Not Applicable,910,Crossing Expressway,0,Not a Cyclist,
6,62545,0,1,5,Pedestrian,18,Male,None Noted,None Noted,None Noted,910,Crossing an Expressway,0,Not a Cyclist,Not At Intersection,Not a Cyclist,Travel Lane,Not a Cyclist,Not Applicable,Not a Cyclist,Not Applicable,Not Applicable,Not Applicable,8,Not Applicable,910,Crossing Expressway,0,Not a Cyclist,
6,62554,0,1,5,Pedestrian,65,Male,None Noted,None Noted,None Noted,910,Crossing an Expressway,0,Not a Cyclist,Not At Intersection,Not a Cyclist,Travel Lane,Not a Cyclist,Not Applicable,Not a Cyclist,Not Applicable,Not Applicable,Not Applicable,8,Not Applicable,910,Crossing Expressway,0,Not a Cyclist,
6,62305,0,1,5,Pedestrian,40,Female,None Noted,None Noted,None Noted,910,Crossing an Expressway,0,Not a Cyclist,Not At Intersection,Not a Cyclist,Travel Lane,Not a Cyclist,Not Applicable,Not a Cyclist,Not Applicable,Not Applicable,Not Applicable,8,Not Applicable,910,Crossing Expressway,0,Not a Cyclist,
6,62516,0,1,5,Pedestrian,57,Male,None Noted,None Noted,None Noted,910,Crossing an Expressway,0,Not a Cyclist,Not At Intersection,Not a Cyclist,Travel Lane,Not a Cyclist,Not Applicable,Not a Cyclist,Not Applicable,Not Applicable,Not Applicable,8,Not Applicable,910,Crossing Expressway,0,Not a Cyclist,
6,62272,0,1,5,Pedestrian,78,Male,None Noted,None Noted,None Noted,910,Crossing an Expressway,0,Not a Cyclist,Not At Intersection,Not a Cyclist,Travel Lane,Not a Cyclist,Not Applicable,Not a Cyclist,Not Applicable,Not Applicable,Not Applicable,8,Not Applicable,910,Crossing Expressway,0,Not a Cyclist,
6,62281,0,1,5,Pedestrian,78,Male,None Noted,None Noted,None Noted,910,Crossing an Expressway,0,Not a Cyclist,Not At Intersection,Not a Cyclist,Travel Lane,Not a Cyclist,Not Applicable,Not a Cyclist,Not Applicable,Not Applicable,Not Applicable,8,Not Applicable,910,Crossing Expressway,0,Not a Cyclist,
6,62329,0,1,5,Pedestrian,27,Male,None Noted,None Noted,None Noted,910,Crossing an Expressway,0,Not a Cyclist,Not At Intersection,Not a Cyclist,Travel Lane,Not a Cyclist,Not Applicable,Not a Cyclist,Not Applicable,Not Applicable,Not Applicable,8,Not Applicable,910,Crossing Expressway,0,Not a Cyclist,
6,61847,0,1,5,Pedestrian,59,Male,Yes,None Noted,None Noted,910,Crossing an Expressway,0,Not a Cyclist,Not At Intersection,Not a Cyclist,Travel Lane,Not a Cyclist,Not Applicable,Not a Cyclist,Not Applicable,Not Applicable,Not Applicable,8,Not Applicable,910,Crossing Expressway,0,Not a Cyclist,
6,60059,0,1,5,Pedestrian,19,Male,None Noted,None Noted,None Noted,910,Crossing an Expressway,0,Not a Cyclist,Not At Intersection,Not a Cyclist,Travel Lane,Not a Cyclist,Not Applicable,Not a Cyclist,Not Applicable,Not Applicable,Not Applicable,8,Not Applicable,910,Crossing Expressway,0,Not a Cyclist,
6,62730,0,1,5,Pedestrian,21,Male,None Noted,None Noted,None Noted,910,Crossing an Expressway,0,Not a Cyclist,Not At Intersection,Not a Cyclist,Travel Lane,Not a Cyclist,Not Applicable,Not a Cyclist,Not Applicable,Not Applicable,Not Applicable,8,Not Applicable,910,Crossing Expressway,0,Not a Cyclist,
6,62576,0,1,5,Pedestrian,37,Male,None Noted,None Noted,None Noted,910,Crossing an Expressway,0,Not a Cyclist,Not At Intersection,Not a Cyclist,Travel Lane,Not a Cyclist,Not Applicable,Not a Cyclist,Not Applicable,Not Applicable,Not Applicable,8,Not Applicable,910,Crossing Expressway,0,Not a Cyclist,
6,61738,0,1,5,Pedestrian,27,Male,None Noted,None Noted,None Noted,910,Crossing an Expressway,0,Not a Cyclist,Not At Intersection,Not a Cyclist,Travel Lane,Not a Cyclist,Not Applicable,Not a Cyclist,Not Applicable,Not Applicable,Not Applicable,8,Not Applicable,910,Crossing Expressway,0,Not a Cyclist,
6,61784,0,1,5,Pedestrian,22,Male,None Noted,None Noted,None Noted,910,Crossing an Expressway,0,Not a Cyclist,Not At Intersection,Not a Cyclist,Travel Lane,Not a Cyclist,Not Applicable,Not a Cyclist,Not Applicable,Not Applicable,Not Applicable,8,Not Applicable,910,Crossing Expressway,0,Not a Cyclist,
6,61795,0,1,5,Pedestrian,27,Male,None Noted,None Noted,None Noted,910,Crossing an Expressway,0,Not a Cyclist,Not At Intersection,Not a Cyclist,Travel Lane,Not a Cyclist,Not Applicable,Not a Cyclist,Not Applicable,Not Applicable,Not Applicable,8,Not Applicable,910,Crossing Expressway,0,Not a Cyclist,
6,62688,0,1,5,Pedestrian,54,Female,None Noted,None Noted,None Noted,910,Crossing an Expressway,0,Not a Cyclist,Not At Intersection,Not a Cyclist,Travel Lane,Not a Cyclist,Not Applicable,Not a Cyclist,Not Applicable,Not Applicable,Not Applicable,8,Not Applicable,910,Crossing Expressway,0,Not a Cyclist,
6,61491,0,1,5,Pedestrian,50,Female,None Noted,None Noted,None Noted,910,Crossing an Expressway,0,Not a Cyclist,Not At Intersection,Not a Cyclist,Travel Lane,Not a Cyclist,Not Applicable,Not a Cyclist,Not Applicable,Not Applicable,Not Applicable,8,Not Applicable,910,Crossing Expressway,0,Not a Cyclist,
6,61505,0,1,5,Pedestrian,57,Male,None Noted,None Noted,None Noted,910,Crossing an Expressway,0,Not a Cyclist,Not At Intersection,Not a Cyclist,Travel Lane,Not a Cyclist,Not Applicable,Not a Cyclist,Not Applicable,Not Applicable,Not Applicable,8,Not Applicable,910,Crossing Expressway,0,Not a Cyclist,
6,60042,0,1,5,Pedestrian,61,Male,None Noted,None Noted,None Noted,910,Crossing an Expressway,0,Not a Cyclist,Not At Intersection,Not a Cyclist,Travel Lane,Not a Cyclist,Not Applicable,Not a Cyclist,Not Applicable,Not Applicable,Not Applicable,8,Not Applicable,910,Crossing Expressway,0,Not a Cyclist,
6,60563,0,1,5,Pedestrian,19,Male,None Noted,None Noted,None Noted,910,Crossing an Expressway,0,Not a Cyclist,Not At Intersection,Not a Cyclist,Travel Lane,Not a Cyclist,Not Applicable,Not a Cyclist,Not Applicable,Not Applicable,Not Applicable,8,Not Applicable,910,Crossing Expressway,0,Not a Cyclist,
6,60592,0,1,5,Pedestrian,51,Male,None Noted,None Noted,None Noted,910,Crossing an Expressway,0,Not a Cyclist,Not At Intersection,Not a Cyclist,Travel Lane,Not a Cyclist,Not Applicable,Not a Cyclist,Not Applicable,Not Applicable,Not Applicable,8,Not Applicable,910,Crossing Expressway,0,Not a Cyclist,
6,60378,0,1,5,Pedestrian,24,Male,None Noted,None Noted,None Noted,910,Crossing an Expressway,0,Not a Cyclist,Not At Intersection,Not a Cyclist,Travel Lane,Not a Cyclist,Not Applicable,Not a Cyclist,Not Applicable,Not Applicable,Not Applicable,8,Not Applicable,910,Crossing Expressway,0,Not a Cyclist,
6,60031,0,1,5,Pedestrian,32,Female,None Noted,None Noted,None Noted,910,Crossing an Expressway,0,Not a Cyclist,Not At Intersection,Not a Cyclist,Travel Lane,Not a Cyclist,Not Applicable,Not a Cyclist,Not Applicable,Not Applicable,Not Applicable,8,Not Applicable,910,Crossing Expressway,0,Not a Cyclist,
6,61534,0,1,5,Pedestrian,29,Male,None Noted,None Noted,None Noted,910,Crossing an Expressway,0,Not a Cyclist,Not At Intersection,Not a Cyclist,Travel Lane,Not a Cyclist,Not Applicable,Not a Cyclist,Not Applicable,Not Applicable,Not Applicable,8,Not Applicable,910,Crossing Expressway,0,Not a Cyclist,
6,61175,0,1,5,Pedestrian,29,Male,None Noted,None Noted,None Noted,910,Crossing an Expressway,0,Not a Cyclist,Not At Intersection,Not a Cyclist,Travel Lane,Not a Cyclist,Not Applicable,Not a Cyclist,Not Applicable,Not Applicable,Not Applicable,8,Not Applicable,910,Crossing Expressway,0,Not a Cyclist,
6,61550,0,1,5,Pedestrian,13,Male,None Noted,None Noted,None Noted,910,Crossing an Expressway,0,Not a Cyclist,Not At Intersection,Not a Cyclist,Travel Lane,Not a Cyclist,Not Applicable,Not a Cyclist,Not Applicable,Not Applicable,Not Applicable,8,Not Applicable,910,Crossing Expressway,0,Not a Cyclist,
6,62191,0,1,5,Pedestrian,40,Male,None Noted,None Noted,None Noted,910,Crossing an Expressway,0,Not a Cyclist,Not At Intersection,Not a Cyclist,Travel Lane,Not a Cyclist,Not Applicable,Not a Cyclist,Not Applicable,Not Applicable,Not Applicable,8,Not Applicable,910,Crossing Expressway,0,Not a Cyclist,
6,61871,0,1,5,Pedestrian,49,Female,None Noted,None Noted,None Noted,910,Crossing an Expressway,0,Not a Cyclist,Not At Intersection,Not a Cyclist,Travel Lane,Not a Cyclist,Not Applicable,Not a Cyclist,Not Applicable,Not Applicable,Not Applicable,8,Not Applicable,910,Crossing Expressway,0,Not a Cyclist,
6,60252,0,1,5,Pedestrian,68,Male,None Noted,None Noted,None Noted,910,Crossing an Expressway,0,Not a Cyclist,Not At Intersection,Not a Cyclist,Travel Lane,Not a Cyclist,Not Applicable,Not a Cyclist,Not Applicable,Not Applicable,Not Applicable,8,Not Applicable,910,Crossing Expressway,0,Not a Cyclist,
6,61176,0,1,5,Pedestrian,82,Male,None Noted,None Noted,None Noted,910,Crossing an Expressway,0,Not a Cyclist,Not At Intersection,Not a Cyclist,Travel Lane,Not a Cyclist,Not Applicable,Not a Cyclist,Not Applicable,Not Applicable,Not Applicable,8,Not Applicable,910,Crossing Expressway,0,Not a Cyclist,
6,60305,0,1,5,Pedestrian,67,Male,None Noted,None Noted,None Noted,910,Crossing an Expressway,0,Not a Cyclist,Not At Intersection,Not a Cyclist,Travel Lane,Not a Cyclist,Not Applicable,Not a Cyclist,Not Applicable,Not Applicable,Not Applicable,8,Not Applicable,910,Crossing Expressway,0,Not a Cyclist,
6,60377,0,1,5,Pedestrian,22,Male,None Noted,None Noted,None Noted,910,Crossing an Expressway,0,Not a Cyclist,Not At Intersection,Not a Cyclist,Travel Lane,Not a Cyclist,Not Applicable,Not a Cyclist,Not Applicable,Not Applicable,Not Applicable,8,Not Applicable,910,Crossing Expressway,0,Not a Cyclist,
6,60449,0,1,5,Pedestrian,38,Male,None Noted,None Noted,None Noted,410,Walking/Running Along Roadway With Traffic – From Behind,0,Not a Cyclist,Not At Intersection,Not a Cyclist,Travel Lane,Not a Cyclist,Not Applicable,Not a Cyclist,Not Applicable,Not Applicable,Not Applicable,8,Not Applicable,400,Walking/Running Along Roadway,0,Not a Cyclist,
6,60956,0,1,5,Pedestrian,36,Female,None Noted,None Noted,None Noted,430,Walking/Running Along Roadway Against Traffic – From Behind,0,Not a Cyclist,Not At Intersection,Not a Cyclist,Travel Lane,Not a Cyclist,Not Applicable,Not a Cyclist,Not Applicable,Not Applicable,Not Applicable,8,Not Applicable,400,Walking/Running Along Roadway,0,Not a Cyclist,
6,61425,0,1,5,Pedestrian,44,Male,None Noted,None Noted,None Noted,430,Walking/Running Along Roadway Against Traffic – From Behind,0,Not a Cyclist,Not At Intersection,Not a Cyclist,Travel Lane,Not a Cyclist,Not Applicable,Not a Cyclist,Not Applicable,Not Applicable,Not Applicable,8,Not Applicable,400,Walking/Running Along Roadway,0,Not a Cyclist,
6,61092,0,1,5,Pedestrian,31,Male,None Noted,None Noted,None Noted,410,Walking/Running Along Roadway With Traffic – From Behind,0,Not a Cyclist,Not At Intersection,Not a Cyclist,Travel Lane,Not a Cyclist,Not Applicable,Not a Cyclist,Not Applicable,Not Applicable,Not Applicable,8,Not Applicable,400,Walking/Running Along Roadway,0,Not a Cyclist,
6,60790,0,1,5,Pedestrian,54,Male,None Noted,None Noted,None Noted,410,Walking/Running Along Roadway With Traffic – From Behind,0,Not a Cyclist,Not At Intersection,Not a Cyclist,Travel Lane,Not a Cyclist,Not Applicable,Not a Cyclist,Not Applicable,Not Applicable,Not Applicable,8,Not Applicable,400,Walking/Running Along Roadway,0,Not a Cyclist,
6,61133,0,1,5,Pedestrian,35,Female,None Noted,None Noted,None Noted,410,Walking/Running Along Roadway With Traffic – From Behind,0,Not a Cyclist,Not At Intersection,Not a Cyclist,Paved Shoulder/Bicycle Lane/Parking Lane,Not a Cyclist,Not Applicable,Not a Cyclist,Not Applicable,Not Applicable,Not Applicable,8,Not Applicable,400,Walking/Running Along Roadway,0,Not a Cyclist,
6,61138,0,1,5,Pedestrian,47,Male,None Noted,None Noted,Unknown,410,Walking/Running Along Roadway With Traffic – From Behind,0,Not a Cyclist,Not At Intersection,Not a Cyclist,Paved Shoulder/Bicycle Lane/Parking Lane,Not a Cyclist,Not Applicable,Not a Cyclist,Not Applicable,Not Applicable,Not Applicable,8,Not Applicable,400,Walking/Running Along Roadway,0,Not a Cyclist,
6,60228,0,1,5,Pedestrian,17,Male,None Noted,None Noted,None Noted,410,Walking/Running Along Roadway With Traffic – From Behind,0,Not a Cyclist,Not At Intersection,Not a Cyclist,Paved Shoulder/Bicycle Lane/Parking Lane,Not a Cyclist,Not Applicable,Not a Cyclist,Not Applicable,Not Applicable,Not Applicable,8,Not Applicable,400,Walking/Running Along Roadway,0,Not a Cyclist,
6,60238,0,1,5,Pedestrian,41,Male,None Noted,None Noted,None Noted,410,Walking/Running Along Roadway With Traffic – From Behind,0,Not a Cyclist,Not At Intersection,Not a Cyclist,Paved Shoulder/Bicycle Lane/Parking Lane,Not a Cyclist,Not Applicable,Not a Cyclist,Not Applicable,Not Applicable,Not Applicable,8,Not Applicable,400,Walking/Running Along Roadway,0,Not a Cyclist,